image_path,class_name,lesion_score
/home/victor-e/maize-disease-detection/data/processed/Gray_Leaf_Spot/Mendeley_547maize_valid_leaf spot.JPG,Gray_Leaf_Spot,0.9063
/home/victor-e/maize-disease-detection/data/processed/Gray_Leaf_Spot/Mendeley_647maize_valid_leaf spot.JPG,Gray_Leaf_Spot,0.364
/home/victor-e/maize-disease-detection/data/processed/Gray_Leaf_Spot/Mendeley_1082maize_train_leaf spot.JPG,Gray_Leaf_Spot,0.8909
/home/victor-e/maize-disease-detection/data/processed/Gray_Leaf_Spot/Mendeley_2515maize_train_leaf spot.JPG,Gray_Leaf_Spot,0.1995
/home/victor-e/maize-disease-detection/data/processed/Gray_Leaf_Spot/Mendeley_111maize_train_leaf spot.JPG,Gray_Leaf_Spot,0.6335
/home/victor-e/maize-disease-detection/data/processed/Gray_Leaf_Spot/Mendeley_624maize_valid_leaf spot.JPG,Gray_Leaf_Spot,0.0843
/home/victor-e/maize-disease-detection/data/processed/Gray_Leaf_Spot/Mendeley_1465maize_train_leaf spot.JPG,Gray_Leaf_Spot,0.9552
/home/victor-e/maize-disease-detection/data/processed/Gray_Leaf_Spot/Mendeley_539maize_valid_leaf spot.JPG,Gray_Leaf_Spot,0.7787
/home/victor-e/maize-disease-detection/data/processed/Gray_Leaf_Spot/Mendeley_3713maize_train_leaf spot.JPG,Gray_Leaf_Spot,0.0002
/home/victor-e/maize-disease-detection/data/processed/Gray_Leaf_Spot/Mendeley_2866maize_train_leaf spot.JPG,Gray_Leaf_Spot,0.3491
/home/victor-e/maize-disease-detection/data/processed/Gray_Leaf_Spot/Mendeley_1890maize_train_leaf spot.JPG,Gray_Leaf_Spot,0.3981
/home/victor-e/maize-disease-detection/data/processed/Gray_Leaf_Spot/Mendeley_355maize_valid_leaf spot.JPG,Gray_Leaf_Spot,0.1508
/home/victor-e/maize-disease-detection/data/processed/Gray_Leaf_Spot/Mendeley_2087maize_train_leaf spot.JPG,Gray_Leaf_Spot,0.4276
/home/victor-e/maize-disease-detection/data/processed/Gray_Leaf_Spot/Mendeley_2852maize_train_leaf spot.JPG,Gray_Leaf_Spot,0.8157
/home/victor-e/maize-disease-detection/data/processed/Gray_Leaf_Spot/Mendeley_684maize_valid_leaf spot.JPG,Gray_Leaf_Spot,0.9496
/home/victor-e/maize-disease-detection/data/processed/Gray_Leaf_Spot/Mendeley_1102maize_train_leaf spot.JPG,Gray_Leaf_Spot,0.5043
/home/victor-e/maize-disease-detection/data/processed/Gray_Leaf_Spot/Mendeley_2102maize_train_leaf spot.JPG,Gray_Leaf_Spot,0.5106
/home/victor-e/maize-disease-detection/data/processed/Gray_Leaf_Spot/Mendeley_1309maize_train_leaf spot.JPG,Gray_Leaf_Spot,0.9787
/home/victor-e/maize-disease-detection/data/processed/Gray_Leaf_Spot/Mendeley_80maize_valid_leaf spot.JPG,Gray_Leaf_Spot,0.2522
/home/victor-e/maize-disease-detection/data/processed/Gray_Leaf_Spot/Mendeley_2518maize_train_leaf spot.JPG,Gray_Leaf_Spot,0.4853
/home/victor-e/maize-disease-detection/data/processed/Gray_Leaf_Spot/Mendeley_36maize_train_leaf spot.JPG,Gray_Leaf_Spot,0.5118
/home/victor-e/maize-disease-detection/data/processed/Gray_Leaf_Spot/Mendeley_678maize_valid_leaf spot.JPG,Gray_Leaf_Spot,0.4523
/home/victor-e/maize-disease-detection/data/processed/Gray_Leaf_Spot/Mendeley_200maize_valid_leaf spot.JPG,Gray_Leaf_Spot,0.8546
/home/victor-e/maize-disease-detection/data/processed/Gray_Leaf_Spot/Mendeley_1197maize_valid_leaf spot.JPG,Gray_Leaf_Spot,0.6569
/home/victor-e/maize-disease-detection/data/processed/Gray_Leaf_Spot/Mendeley_1088maize_train_leaf spot.JPG,Gray_Leaf_Spot,0.3896
/home/victor-e/maize-disease-detection/data/processed/Gray_Leaf_Spot/Mendeley_274maize_valid_leaf spot.JPG,Gray_Leaf_Spot,0.5733
/home/victor-e/maize-disease-detection/data/processed/Gray_Leaf_Spot/Mendeley_2620maize_train_leaf spot.JPG,Gray_Leaf_Spot,0.7878
/home/victor-e/maize-disease-detection/data/processed/Gray_Leaf_Spot/Mendeley_2395maize_train_leaf spot.JPG,Gray_Leaf_Spot,0.2118
/home/victor-e/maize-disease-detection/data/processed/Gray_Leaf_Spot/Mendeley_2861maize_train_leaf spot.JPG,Gray_Leaf_Spot,0.5159
/home/victor-e/maize-disease-detection/data/processed/Gray_Leaf_Spot/Mendeley_2494maize_train_leaf spot.JPG,Gray_Leaf_Spot,0.5028
/home/victor-e/maize-disease-detection/data/processed/Gray_Leaf_Spot/Mendeley_2825maize_train_leaf spot.JPG,Gray_Leaf_Spot,0.8784
/home/victor-e/maize-disease-detection/data/processed/Gray_Leaf_Spot/Mendeley_285maize_valid_leaf spot.JPG,Gray_Leaf_Spot,0.0427
/home/victor-e/maize-disease-detection/data/processed/Gray_Leaf_Spot/Mendeley_1021maize_valid_leaf spot.JPG,Gray_Leaf_Spot,0.6406
/home/victor-e/maize-disease-detection/data/processed/Gray_Leaf_Spot/Mendeley_1333maize_train_leaf spot.JPG,Gray_Leaf_Spot,0.9668
/home/victor-e/maize-disease-detection/data/processed/Gray_Leaf_Spot/Mendeley_2701maize_train_leaf spot.JPG,Gray_Leaf_Spot,0.1913
/home/victor-e/maize-disease-detection/data/processed/Gray_Leaf_Spot/Mendeley_6maize_valid_leaf spot.JPG,Gray_Leaf_Spot,0.5178
/home/victor-e/maize-disease-detection/data/processed/Gray_Leaf_Spot/Mendeley_2740maize_train_leaf spot.JPG,Gray_Leaf_Spot,0.3373
/home/victor-e/maize-disease-detection/data/processed/Gray_Leaf_Spot/Mendeley_970maize_valid_leaf spot.JPG,Gray_Leaf_Spot,0.554
/home/victor-e/maize-disease-detection/data/processed/Gray_Leaf_Spot/Mendeley_1196maize_train_leaf spot.JPG,Gray_Leaf_Spot,0.3574
/home/victor-e/maize-disease-detection/data/processed/Gray_Leaf_Spot/Mendeley_1194maize_train_leaf spot.JPG,Gray_Leaf_Spot,0.3292
/home/victor-e/maize-disease-detection/data/processed/Gray_Leaf_Spot/Mendeley_878maize_valid_leaf spot.JPG,Gray_Leaf_Spot,0.3785
/home/victor-e/maize-disease-detection/data/processed/Gray_Leaf_Spot/Mendeley_1245maize_valid_leaf spot.JPG,Gray_Leaf_Spot,0.8501
/home/victor-e/maize-disease-detection/data/processed/Gray_Leaf_Spot/Mendeley_1373maize_train_leaf spot.JPG,Gray_Leaf_Spot,0.7977
/home/victor-e/maize-disease-detection/data/processed/Gray_Leaf_Spot/Mendeley_1872maize_train_leaf spot.JPG,Gray_Leaf_Spot,0.5832
/home/victor-e/maize-disease-detection/data/processed/Gray_Leaf_Spot/Mendeley_30maize_train_leaf spot.JPG,Gray_Leaf_Spot,0.686
/home/victor-e/maize-disease-detection/data/processed/Gray_Leaf_Spot/Mendeley_1353maize_train_leaf spot.JPG,Gray_Leaf_Spot,0.378
/home/victor-e/maize-disease-detection/data/processed/Gray_Leaf_Spot/Mendeley_1167maize_valid_leaf spot.JPG,Gray_Leaf_Spot,0.2297
/home/victor-e/maize-disease-detection/data/processed/Gray_Leaf_Spot/Mendeley_2801maize_train_leaf spot.JPG,Gray_Leaf_Spot,0.0738
/home/victor-e/maize-disease-detection/data/processed/Gray_Leaf_Spot/Mendeley_162maize_valid_leaf spot.JPG,Gray_Leaf_Spot,0.47
/home/victor-e/maize-disease-detection/data/processed/Gray_Leaf_Spot/Mendeley_2127maize_train_leaf spot.JPG,Gray_Leaf_Spot,0.6003
/home/victor-e/maize-disease-detection/data/processed/Gray_Leaf_Spot/Mendeley_2147maize_train_leaf spot.JPG,Gray_Leaf_Spot,0.8174
/home/victor-e/maize-disease-detection/data/processed/Gray_Leaf_Spot/Mendeley_2137maize_train_leaf spot.JPG,Gray_Leaf_Spot,0.0866
/home/victor-e/maize-disease-detection/data/processed/Gray_Leaf_Spot/Mendeley_1006maize_valid_leaf spot.JPG,Gray_Leaf_Spot,0.8788
/home/victor-e/maize-disease-detection/data/processed/Gray_Leaf_Spot/Mendeley_2128maize_train_leaf spot.JPG,Gray_Leaf_Spot,0.6196
/home/victor-e/maize-disease-detection/data/processed/Gray_Leaf_Spot/Mendeley_295maize_train_leaf spot.JPG,Gray_Leaf_Spot,0.0795
/home/victor-e/maize-disease-detection/data/processed/Gray_Leaf_Spot/Mendeley_1024maize_valid_leaf spot.JPG,Gray_Leaf_Spot,0.3483
/home/victor-e/maize-disease-detection/data/processed/Gray_Leaf_Spot/Mendeley_1442maize_train_leaf spot.JPG,Gray_Leaf_Spot,0.8369
/home/victor-e/maize-disease-detection/data/processed/Gray_Leaf_Spot/Mendeley_239maize_valid_leaf spot.JPG,Gray_Leaf_Spot,0.7996
/home/victor-e/maize-disease-detection/data/processed/Gray_Leaf_Spot/Mendeley_2564maize_train_leaf spot.JPG,Gray_Leaf_Spot,0.4647
/home/victor-e/maize-disease-detection/data/processed/Gray_Leaf_Spot/Mendeley_252maize_valid_leaf spot.JPG,Gray_Leaf_Spot,0.6484
/home/victor-e/maize-disease-detection/data/processed/Gray_Leaf_Spot/Mendeley_310maize_train_leaf spot.JPG,Gray_Leaf_Spot,0.1217
/home/victor-e/maize-disease-detection/data/processed/Gray_Leaf_Spot/Mendeley_2525maize_train_leaf spot.JPG,Gray_Leaf_Spot,0.1381
/home/victor-e/maize-disease-detection/data/processed/Gray_Leaf_Spot/Mendeley_1050maize_train_leaf spot.JPG,Gray_Leaf_Spot,0.4382
/home/victor-e/maize-disease-detection/data/processed/Gray_Leaf_Spot/Mendeley_230maize_train_leaf spot.JPG,Gray_Leaf_Spot,0.145
/home/victor-e/maize-disease-detection/data/processed/Gray_Leaf_Spot/Mendeley_1087maize_valid_leaf spot.JPG,Gray_Leaf_Spot,0.9414
/home/victor-e/maize-disease-detection/data/processed/Gray_Leaf_Spot/Mendeley_135maize_train_leaf spot.JPG,Gray_Leaf_Spot,0.076
/home/victor-e/maize-disease-detection/data/processed/Gray_Leaf_Spot/Mendeley_1470maize_train_leaf spot.JPG,Gray_Leaf_Spot,0.8213
/home/victor-e/maize-disease-detection/data/processed/Gray_Leaf_Spot/Mendeley_357maize_train_leaf spot.JPG,Gray_Leaf_Spot,0.2431
/home/victor-e/maize-disease-detection/data/processed/Gray_Leaf_Spot/Mendeley_917maize_valid_leaf spot.JPG,Gray_Leaf_Spot,0.1223
/home/victor-e/maize-disease-detection/data/processed/Gray_Leaf_Spot/Mendeley_1234maize_train_leaf spot.JPG,Gray_Leaf_Spot,0.6158
/home/victor-e/maize-disease-detection/data/processed/Gray_Leaf_Spot/Mendeley_2235maize_train_leaf spot.JPG,Gray_Leaf_Spot,0.3108
/home/victor-e/maize-disease-detection/data/processed/Gray_Leaf_Spot/Mendeley_117maize_valid_leaf spot.JPG,Gray_Leaf_Spot,0.6977
/home/victor-e/maize-disease-detection/data/processed/Gray_Leaf_Spot/Mendeley_1728maize_train_leaf spot.JPG,Gray_Leaf_Spot,0.3605
/home/victor-e/maize-disease-detection/data/processed/Gray_Leaf_Spot/Mendeley_444maize_valid_leaf spot.JPG,Gray_Leaf_Spot,0.2763
/home/victor-e/maize-disease-detection/data/processed/Gray_Leaf_Spot/Mendeley_616maize_valid_leaf spot.JPG,Gray_Leaf_Spot,0.1839
/home/victor-e/maize-disease-detection/data/processed/Gray_Leaf_Spot/Mendeley_264maize_train_leaf spot.JPG,Gray_Leaf_Spot,0.2202
/home/victor-e/maize-disease-detection/data/processed/Gray_Leaf_Spot/Mendeley_657maize_valid_leaf spot.JPG,Gray_Leaf_Spot,0.9588
/home/victor-e/maize-disease-detection/data/processed/Gray_Leaf_Spot/Mendeley_2288maize_train_leaf spot.JPG,Gray_Leaf_Spot,0.1224
/home/victor-e/maize-disease-detection/data/processed/Gray_Leaf_Spot/Mendeley_1133maize_train_leaf spot.JPG,Gray_Leaf_Spot,0.1392
/home/victor-e/maize-disease-detection/data/processed/Gray_Leaf_Spot/Mendeley_1216maize_train_leaf spot.JPG,Gray_Leaf_Spot,0.5784
/home/victor-e/maize-disease-detection/data/processed/Gray_Leaf_Spot/Mendeley_2311maize_train_leaf spot.JPG,Gray_Leaf_Spot,0.3004
/home/victor-e/maize-disease-detection/data/processed/Gray_Leaf_Spot/Mendeley_310maize_valid_leaf spot.JPG,Gray_Leaf_Spot,0.1911
/home/victor-e/maize-disease-detection/data/processed/Gray_Leaf_Spot/Mendeley_97maize_valid_leaf spot.JPG,Gray_Leaf_Spot,0.0574
/home/victor-e/maize-disease-detection/data/processed/Gray_Leaf_Spot/Mendeley_456maize_valid_leaf spot.JPG,Gray_Leaf_Spot,0.9365
/home/victor-e/maize-disease-detection/data/processed/Gray_Leaf_Spot/Mendeley_2731maize_train_leaf spot.JPG,Gray_Leaf_Spot,0.8469
/home/victor-e/maize-disease-detection/data/processed/Gray_Leaf_Spot/Mendeley_1051maize_train_leaf spot.JPG,Gray_Leaf_Spot,0.405
/home/victor-e/maize-disease-detection/data/processed/Gray_Leaf_Spot/Mendeley_995maize_valid_leaf spot.JPG,Gray_Leaf_Spot,0.1695
/home/victor-e/maize-disease-detection/data/processed/Gray_Leaf_Spot/Mendeley_1560maize_train_leaf spot.JPG,Gray_Leaf_Spot,0.3423
/home/victor-e/maize-disease-detection/data/processed/Gray_Leaf_Spot/Mendeley_1718maize_train_leaf spot.JPG,Gray_Leaf_Spot,0.4556
/home/victor-e/maize-disease-detection/data/processed/Gray_Leaf_Spot/Mendeley_137maize_valid_leaf spot.JPG,Gray_Leaf_Spot,0.0545
/home/victor-e/maize-disease-detection/data/processed/Gray_Leaf_Spot/Mendeley_1432maize_train_leaf spot.JPG,Gray_Leaf_Spot,0.9561
/home/victor-e/maize-disease-detection/data/processed/Gray_Leaf_Spot/Mendeley_130maize_train_leaf spot.JPG,Gray_Leaf_Spot,0.3767
/home/victor-e/maize-disease-detection/data/processed/Gray_Leaf_Spot/Mendeley_2870maize_train_leaf spot.JPG,Gray_Leaf_Spot,0.6849
/home/victor-e/maize-disease-detection/data/processed/Gray_Leaf_Spot/Mendeley_1830maize_train_leaf spot.JPG,Gray_Leaf_Spot,0.5816
/home/victor-e/maize-disease-detection/data/processed/Gray_Leaf_Spot/Mendeley_499maize_valid_leaf spot.JPG,Gray_Leaf_Spot,0.7602
/home/victor-e/maize-disease-detection/data/processed/Gray_Leaf_Spot/Mendeley_87maize_valid_leaf spot.JPG,Gray_Leaf_Spot,0.6465
/home/victor-e/maize-disease-detection/data/processed/Gray_Leaf_Spot/Mendeley_1026maize_valid_leaf spot.JPG,Gray_Leaf_Spot,0.062
/home/victor-e/maize-disease-detection/data/processed/Gray_Leaf_Spot/Mendeley_1241maize_valid_leaf spot.JPG,Gray_Leaf_Spot,0.5873
/home/victor-e/maize-disease-detection/data/processed/Gray_Leaf_Spot/Mendeley_2188maize_train_leaf spot.JPG,Gray_Leaf_Spot,0.3774
/home/victor-e/maize-disease-detection/data/processed/Gray_Leaf_Spot/Mendeley_2791maize_train_leaf spot.JPG,Gray_Leaf_Spot,0.5922
/home/victor-e/maize-disease-detection/data/processed/Gray_Leaf_Spot/Mendeley_896maize_valid_leaf spot.JPG,Gray_Leaf_Spot,0.3373
/home/victor-e/maize-disease-detection/data/processed/Gray_Leaf_Spot/Mendeley_2542maize_train_leaf spot.JPG,Gray_Leaf_Spot,0.6217
/home/victor-e/maize-disease-detection/data/processed/Gray_Leaf_Spot/Mendeley_330maize_valid_leaf spot.JPG,Gray_Leaf_Spot,0.9892
/home/victor-e/maize-disease-detection/data/processed/Gray_Leaf_Spot/Mendeley_411maize_valid_leaf spot.JPG,Gray_Leaf_Spot,0.2933
/home/victor-e/maize-disease-detection/data/processed/Gray_Leaf_Spot/Mendeley_1171maize_train_leaf spot.JPG,Gray_Leaf_Spot,0.6149
/home/victor-e/maize-disease-detection/data/processed/Gray_Leaf_Spot/Mendeley_1840maize_train_leaf spot.JPG,Gray_Leaf_Spot,0.2572
/home/victor-e/maize-disease-detection/data/processed/Gray_Leaf_Spot/Mendeley_1730maize_train_leaf spot.JPG,Gray_Leaf_Spot,0.4471
/home/victor-e/maize-disease-detection/data/processed/Gray_Leaf_Spot/Mendeley_1106maize_train_leaf spot.JPG,Gray_Leaf_Spot,0.5963
/home/victor-e/maize-disease-detection/data/processed/Gray_Leaf_Spot/Mendeley_2693maize_train_leaf spot.JPG,Gray_Leaf_Spot,0.2453
/home/victor-e/maize-disease-detection/data/processed/Gray_Leaf_Spot/Mendeley_849maize_valid_leaf spot.JPG,Gray_Leaf_Spot,0.0586
/home/victor-e/maize-disease-detection/data/processed/Gray_Leaf_Spot/Mendeley_1612maize_train_leaf spot.JPG,Gray_Leaf_Spot,0.2575
/home/victor-e/maize-disease-detection/data/processed/Gray_Leaf_Spot/Mendeley_2239maize_train_leaf spot.JPG,Gray_Leaf_Spot,0.2954
/home/victor-e/maize-disease-detection/data/processed/Gray_Leaf_Spot/Mendeley_137maize_train_leaf spot.JPG,Gray_Leaf_Spot,0.1132
/home/victor-e/maize-disease-detection/data/processed/Gray_Leaf_Spot/Mendeley_793maize_valid_leaf spot.JPG,Gray_Leaf_Spot,0.2721
/home/victor-e/maize-disease-detection/data/processed/Gray_Leaf_Spot/Mendeley_272maize_valid_leaf spot.JPG,Gray_Leaf_Spot,0.9727
/home/victor-e/maize-disease-detection/data/processed/Gray_Leaf_Spot/Mendeley_1668maize_train_leaf spot.JPG,Gray_Leaf_Spot,0.0845
/home/victor-e/maize-disease-detection/data/processed/Gray_Leaf_Spot/Mendeley_2133maize_train_leaf spot.JPG,Gray_Leaf_Spot,0.5016
/home/victor-e/maize-disease-detection/data/processed/Gray_Leaf_Spot/Mendeley_1249maize_train_leaf spot.JPG,Gray_Leaf_Spot,0.9382
/home/victor-e/maize-disease-detection/data/processed/Gray_Leaf_Spot/Mendeley_1358maize_train_leaf spot.JPG,Gray_Leaf_Spot,0.3039
/home/victor-e/maize-disease-detection/data/processed/Gray_Leaf_Spot/Mendeley_1252maize_valid_leaf spot.JPG,Gray_Leaf_Spot,0.8027
/home/victor-e/maize-disease-detection/data/processed/Gray_Leaf_Spot/Mendeley_448maize_valid_leaf spot.JPG,Gray_Leaf_Spot,0.6829
/home/victor-e/maize-disease-detection/data/processed/Gray_Leaf_Spot/Mendeley_1048maize_train_leaf spot.JPG,Gray_Leaf_Spot,0.4282
/home/victor-e/maize-disease-detection/data/processed/Gray_Leaf_Spot/Mendeley_159maize_valid_leaf spot.JPG,Gray_Leaf_Spot,0.9293
/home/victor-e/maize-disease-detection/data/processed/Gray_Leaf_Spot/Mendeley_22maize_valid_leaf spot.JPG,Gray_Leaf_Spot,0.2525
/home/victor-e/maize-disease-detection/data/processed/Gray_Leaf_Spot/Mendeley_2010maize_train_leaf spot.JPG,Gray_Leaf_Spot,0.577
/home/victor-e/maize-disease-detection/data/processed/Gray_Leaf_Spot/Mendeley_513maize_valid_leaf spot.JPG,Gray_Leaf_Spot,0.8324
/home/victor-e/maize-disease-detection/data/processed/Gray_Leaf_Spot/Mendeley_1248maize_valid_leaf spot.JPG,Gray_Leaf_Spot,0.331
/home/victor-e/maize-disease-detection/data/processed/Gray_Leaf_Spot/Mendeley_1361maize_train_leaf spot.JPG,Gray_Leaf_Spot,0.5735
/home/victor-e/maize-disease-detection/data/processed/Gray_Leaf_Spot/Mendeley_854maize_valid_leaf spot.JPG,Gray_Leaf_Spot,0.7029
/home/victor-e/maize-disease-detection/data/processed/Gray_Leaf_Spot/Mendeley_2823maize_train_leaf spot.JPG,Gray_Leaf_Spot,0.2833
/home/victor-e/maize-disease-detection/data/processed/Gray_Leaf_Spot/Mendeley_2867maize_train_leaf spot.JPG,Gray_Leaf_Spot,0.2719
/home/victor-e/maize-disease-detection/data/processed/Gray_Leaf_Spot/Mendeley_1387maize_train_leaf spot.JPG,Gray_Leaf_Spot,0.9104
/home/victor-e/maize-disease-detection/data/processed/Gray_Leaf_Spot/Mendeley_276maize_valid_leaf spot.JPG,Gray_Leaf_Spot,0.7922
/home/victor-e/maize-disease-detection/data/processed/Gray_Leaf_Spot/Mendeley_2376maize_train_leaf spot.JPG,Gray_Leaf_Spot,0.3438
/home/victor-e/maize-disease-detection/data/processed/Gray_Leaf_Spot/Mendeley_2812maize_train_leaf spot.JPG,Gray_Leaf_Spot,0.4263
/home/victor-e/maize-disease-detection/data/processed/Gray_Leaf_Spot/Mendeley_315maize_train_leaf spot.JPG,Gray_Leaf_Spot,0.2331
/home/victor-e/maize-disease-detection/data/processed/Gray_Leaf_Spot/Mendeley_1816maize_train_leaf spot.JPG,Gray_Leaf_Spot,0.4712
/home/victor-e/maize-disease-detection/data/processed/Gray_Leaf_Spot/Mendeley_2218maize_train_leaf spot.JPG,Gray_Leaf_Spot,0.2544
/home/victor-e/maize-disease-detection/data/processed/Gray_Leaf_Spot/Mendeley_384maize_valid_leaf spot.JPG,Gray_Leaf_Spot,0.9858
/home/victor-e/maize-disease-detection/data/processed/Gray_Leaf_Spot/Mendeley_2707maize_train_leaf spot.JPG,Gray_Leaf_Spot,0.9339
/home/victor-e/maize-disease-detection/data/processed/Gray_Leaf_Spot/Mendeley_1162maize_valid_leaf spot.JPG,Gray_Leaf_Spot,0.127
/home/victor-e/maize-disease-detection/data/processed/Gray_Leaf_Spot/Mendeley_732maize_valid_leaf spot.JPG,Gray_Leaf_Spot,0.5599
/home/victor-e/maize-disease-detection/data/processed/Gray_Leaf_Spot/Mendeley_1018maize_train_leaf spot.JPG,Gray_Leaf_Spot,0.8431
/home/victor-e/maize-disease-detection/data/processed/Gray_Leaf_Spot/Mendeley_1042maize_train_leaf spot.JPG,Gray_Leaf_Spot,0.7673
/home/victor-e/maize-disease-detection/data/processed/Gray_Leaf_Spot/Mendeley_2426maize_train_leaf spot.JPG,Gray_Leaf_Spot,0.1379
/home/victor-e/maize-disease-detection/data/processed/Gray_Leaf_Spot/Mendeley_2460maize_train_leaf spot.JPG,Gray_Leaf_Spot,0.4654
/home/victor-e/maize-disease-detection/data/processed/Gray_Leaf_Spot/Mendeley_2581maize_train_leaf spot.JPG,Gray_Leaf_Spot,0.4672
/home/victor-e/maize-disease-detection/data/processed/Gray_Leaf_Spot/Mendeley_645maize_valid_leaf spot.JPG,Gray_Leaf_Spot,0.4182
/home/victor-e/maize-disease-detection/data/processed/Gray_Leaf_Spot/Mendeley_256maize_train_leaf spot.JPG,Gray_Leaf_Spot,0.1414
/home/victor-e/maize-disease-detection/data/processed/Gray_Leaf_Spot/Mendeley_1768maize_train_leaf spot.JPG,Gray_Leaf_Spot,0.3176
/home/victor-e/maize-disease-detection/data/processed/Gray_Leaf_Spot/Mendeley_3708maize_train_leaf spot.JPG,Gray_Leaf_Spot,0.5391
/home/victor-e/maize-disease-detection/data/processed/Gray_Leaf_Spot/Mendeley_583maize_valid_leaf spot.JPG,Gray_Leaf_Spot,0.2677
/home/victor-e/maize-disease-detection/data/processed/Gray_Leaf_Spot/Mendeley_1008maize_valid_leaf spot.JPG,Gray_Leaf_Spot,0.5579
/home/victor-e/maize-disease-detection/data/processed/Gray_Leaf_Spot/Mendeley_2776maize_train_leaf spot.JPG,Gray_Leaf_Spot,0.5381
/home/victor-e/maize-disease-detection/data/processed/Gray_Leaf_Spot/Mendeley_639maize_valid_leaf spot.JPG,Gray_Leaf_Spot,0.4604
/home/victor-e/maize-disease-detection/data/processed/Gray_Leaf_Spot/Mendeley_145maize_train_leaf spot.JPG,Gray_Leaf_Spot,0.138
/home/victor-e/maize-disease-detection/data/processed/Gray_Leaf_Spot/Mendeley_182maize_train_leaf spot.JPG,Gray_Leaf_Spot,0.1993
/home/victor-e/maize-disease-detection/data/processed/Gray_Leaf_Spot/Mendeley_1337maize_train_leaf spot.JPG,Gray_Leaf_Spot,0.9815
/home/victor-e/maize-disease-detection/data/processed/Gray_Leaf_Spot/Mendeley_2663maize_train_leaf spot.JPG,Gray_Leaf_Spot,0.3965
/home/victor-e/maize-disease-detection/data/processed/Gray_Leaf_Spot/Mendeley_524maize_valid_leaf spot.JPG,Gray_Leaf_Spot,0.9554
/home/victor-e/maize-disease-detection/data/processed/Gray_Leaf_Spot/Mendeley_565maize_valid_leaf spot.JPG,Gray_Leaf_Spot,0.8534
/home/victor-e/maize-disease-detection/data/processed/Gray_Leaf_Spot/Mendeley_2301maize_train_leaf spot.JPG,Gray_Leaf_Spot,0.7221
/home/victor-e/maize-disease-detection/data/processed/Gray_Leaf_Spot/Mendeley_1933maize_train_leaf spot.JPG,Gray_Leaf_Spot,0.1011
/home/victor-e/maize-disease-detection/data/processed/Gray_Leaf_Spot/Mendeley_864maize_valid_leaf spot.JPG,Gray_Leaf_Spot,0.5316
/home/victor-e/maize-disease-detection/data/processed/Gray_Leaf_Spot/Mendeley_2896maize_train_leaf spot.JPG,Gray_Leaf_Spot,0.85
/home/victor-e/maize-disease-detection/data/processed/Gray_Leaf_Spot/Mendeley_318maize_valid_leaf spot.JPG,Gray_Leaf_Spot,0.26
/home/victor-e/maize-disease-detection/data/processed/Gray_Leaf_Spot/Mendeley_1165maize_train_leaf spot.JPG,Gray_Leaf_Spot,0.6855
/home/victor-e/maize-disease-detection/data/processed/Gray_Leaf_Spot/Mendeley_2367maize_train_leaf spot.JPG,Gray_Leaf_Spot,0.382
/home/victor-e/maize-disease-detection/data/processed/Gray_Leaf_Spot/Mendeley_2676maize_train_leaf spot.JPG,Gray_Leaf_Spot,0.6464
/home/victor-e/maize-disease-detection/data/processed/Gray_Leaf_Spot/Mendeley_2577maize_train_leaf spot.JPG,Gray_Leaf_Spot,0.1426
/home/victor-e/maize-disease-detection/data/processed/Gray_Leaf_Spot/Mendeley_475maize_valid_leaf spot.JPG,Gray_Leaf_Spot,0.8853
/home/victor-e/maize-disease-detection/data/processed/Gray_Leaf_Spot/Mendeley_2432maize_train_leaf spot.JPG,Gray_Leaf_Spot,0.8948
/home/victor-e/maize-disease-detection/data/processed/Gray_Leaf_Spot/Mendeley_458maize_valid_leaf spot.JPG,Gray_Leaf_Spot,0.7048
/home/victor-e/maize-disease-detection/data/processed/Gray_Leaf_Spot/Mendeley_139maize_train_leaf spot.JPG,Gray_Leaf_Spot,0.2246
/home/victor-e/maize-disease-detection/data/processed/Gray_Leaf_Spot/Mendeley_244maize_valid_leaf spot.JPG,Gray_Leaf_Spot,0.7636
/home/victor-e/maize-disease-detection/data/processed/Gray_Leaf_Spot/Mendeley_1117maize_valid_leaf spot.JPG,Gray_Leaf_Spot,0.4192
/home/victor-e/maize-disease-detection/data/processed/Gray_Leaf_Spot/Mendeley_354maize_valid_leaf spot.JPG,Gray_Leaf_Spot,0.6198
/home/victor-e/maize-disease-detection/data/processed/Gray_Leaf_Spot/Mendeley_1094maize_valid_leaf spot.JPG,Gray_Leaf_Spot,0.3878
/home/victor-e/maize-disease-detection/data/processed/Gray_Leaf_Spot/Mendeley_1794maize_train_leaf spot.JPG,Gray_Leaf_Spot,0.6152
/home/victor-e/maize-disease-detection/data/processed/Gray_Leaf_Spot/Mendeley_658maize_valid_leaf spot.JPG,Gray_Leaf_Spot,0.5401
/home/victor-e/maize-disease-detection/data/processed/Gray_Leaf_Spot/Mendeley_2083maize_train_leaf spot.JPG,Gray_Leaf_Spot,0.9163
/home/victor-e/maize-disease-detection/data/processed/Gray_Leaf_Spot/Mendeley_106maize_valid_leaf spot.JPG,Gray_Leaf_Spot,0.405
/home/victor-e/maize-disease-detection/data/processed/Gray_Leaf_Spot/Mendeley_937maize_valid_leaf spot.JPG,Gray_Leaf_Spot,0.4813
/home/victor-e/maize-disease-detection/data/processed/Gray_Leaf_Spot/Mendeley_1938maize_train_leaf spot.JPG,Gray_Leaf_Spot,0.177
/home/victor-e/maize-disease-detection/data/processed/Gray_Leaf_Spot/Mendeley_1363maize_train_leaf spot.JPG,Gray_Leaf_Spot,0.3703
/home/victor-e/maize-disease-detection/data/processed/Gray_Leaf_Spot/Mendeley_2504maize_train_leaf spot.JPG,Gray_Leaf_Spot,0.539
/home/victor-e/maize-disease-detection/data/processed/Gray_Leaf_Spot/Mendeley_83maize_valid_leaf spot.JPG,Gray_Leaf_Spot,0.0516
/home/victor-e/maize-disease-detection/data/processed/Gray_Leaf_Spot/Mendeley_2862maize_train_leaf spot.JPG,Gray_Leaf_Spot,0.4738
/home/victor-e/maize-disease-detection/data/processed/Gray_Leaf_Spot/Mendeley_1409maize_train_leaf spot.JPG,Gray_Leaf_Spot,0.2726
/home/victor-e/maize-disease-detection/data/processed/Gray_Leaf_Spot/Mendeley_1314maize_train_leaf spot.JPG,Gray_Leaf_Spot,0.4283
/home/victor-e/maize-disease-detection/data/processed/Gray_Leaf_Spot/Mendeley_203maize_valid_leaf spot.JPG,Gray_Leaf_Spot,0.465
/home/victor-e/maize-disease-detection/data/processed/Gray_Leaf_Spot/Mendeley_1414maize_train_leaf spot.JPG,Gray_Leaf_Spot,0.7919
/home/victor-e/maize-disease-detection/data/processed/Gray_Leaf_Spot/Mendeley_2749maize_train_leaf spot.JPG,Gray_Leaf_Spot,0.4451
/home/victor-e/maize-disease-detection/data/processed/Gray_Leaf_Spot/Mendeley_2854maize_train_leaf spot.JPG,Gray_Leaf_Spot,0.8189
/home/victor-e/maize-disease-detection/data/processed/Gray_Leaf_Spot/Mendeley_912maize_valid_leaf spot.JPG,Gray_Leaf_Spot,0.3227
/home/victor-e/maize-disease-detection/data/processed/Gray_Leaf_Spot/Mendeley_1079maize_train_leaf spot.JPG,Gray_Leaf_Spot,0.889
/home/victor-e/maize-disease-detection/data/processed/Gray_Leaf_Spot/Mendeley_2508maize_train_leaf spot.JPG,Gray_Leaf_Spot,0.402
/home/victor-e/maize-disease-detection/data/processed/Gray_Leaf_Spot/Mendeley_2153maize_train_leaf spot.JPG,Gray_Leaf_Spot,0.3938
/home/victor-e/maize-disease-detection/data/processed/Gray_Leaf_Spot/Mendeley_1215maize_train_leaf spot.JPG,Gray_Leaf_Spot,0.5555
/home/victor-e/maize-disease-detection/data/processed/Gray_Leaf_Spot/Mendeley_319maize_valid_leaf spot.JPG,Gray_Leaf_Spot,0.2502
/home/victor-e/maize-disease-detection/data/processed/Gray_Leaf_Spot/Mendeley_2506maize_train_leaf spot.JPG,Gray_Leaf_Spot,0.5212
/home/victor-e/maize-disease-detection/data/processed/Gray_Leaf_Spot/Mendeley_699maize_valid_leaf spot.JPG,Gray_Leaf_Spot,0.5984
/home/victor-e/maize-disease-detection/data/processed/Gray_Leaf_Spot/Mendeley_2089maize_train_leaf spot.JPG,Gray_Leaf_Spot,0.338
/home/victor-e/maize-disease-detection/data/processed/Gray_Leaf_Spot/Mendeley_1769maize_train_leaf spot.JPG,Gray_Leaf_Spot,0.2618
/home/victor-e/maize-disease-detection/data/processed/Gray_Leaf_Spot/Mendeley_204maize_valid_leaf spot.JPG,Gray_Leaf_Spot,0.1579
/home/victor-e/maize-disease-detection/data/processed/Gray_Leaf_Spot/Mendeley_4maize_valid_leaf spot.JPG,Gray_Leaf_Spot,0.2204
/home/victor-e/maize-disease-detection/data/processed/Gray_Leaf_Spot/Mendeley_309maize_train_leaf spot.JPG,Gray_Leaf_Spot,0.0545
/home/victor-e/maize-disease-detection/data/processed/Gray_Leaf_Spot/Mendeley_269maize_valid_leaf spot.JPG,Gray_Leaf_Spot,0.5621
/home/victor-e/maize-disease-detection/data/processed/Gray_Leaf_Spot/Mendeley_1918maize_train_leaf spot.JPG,Gray_Leaf_Spot,0.5738
/home/victor-e/maize-disease-detection/data/processed/Gray_Leaf_Spot/Mendeley_602maize_valid_leaf spot.JPG,Gray_Leaf_Spot,0.3301
/home/victor-e/maize-disease-detection/data/processed/Gray_Leaf_Spot/Mendeley_1934maize_train_leaf spot.JPG,Gray_Leaf_Spot,0.2868
/home/victor-e/maize-disease-detection/data/processed/Gray_Leaf_Spot/Mendeley_833maize_valid_leaf spot.JPG,Gray_Leaf_Spot,0.9867
/home/victor-e/maize-disease-detection/data/processed/Gray_Leaf_Spot/Mendeley_2185maize_train_leaf spot.JPG,Gray_Leaf_Spot,0.5978
/home/victor-e/maize-disease-detection/data/processed/Gray_Leaf_Spot/Mendeley_247maize_valid_leaf spot.JPG,Gray_Leaf_Spot,0.535
/home/victor-e/maize-disease-detection/data/processed/Gray_Leaf_Spot/Mendeley_349maize_train_leaf spot.JPG,Gray_Leaf_Spot,0.7868
/home/victor-e/maize-disease-detection/data/processed/Gray_Leaf_Spot/Mendeley_2477maize_train_leaf spot.JPG,Gray_Leaf_Spot,0.9668
/home/victor-e/maize-disease-detection/data/processed/Gray_Leaf_Spot/Mendeley_669maize_valid_leaf spot.JPG,Gray_Leaf_Spot,0.4526
/home/victor-e/maize-disease-detection/data/processed/Gray_Leaf_Spot/Mendeley_276maize_train_leaf spot.JPG,Gray_Leaf_Spot,0.2705
/home/victor-e/maize-disease-detection/data/processed/Gray_Leaf_Spot/Mendeley_219maize_train_leaf spot.JPG,Gray_Leaf_Spot,0.102
/home/victor-e/maize-disease-detection/data/processed/Gray_Leaf_Spot/Mendeley_2183maize_train_leaf spot.JPG,Gray_Leaf_Spot,0.5763
/home/victor-e/maize-disease-detection/data/processed/Gray_Leaf_Spot/Mendeley_1066maize_train_leaf spot.JPG,Gray_Leaf_Spot,0.7121
/home/victor-e/maize-disease-detection/data/processed/Gray_Leaf_Spot/Mendeley_1116maize_valid_leaf spot.JPG,Gray_Leaf_Spot,0.3677
/home/victor-e/maize-disease-detection/data/processed/Gray_Leaf_Spot/Mendeley_265maize_train_leaf spot.JPG,Gray_Leaf_Spot,0.2129
/home/victor-e/maize-disease-detection/data/processed/Gray_Leaf_Spot/Mendeley_1009maize_train_leaf spot.JPG,Gray_Leaf_Spot,0.4389
/home/victor-e/maize-disease-detection/data/processed/Gray_Leaf_Spot/Mendeley_736maize_valid_leaf spot.JPG,Gray_Leaf_Spot,0.4504
/home/victor-e/maize-disease-detection/data/processed/Gray_Leaf_Spot/Mendeley_2226maize_train_leaf spot.JPG,Gray_Leaf_Spot,0.8866
/home/victor-e/maize-disease-detection/data/processed/Gray_Leaf_Spot/Mendeley_1761maize_train_leaf spot.JPG,Gray_Leaf_Spot,0.5082
/home/victor-e/maize-disease-detection/data/processed/Gray_Leaf_Spot/Mendeley_581maize_valid_leaf spot.JPG,Gray_Leaf_Spot,0.3788
/home/victor-e/maize-disease-detection/data/processed/Gray_Leaf_Spot/Mendeley_2690maize_train_leaf spot.JPG,Gray_Leaf_Spot,0.3497
/home/victor-e/maize-disease-detection/data/processed/Gray_Leaf_Spot/Mendeley_1492maize_train_leaf spot.JPG,Gray_Leaf_Spot,0.1527
/home/victor-e/maize-disease-detection/data/processed/Gray_Leaf_Spot/Mendeley_2366maize_train_leaf spot.JPG,Gray_Leaf_Spot,0.4051
/home/victor-e/maize-disease-detection/data/processed/Gray_Leaf_Spot/Mendeley_103maize_train_leaf spot.JPG,Gray_Leaf_Spot,0.6549
/home/victor-e/maize-disease-detection/data/processed/Gray_Leaf_Spot/Mendeley_814maize_valid_leaf spot.JPG,Gray_Leaf_Spot,0.4071
/home/victor-e/maize-disease-detection/data/processed/Gray_Leaf_Spot/Mendeley_2691maize_train_leaf spot.JPG,Gray_Leaf_Spot,0.2356
/home/victor-e/maize-disease-detection/data/processed/Gray_Leaf_Spot/Mendeley_205maize_train_leaf spot.JPG,Gray_Leaf_Spot,0.0456
/home/victor-e/maize-disease-detection/data/processed/Gray_Leaf_Spot/Mendeley_2196maize_train_leaf spot.JPG,Gray_Leaf_Spot,0.1295
/home/victor-e/maize-disease-detection/data/processed/Gray_Leaf_Spot/Mendeley_875maize_valid_leaf spot.JPG,Gray_Leaf_Spot,0.9147
/home/victor-e/maize-disease-detection/data/processed/Gray_Leaf_Spot/Mendeley_1775maize_train_leaf spot.JPG,Gray_Leaf_Spot,0.1175
/home/victor-e/maize-disease-detection/data/processed/Gray_Leaf_Spot/Mendeley_179maize_valid_leaf spot.JPG,Gray_Leaf_Spot,0.3603
/home/victor-e/maize-disease-detection/data/processed/Gray_Leaf_Spot/Mendeley_1966maize_train_leaf spot.JPG,Gray_Leaf_Spot,0.5528
/home/victor-e/maize-disease-detection/data/processed/Gray_Leaf_Spot/Mendeley_773maize_valid_leaf spot.JPG,Gray_Leaf_Spot,0.1092
/home/victor-e/maize-disease-detection/data/processed/Gray_Leaf_Spot/Mendeley_1572maize_train_leaf spot.JPG,Gray_Leaf_Spot,0.5292
/home/victor-e/maize-disease-detection/data/processed/Gray_Leaf_Spot/Mendeley_1089maize_valid_leaf spot.JPG,Gray_Leaf_Spot,0.3754
/home/victor-e/maize-disease-detection/data/processed/Gray_Leaf_Spot/Mendeley_564maize_valid_leaf spot.JPG,Gray_Leaf_Spot,0.8625
/home/victor-e/maize-disease-detection/data/processed/Gray_Leaf_Spot/Mendeley_390maize_valid_leaf spot.JPG,Gray_Leaf_Spot,0.3704
/home/victor-e/maize-disease-detection/data/processed/Gray_Leaf_Spot/Mendeley_2045maize_train_leaf spot.JPG,Gray_Leaf_Spot,0.2433
/home/victor-e/maize-disease-detection/data/processed/Gray_Leaf_Spot/Mendeley_2430maize_train_leaf spot.JPG,Gray_Leaf_Spot,0.3724
/home/victor-e/maize-disease-detection/data/processed/Gray_Leaf_Spot/Mendeley_1717maize_train_leaf spot.JPG,Gray_Leaf_Spot,0.3155
/home/victor-e/maize-disease-detection/data/processed/Gray_Leaf_Spot/Mendeley_336maize_train_leaf spot.JPG,Gray_Leaf_Spot,0.259
/home/victor-e/maize-disease-detection/data/processed/Gray_Leaf_Spot/Mendeley_2177maize_train_leaf spot.JPG,Gray_Leaf_Spot,0.8513
/home/victor-e/maize-disease-detection/data/processed/Gray_Leaf_Spot/Mendeley_584maize_valid_leaf spot.JPG,Gray_Leaf_Spot,0.5149
/home/victor-e/maize-disease-detection/data/processed/Gray_Leaf_Spot/Mendeley_2774maize_train_leaf spot.JPG,Gray_Leaf_Spot,0.4694
/home/victor-e/maize-disease-detection/data/processed/Gray_Leaf_Spot/Mendeley_1725maize_train_leaf spot.JPG,Gray_Leaf_Spot,0.0526
/home/victor-e/maize-disease-detection/data/processed/Gray_Leaf_Spot/Mendeley_2657maize_train_leaf spot.JPG,Gray_Leaf_Spot,0.333
/home/victor-e/maize-disease-detection/data/processed/Gray_Leaf_Spot/Mendeley_1518maize_train_leaf spot.JPG,Gray_Leaf_Spot,0.594
/home/victor-e/maize-disease-detection/data/processed/Gray_Leaf_Spot/Mendeley_1510maize_train_leaf spot.JPG,Gray_Leaf_Spot,0.8599
/home/victor-e/maize-disease-detection/data/processed/Gray_Leaf_Spot/Mendeley_2068maize_train_leaf spot.JPG,Gray_Leaf_Spot,0.7969
/home/victor-e/maize-disease-detection/data/processed/Gray_Leaf_Spot/Mendeley_1783maize_train_leaf spot.JPG,Gray_Leaf_Spot,0.1564
/home/victor-e/maize-disease-detection/data/processed/Gray_Leaf_Spot/Mendeley_1326maize_train_leaf spot.JPG,Gray_Leaf_Spot,0.9605
/home/victor-e/maize-disease-detection/data/processed/Gray_Leaf_Spot/Mendeley_2538maize_train_leaf spot.JPG,Gray_Leaf_Spot,0.7357
/home/victor-e/maize-disease-detection/data/processed/Gray_Leaf_Spot/Mendeley_416maize_valid_leaf spot.JPG,Gray_Leaf_Spot,0.9219
/home/victor-e/maize-disease-detection/data/processed/Gray_Leaf_Spot/Mendeley_342maize_valid_leaf spot.JPG,Gray_Leaf_Spot,0.589
/home/victor-e/maize-disease-detection/data/processed/Gray_Leaf_Spot/Mendeley_1192maize_train_leaf spot.JPG,Gray_Leaf_Spot,0.3059
/home/victor-e/maize-disease-detection/data/processed/Gray_Leaf_Spot/Mendeley_2640maize_train_leaf spot.JPG,Gray_Leaf_Spot,0.63
/home/victor-e/maize-disease-detection/data/processed/Gray_Leaf_Spot/Mendeley_1792maize_train_leaf spot.JPG,Gray_Leaf_Spot,0.6225
/home/victor-e/maize-disease-detection/data/processed/Gray_Leaf_Spot/Mendeley_1182maize_train_leaf spot.JPG,Gray_Leaf_Spot,0.2846
/home/victor-e/maize-disease-detection/data/processed/Gray_Leaf_Spot/Mendeley_124maize_train_leaf spot.JPG,Gray_Leaf_Spot,0.5769
/home/victor-e/maize-disease-detection/data/processed/Gray_Leaf_Spot/Mendeley_2563maize_train_leaf spot.JPG,Gray_Leaf_Spot,0.7128
/home/victor-e/maize-disease-detection/data/processed/Gray_Leaf_Spot/Mendeley_855maize_valid_leaf spot.JPG,Gray_Leaf_Spot,0.5394
/home/victor-e/maize-disease-detection/data/processed/Gray_Leaf_Spot/Mendeley_1853maize_train_leaf spot.JPG,Gray_Leaf_Spot,0.4529
/home/victor-e/maize-disease-detection/data/processed/Gray_Leaf_Spot/Mendeley_2800maize_train_leaf spot.JPG,Gray_Leaf_Spot,0.3227
/home/victor-e/maize-disease-detection/data/processed/Gray_Leaf_Spot/Mendeley_825maize_valid_leaf spot.JPG,Gray_Leaf_Spot,0.1748
/home/victor-e/maize-disease-detection/data/processed/Gray_Leaf_Spot/Mendeley_1426maize_train_leaf spot.JPG,Gray_Leaf_Spot,0.9754
/home/victor-e/maize-disease-detection/data/processed/Gray_Leaf_Spot/Mendeley_1952maize_train_leaf spot.JPG,Gray_Leaf_Spot,0.4937
/home/victor-e/maize-disease-detection/data/processed/Gray_Leaf_Spot/Mendeley_768maize_valid_leaf spot.JPG,Gray_Leaf_Spot,0.9401
/home/victor-e/maize-disease-detection/data/processed/Gray_Leaf_Spot/Mendeley_1015maize_valid_leaf spot.JPG,Gray_Leaf_Spot,0.3211
/home/victor-e/maize-disease-detection/data/processed/Gray_Leaf_Spot/Mendeley_1032maize_valid_leaf spot.JPG,Gray_Leaf_Spot,0.0602
/home/victor-e/maize-disease-detection/data/processed/Gray_Leaf_Spot/Mendeley_1860maize_train_leaf spot.JPG,Gray_Leaf_Spot,0.5742
/home/victor-e/maize-disease-detection/data/processed/Gray_Leaf_Spot/Mendeley_2101maize_train_leaf spot.JPG,Gray_Leaf_Spot,0.4936
/home/victor-e/maize-disease-detection/data/processed/Gray_Leaf_Spot/Mendeley_2320maize_train_leaf spot.JPG,Gray_Leaf_Spot,0.0987
/home/victor-e/maize-disease-detection/data/processed/Gray_Leaf_Spot/Mendeley_2579maize_train_leaf spot.JPG,Gray_Leaf_Spot,0.3397
/home/victor-e/maize-disease-detection/data/processed/Gray_Leaf_Spot/Mendeley_2184maize_train_leaf spot.JPG,Gray_Leaf_Spot,0.4653
/home/victor-e/maize-disease-detection/data/processed/Gray_Leaf_Spot/Mendeley_1023maize_train_leaf spot.JPG,Gray_Leaf_Spot,0.6653
/home/victor-e/maize-disease-detection/data/processed/Gray_Leaf_Spot/Mendeley_220maize_train_leaf spot.JPG,Gray_Leaf_Spot,0.4009
/home/victor-e/maize-disease-detection/data/processed/Gray_Leaf_Spot/Mendeley_15maize_train_leaf spot.JPG,Gray_Leaf_Spot,0.1952
/home/victor-e/maize-disease-detection/data/processed/Gray_Leaf_Spot/Mendeley_2848maize_train_leaf spot.JPG,Gray_Leaf_Spot,0.7243
/home/victor-e/maize-disease-detection/data/processed/Gray_Leaf_Spot/Mendeley_1016maize_train_leaf spot.JPG,Gray_Leaf_Spot,0.8428
/home/victor-e/maize-disease-detection/data/processed/Gray_Leaf_Spot/Mendeley_2758maize_train_leaf spot.JPG,Gray_Leaf_Spot,0.5884
/home/victor-e/maize-disease-detection/data/processed/Gray_Leaf_Spot/Mendeley_775maize_valid_leaf spot.JPG,Gray_Leaf_Spot,0.9201
/home/victor-e/maize-disease-detection/data/processed/Gray_Leaf_Spot/Mendeley_1876maize_train_leaf spot.JPG,Gray_Leaf_Spot,0.5401
/home/victor-e/maize-disease-detection/data/processed/Gray_Leaf_Spot/Mendeley_1027maize_valid_leaf spot.JPG,Gray_Leaf_Spot,0.0501
/home/victor-e/maize-disease-detection/data/processed/Gray_Leaf_Spot/Mendeley_2378maize_train_leaf spot.JPG,Gray_Leaf_Spot,0.3924
/home/victor-e/maize-disease-detection/data/processed/Gray_Leaf_Spot/Mendeley_2502maize_train_leaf spot.JPG,Gray_Leaf_Spot,0.5338
/home/victor-e/maize-disease-detection/data/processed/Gray_Leaf_Spot/Mendeley_2575maize_train_leaf spot.JPG,Gray_Leaf_Spot,0.7113
/home/victor-e/maize-disease-detection/data/processed/Gray_Leaf_Spot/Mendeley_1809maize_train_leaf spot.JPG,Gray_Leaf_Spot,0.6474
/home/victor-e/maize-disease-detection/data/processed/Gray_Leaf_Spot/Mendeley_464maize_valid_leaf spot.JPG,Gray_Leaf_Spot,0.75
/home/victor-e/maize-disease-detection/data/processed/Gray_Leaf_Spot/Mendeley_497maize_valid_leaf spot.JPG,Gray_Leaf_Spot,0.9908
/home/victor-e/maize-disease-detection/data/processed/Gray_Leaf_Spot/Mendeley_25maize_train_leaf spot.JPG,Gray_Leaf_Spot,0.0808
/home/victor-e/maize-disease-detection/data/processed/Gray_Leaf_Spot/Mendeley_1420maize_train_leaf spot.JPG,Gray_Leaf_Spot,0.963
/home/victor-e/maize-disease-detection/data/processed/Gray_Leaf_Spot/Mendeley_375maize_valid_leaf spot.JPG,Gray_Leaf_Spot,0.9485
/home/victor-e/maize-disease-detection/data/processed/Gray_Leaf_Spot/Mendeley_2683maize_train_leaf spot.JPG,Gray_Leaf_Spot,0.3502
/home/victor-e/maize-disease-detection/data/processed/Gray_Leaf_Spot/Mendeley_2145maize_train_leaf spot.JPG,Gray_Leaf_Spot,0.9007
/home/victor-e/maize-disease-detection/data/processed/Gray_Leaf_Spot/Mendeley_2471maize_train_leaf spot.JPG,Gray_Leaf_Spot,0.1795
/home/victor-e/maize-disease-detection/data/processed/Gray_Leaf_Spot/Mendeley_2765maize_train_leaf spot.JPG,Gray_Leaf_Spot,0.2796
/home/victor-e/maize-disease-detection/data/processed/Gray_Leaf_Spot/Mendeley_2704maize_train_leaf spot.JPG,Gray_Leaf_Spot,0.9499
/home/victor-e/maize-disease-detection/data/processed/Gray_Leaf_Spot/Mendeley_575maize_valid_leaf spot.JPG,Gray_Leaf_Spot,0.1502
/home/victor-e/maize-disease-detection/data/processed/Gray_Leaf_Spot/Mendeley_1457maize_train_leaf spot.JPG,Gray_Leaf_Spot,0.9605
/home/victor-e/maize-disease-detection/data/processed/Gray_Leaf_Spot/Mendeley_2159maize_train_leaf spot.JPG,Gray_Leaf_Spot,0.5986
/home/victor-e/maize-disease-detection/data/processed/Gray_Leaf_Spot/Mendeley_1836maize_train_leaf spot.JPG,Gray_Leaf_Spot,0.5488
/home/victor-e/maize-disease-detection/data/processed/Gray_Leaf_Spot/Mendeley_223maize_valid_leaf spot.JPG,Gray_Leaf_Spot,0.3592
/home/victor-e/maize-disease-detection/data/processed/Gray_Leaf_Spot/Mendeley_2844maize_train_leaf spot.JPG,Gray_Leaf_Spot,0.7395
/home/victor-e/maize-disease-detection/data/processed/Gray_Leaf_Spot/Mendeley_210maize_train_leaf spot.JPG,Gray_Leaf_Spot,0.3298
/home/victor-e/maize-disease-detection/data/processed/Gray_Leaf_Spot/Mendeley_2794maize_train_leaf spot.JPG,Gray_Leaf_Spot,0.7217
/home/victor-e/maize-disease-detection/data/processed/Gray_Leaf_Spot/Mendeley_1205maize_valid_leaf spot.JPG,Gray_Leaf_Spot,0.835
/home/victor-e/maize-disease-detection/data/processed/Gray_Leaf_Spot/Mendeley_690maize_valid_leaf spot.JPG,Gray_Leaf_Spot,0.4937
/home/victor-e/maize-disease-detection/data/processed/Gray_Leaf_Spot/Mendeley_1063maize_train_leaf spot.JPG,Gray_Leaf_Spot,0.6242
/home/victor-e/maize-disease-detection/data/processed/Gray_Leaf_Spot/Mendeley_1036maize_valid_leaf spot.JPG,Gray_Leaf_Spot,0.8484
/home/victor-e/maize-disease-detection/data/processed/Gray_Leaf_Spot/Mendeley_1673maize_train_leaf spot.JPG,Gray_Leaf_Spot,0.169
/home/victor-e/maize-disease-detection/data/processed/Gray_Leaf_Spot/Mendeley_418maize_valid_leaf spot.JPG,Gray_Leaf_Spot,0.9813
/home/victor-e/maize-disease-detection/data/processed/Gray_Leaf_Spot/Mendeley_2315maize_train_leaf spot.JPG,Gray_Leaf_Spot,0.0933
/home/victor-e/maize-disease-detection/data/processed/Gray_Leaf_Spot/Mendeley_287maize_train_leaf spot.JPG,Gray_Leaf_Spot,0.2933
/home/victor-e/maize-disease-detection/data/processed/Gray_Leaf_Spot/Mendeley_2314maize_train_leaf spot.JPG,Gray_Leaf_Spot,0.1623
/home/victor-e/maize-disease-detection/data/processed/Gray_Leaf_Spot/Mendeley_32maize_valid_leaf spot.JPG,Gray_Leaf_Spot,0.5623
/home/victor-e/maize-disease-detection/data/processed/Gray_Leaf_Spot/Mendeley_0maize_train_leaf spot.JPG,Gray_Leaf_Spot,0.7569
/home/victor-e/maize-disease-detection/data/processed/Gray_Leaf_Spot/Mendeley_1786maize_train_leaf spot.JPG,Gray_Leaf_Spot,0.4106
/home/victor-e/maize-disease-detection/data/processed/Gray_Leaf_Spot/Mendeley_355maize_train_leaf spot.JPG,Gray_Leaf_Spot,0.957
/home/victor-e/maize-disease-detection/data/processed/Gray_Leaf_Spot/Mendeley_369maize_valid_leaf spot.JPG,Gray_Leaf_Spot,0.8379
/home/victor-e/maize-disease-detection/data/processed/Gray_Leaf_Spot/Mendeley_2769maize_train_leaf spot.JPG,Gray_Leaf_Spot,0.2726
/home/victor-e/maize-disease-detection/data/processed/Gray_Leaf_Spot/Mendeley_741maize_valid_leaf spot.JPG,Gray_Leaf_Spot,0.8513
/home/victor-e/maize-disease-detection/data/processed/Gray_Leaf_Spot/Mendeley_762maize_valid_leaf spot.JPG,Gray_Leaf_Spot,0.2476
/home/victor-e/maize-disease-detection/data/processed/Gray_Leaf_Spot/Mendeley_975maize_valid_leaf spot.JPG,Gray_Leaf_Spot,0.6627
/home/victor-e/maize-disease-detection/data/processed/Gray_Leaf_Spot/Mendeley_2120maize_train_leaf spot.JPG,Gray_Leaf_Spot,0.6855
/home/victor-e/maize-disease-detection/data/processed/Gray_Leaf_Spot/Mendeley_233maize_valid_leaf spot.JPG,Gray_Leaf_Spot,0.0604
/home/victor-e/maize-disease-detection/data/processed/Gray_Leaf_Spot/Mendeley_112maize_valid_leaf spot.JPG,Gray_Leaf_Spot,0.5681
/home/victor-e/maize-disease-detection/data/processed/Gray_Leaf_Spot/Mendeley_229maize_valid_leaf spot.JPG,Gray_Leaf_Spot,0.2364
/home/victor-e/maize-disease-detection/data/processed/Gray_Leaf_Spot/Mendeley_722maize_valid_leaf spot.JPG,Gray_Leaf_Spot,0.5802
/home/victor-e/maize-disease-detection/data/processed/Gray_Leaf_Spot/Mendeley_2046maize_train_leaf spot.JPG,Gray_Leaf_Spot,0.5354
/home/victor-e/maize-disease-detection/data/processed/Gray_Leaf_Spot/Mendeley_1239maize_train_leaf spot.JPG,Gray_Leaf_Spot,0.7912
/home/victor-e/maize-disease-detection/data/processed/Gray_Leaf_Spot/Mendeley_1478maize_train_leaf spot.JPG,Gray_Leaf_Spot,0.5872
/home/victor-e/maize-disease-detection/data/processed/Gray_Leaf_Spot/Mendeley_33maize_train_leaf spot.JPG,Gray_Leaf_Spot,0.8598
/home/victor-e/maize-disease-detection/data/processed/Gray_Leaf_Spot/Mendeley_1936maize_train_leaf spot.JPG,Gray_Leaf_Spot,0.1615
/home/victor-e/maize-disease-detection/data/processed/Gray_Leaf_Spot/Mendeley_2186maize_train_leaf spot.JPG,Gray_Leaf_Spot,0.5364
/home/victor-e/maize-disease-detection/data/processed/Gray_Leaf_Spot/Mendeley_2213maize_train_leaf spot.JPG,Gray_Leaf_Spot,0.0294
/home/victor-e/maize-disease-detection/data/processed/Gray_Leaf_Spot/Mendeley_542maize_valid_leaf spot.JPG,Gray_Leaf_Spot,0.9176
/home/victor-e/maize-disease-detection/data/processed/Gray_Leaf_Spot/Mendeley_1300maize_train_leaf spot.JPG,Gray_Leaf_Spot,0.7644
/home/victor-e/maize-disease-detection/data/processed/Gray_Leaf_Spot/Mendeley_1596maize_train_leaf spot.JPG,Gray_Leaf_Spot,0.1325
/home/victor-e/maize-disease-detection/data/processed/Gray_Leaf_Spot/Mendeley_1399maize_train_leaf spot.JPG,Gray_Leaf_Spot,0.524
/home/victor-e/maize-disease-detection/data/processed/Gray_Leaf_Spot/Mendeley_550maize_valid_leaf spot.JPG,Gray_Leaf_Spot,0.9999
/home/victor-e/maize-disease-detection/data/processed/Gray_Leaf_Spot/Mendeley_1160maize_valid_leaf spot.JPG,Gray_Leaf_Spot,0.5133
/home/victor-e/maize-disease-detection/data/processed/Gray_Leaf_Spot/Mendeley_753maize_valid_leaf spot.JPG,Gray_Leaf_Spot,0.1178
/home/victor-e/maize-disease-detection/data/processed/Gray_Leaf_Spot/Mendeley_1146maize_valid_leaf spot.JPG,Gray_Leaf_Spot,0.624
/home/victor-e/maize-disease-detection/data/processed/Gray_Leaf_Spot/Mendeley_1276maize_train_leaf spot.JPG,Gray_Leaf_Spot,0.9986
/home/victor-e/maize-disease-detection/data/processed/Gray_Leaf_Spot/Mendeley_1193maize_valid_leaf spot.JPG,Gray_Leaf_Spot,0.718
/home/victor-e/maize-disease-detection/data/processed/Gray_Leaf_Spot/Mendeley_688maize_valid_leaf spot.JPG,Gray_Leaf_Spot,0.2427
/home/victor-e/maize-disease-detection/data/processed/Gray_Leaf_Spot/Mendeley_893maize_valid_leaf spot.JPG,Gray_Leaf_Spot,0.7785
/home/victor-e/maize-disease-detection/data/processed/Gray_Leaf_Spot/Mendeley_1821maize_train_leaf spot.JPG,Gray_Leaf_Spot,0.3375
/home/victor-e/maize-disease-detection/data/processed/Gray_Leaf_Spot/Mendeley_1346maize_train_leaf spot.JPG,Gray_Leaf_Spot,0.8034
/home/victor-e/maize-disease-detection/data/processed/Gray_Leaf_Spot/Mendeley_61maize_valid_leaf spot.JPG,Gray_Leaf_Spot,0.111
/home/victor-e/maize-disease-detection/data/processed/Gray_Leaf_Spot/Mendeley_1291maize_train_leaf spot.JPG,Gray_Leaf_Spot,0.9947
/home/victor-e/maize-disease-detection/data/processed/Gray_Leaf_Spot/Mendeley_115maize_valid_leaf spot.JPG,Gray_Leaf_Spot,0.2129
/home/victor-e/maize-disease-detection/data/processed/Gray_Leaf_Spot/Mendeley_1372maize_train_leaf spot.JPG,Gray_Leaf_Spot,0.8685
/home/victor-e/maize-disease-detection/data/processed/Gray_Leaf_Spot/Mendeley_38maize_valid_leaf spot.JPG,Gray_Leaf_Spot,0.6244
/home/victor-e/maize-disease-detection/data/processed/Gray_Leaf_Spot/Mendeley_681maize_valid_leaf spot.JPG,Gray_Leaf_Spot,0.5624
/home/victor-e/maize-disease-detection/data/processed/Gray_Leaf_Spot/Mendeley_39maize_valid_leaf spot.JPG,Gray_Leaf_Spot,0.7835
/home/victor-e/maize-disease-detection/data/processed/Gray_Leaf_Spot/Mendeley_2134maize_train_leaf spot.JPG,Gray_Leaf_Spot,0.662
/home/victor-e/maize-disease-detection/data/processed/Gray_Leaf_Spot/Mendeley_1548maize_train_leaf spot.JPG,Gray_Leaf_Spot,0.0639
/home/victor-e/maize-disease-detection/data/processed/Gray_Leaf_Spot/Mendeley_780maize_valid_leaf spot.JPG,Gray_Leaf_Spot,0.0987
/home/victor-e/maize-disease-detection/data/processed/Gray_Leaf_Spot/Mendeley_1474maize_train_leaf spot.JPG,Gray_Leaf_Spot,0.52
/home/victor-e/maize-disease-detection/data/processed/Gray_Leaf_Spot/Mendeley_1995maize_train_leaf spot.JPG,Gray_Leaf_Spot,0.4603
/home/victor-e/maize-disease-detection/data/processed/Gray_Leaf_Spot/Mendeley_2466maize_train_leaf spot.JPG,Gray_Leaf_Spot,0.3868
/home/victor-e/maize-disease-detection/data/processed/Gray_Leaf_Spot/Mendeley_1773maize_train_leaf spot.JPG,Gray_Leaf_Spot,0.1939
/home/victor-e/maize-disease-detection/data/processed/Gray_Leaf_Spot/Mendeley_785maize_valid_leaf spot.JPG,Gray_Leaf_Spot,0.9355
/home/victor-e/maize-disease-detection/data/processed/Gray_Leaf_Spot/Mendeley_44maize_valid_leaf spot.JPG,Gray_Leaf_Spot,0.5769
/home/victor-e/maize-disease-detection/data/processed/Gray_Leaf_Spot/Mendeley_2043maize_train_leaf spot.JPG,Gray_Leaf_Spot,0.4548
/home/victor-e/maize-disease-detection/data/processed/Gray_Leaf_Spot/Mendeley_1032maize_train_leaf spot.JPG,Gray_Leaf_Spot,0.9491
/home/victor-e/maize-disease-detection/data/processed/Gray_Leaf_Spot/Mendeley_683maize_valid_leaf spot.JPG,Gray_Leaf_Spot,0.5772
/home/victor-e/maize-disease-detection/data/processed/Gray_Leaf_Spot/Mendeley_1274maize_train_leaf spot.JPG,Gray_Leaf_Spot,0.9924
/home/victor-e/maize-disease-detection/data/processed/Gray_Leaf_Spot/Mendeley_2029maize_train_leaf spot.JPG,Gray_Leaf_Spot,0.406
/home/victor-e/maize-disease-detection/data/processed/Gray_Leaf_Spot/Mendeley_589maize_valid_leaf spot.JPG,Gray_Leaf_Spot,0.4963
/home/victor-e/maize-disease-detection/data/processed/Gray_Leaf_Spot/Mendeley_140maize_valid_leaf spot.JPG,Gray_Leaf_Spot,0.7211
/home/victor-e/maize-disease-detection/data/processed/Gray_Leaf_Spot/Mendeley_1815maize_train_leaf spot.JPG,Gray_Leaf_Spot,0.6638
/home/victor-e/maize-disease-detection/data/processed/Gray_Leaf_Spot/Mendeley_412maize_valid_leaf spot.JPG,Gray_Leaf_Spot,0.7956
/home/victor-e/maize-disease-detection/data/processed/Gray_Leaf_Spot/Mendeley_721maize_valid_leaf spot.JPG,Gray_Leaf_Spot,0.1368
/home/victor-e/maize-disease-detection/data/processed/Gray_Leaf_Spot/Mendeley_777maize_valid_leaf spot.JPG,Gray_Leaf_Spot,0.4962
/home/victor-e/maize-disease-detection/data/processed/Gray_Leaf_Spot/Mendeley_1844maize_train_leaf spot.JPG,Gray_Leaf_Spot,0.3369
/home/victor-e/maize-disease-detection/data/processed/Gray_Leaf_Spot/Mendeley_102maize_valid_leaf spot.JPG,Gray_Leaf_Spot,0.7344
/home/victor-e/maize-disease-detection/data/processed/Gray_Leaf_Spot/Mendeley_664maize_valid_leaf spot.JPG,Gray_Leaf_Spot,0.3686
/home/victor-e/maize-disease-detection/data/processed/Gray_Leaf_Spot/Mendeley_766maize_valid_leaf spot.JPG,Gray_Leaf_Spot,0.1575
/home/victor-e/maize-disease-detection/data/processed/Gray_Leaf_Spot/Mendeley_712maize_valid_leaf spot.JPG,Gray_Leaf_Spot,0.7359
/home/victor-e/maize-disease-detection/data/processed/Gray_Leaf_Spot/Mendeley_447maize_valid_leaf spot.JPG,Gray_Leaf_Spot,0.4324
/home/victor-e/maize-disease-detection/data/processed/Gray_Leaf_Spot/Mendeley_350maize_train_leaf spot.JPG,Gray_Leaf_Spot,0.8362
/home/victor-e/maize-disease-detection/data/processed/Gray_Leaf_Spot/Mendeley_610maize_valid_leaf spot.JPG,Gray_Leaf_Spot,0.5609
/home/victor-e/maize-disease-detection/data/processed/Gray_Leaf_Spot/Mendeley_490maize_valid_leaf spot.JPG,Gray_Leaf_Spot,0.8242
/home/victor-e/maize-disease-detection/data/processed/Gray_Leaf_Spot/Mendeley_898maize_valid_leaf spot.JPG,Gray_Leaf_Spot,0.3657
/home/victor-e/maize-disease-detection/data/processed/Gray_Leaf_Spot/Mendeley_1021maize_train_leaf spot.JPG,Gray_Leaf_Spot,0.6103
/home/victor-e/maize-disease-detection/data/processed/Gray_Leaf_Spot/Mendeley_959maize_valid_leaf spot.JPG,Gray_Leaf_Spot,0.6603
/home/victor-e/maize-disease-detection/data/processed/Gray_Leaf_Spot/Mendeley_2554maize_train_leaf spot.JPG,Gray_Leaf_Spot,0.377
/home/victor-e/maize-disease-detection/data/processed/Gray_Leaf_Spot/Mendeley_841maize_valid_leaf spot.JPG,Gray_Leaf_Spot,0.6042
/home/victor-e/maize-disease-detection/data/processed/Gray_Leaf_Spot/Mendeley_1524maize_train_leaf spot.JPG,Gray_Leaf_Spot,0.6747
/home/victor-e/maize-disease-detection/data/processed/Gray_Leaf_Spot/Mendeley_292maize_train_leaf spot.JPG,Gray_Leaf_Spot,0.103
/home/victor-e/maize-disease-detection/data/processed/Gray_Leaf_Spot/Mendeley_1067maize_train_leaf spot.JPG,Gray_Leaf_Spot,0.7071
/home/victor-e/maize-disease-detection/data/processed/Gray_Leaf_Spot/Mendeley_566maize_valid_leaf spot.JPG,Gray_Leaf_Spot,0.5523
/home/victor-e/maize-disease-detection/data/processed/Gray_Leaf_Spot/Mendeley_2257maize_train_leaf spot.JPG,Gray_Leaf_Spot,0.0865
/home/victor-e/maize-disease-detection/data/processed/Gray_Leaf_Spot/Mendeley_1074maize_valid_leaf spot.JPG,Gray_Leaf_Spot,0.6188
/home/victor-e/maize-disease-detection/data/processed/Gray_Leaf_Spot/Mendeley_193maize_train_leaf spot.JPG,Gray_Leaf_Spot,0.3857
/home/victor-e/maize-disease-detection/data/processed/Gray_Leaf_Spot/Mendeley_633maize_valid_leaf spot.JPG,Gray_Leaf_Spot,0.2533
/home/victor-e/maize-disease-detection/data/processed/Gray_Leaf_Spot/Mendeley_254maize_train_leaf spot.JPG,Gray_Leaf_Spot,0.5045
/home/victor-e/maize-disease-detection/data/processed/Gray_Leaf_Spot/Mendeley_1250maize_valid_leaf spot.JPG,Gray_Leaf_Spot,0.7521
/home/victor-e/maize-disease-detection/data/processed/Gray_Leaf_Spot/Mendeley_176maize_train_leaf spot.JPG,Gray_Leaf_Spot,0.0767
/home/victor-e/maize-disease-detection/data/processed/Gray_Leaf_Spot/Mendeley_1381maize_train_leaf spot.JPG,Gray_Leaf_Spot,0.869
/home/victor-e/maize-disease-detection/data/processed/Gray_Leaf_Spot/Mendeley_469maize_valid_leaf spot.JPG,Gray_Leaf_Spot,0.2609
/home/victor-e/maize-disease-detection/data/processed/Gray_Leaf_Spot/Mendeley_2781maize_train_leaf spot.JPG,Gray_Leaf_Spot,0.7494
/home/victor-e/maize-disease-detection/data/processed/Gray_Leaf_Spot/Mendeley_121maize_train_leaf spot.JPG,Gray_Leaf_Spot,0.0382
/home/victor-e/maize-disease-detection/data/processed/Gray_Leaf_Spot/Mendeley_2365maize_train_leaf spot.JPG,Gray_Leaf_Spot,0.2721
/home/victor-e/maize-disease-detection/data/processed/Gray_Leaf_Spot/Mendeley_2537maize_train_leaf spot.JPG,Gray_Leaf_Spot,0.3435
/home/victor-e/maize-disease-detection/data/processed/Gray_Leaf_Spot/Mendeley_89maize_valid_leaf spot.JPG,Gray_Leaf_Spot,0.1188
/home/victor-e/maize-disease-detection/data/processed/Gray_Leaf_Spot/Mendeley_2531maize_train_leaf spot.JPG,Gray_Leaf_Spot,0.1809
/home/victor-e/maize-disease-detection/data/processed/Gray_Leaf_Spot/Mendeley_233maize_train_leaf spot.JPG,Gray_Leaf_Spot,0.0156
/home/victor-e/maize-disease-detection/data/processed/Gray_Leaf_Spot/Mendeley_745maize_valid_leaf spot.JPG,Gray_Leaf_Spot,0.2995
/home/victor-e/maize-disease-detection/data/processed/Gray_Leaf_Spot/Mendeley_1259maize_valid_leaf spot.JPG,Gray_Leaf_Spot,0.6578
/home/victor-e/maize-disease-detection/data/processed/Gray_Leaf_Spot/Mendeley_965maize_valid_leaf spot.JPG,Gray_Leaf_Spot,0.7394
/home/victor-e/maize-disease-detection/data/processed/Gray_Leaf_Spot/Mendeley_1490maize_train_leaf spot.JPG,Gray_Leaf_Spot,0.9918
/home/victor-e/maize-disease-detection/data/processed/Gray_Leaf_Spot/Mendeley_2607maize_train_leaf spot.JPG,Gray_Leaf_Spot,0.5992
/home/victor-e/maize-disease-detection/data/processed/Gray_Leaf_Spot/Mendeley_1159maize_train_leaf spot.JPG,Gray_Leaf_Spot,0.6474
/home/victor-e/maize-disease-detection/data/processed/Gray_Leaf_Spot/Mendeley_2777maize_train_leaf spot.JPG,Gray_Leaf_Spot,0.3714
/home/victor-e/maize-disease-detection/data/processed/Gray_Leaf_Spot/Mendeley_116maize_valid_leaf spot.JPG,Gray_Leaf_Spot,0.7258
/home/victor-e/maize-disease-detection/data/processed/Gray_Leaf_Spot/Mendeley_1227maize_valid_leaf spot.JPG,Gray_Leaf_Spot,0.428
/home/victor-e/maize-disease-detection/data/processed/Gray_Leaf_Spot/Mendeley_2258maize_train_leaf spot.JPG,Gray_Leaf_Spot,0.2535
/home/victor-e/maize-disease-detection/data/processed/Gray_Leaf_Spot/Mendeley_1maize_valid_leaf spot.JPG,Gray_Leaf_Spot,0.3734
/home/victor-e/maize-disease-detection/data/processed/Gray_Leaf_Spot/Mendeley_1256maize_valid_leaf spot.JPG,Gray_Leaf_Spot,0.8165
/home/victor-e/maize-disease-detection/data/processed/Gray_Leaf_Spot/Mendeley_288maize_valid_leaf spot.JPG,Gray_Leaf_Spot,0.8057
/home/victor-e/maize-disease-detection/data/processed/Gray_Leaf_Spot/Mendeley_2723maize_train_leaf spot.JPG,Gray_Leaf_Spot,0.8343
/home/victor-e/maize-disease-detection/data/processed/Gray_Leaf_Spot/Mendeley_201maize_train_leaf spot.JPG,Gray_Leaf_Spot,0.0516
/home/victor-e/maize-disease-detection/data/processed/Gray_Leaf_Spot/Mendeley_1464maize_train_leaf spot.JPG,Gray_Leaf_Spot,0.79
/home/victor-e/maize-disease-detection/data/processed/Gray_Leaf_Spot/Mendeley_535maize_valid_leaf spot.JPG,Gray_Leaf_Spot,0.9775
/home/victor-e/maize-disease-detection/data/processed/Gray_Leaf_Spot/Mendeley_2624maize_train_leaf spot.JPG,Gray_Leaf_Spot,0.9275
/home/victor-e/maize-disease-detection/data/processed/Gray_Leaf_Spot/Mendeley_227maize_valid_leaf spot.JPG,Gray_Leaf_Spot,0.4328
/home/victor-e/maize-disease-detection/data/processed/Gray_Leaf_Spot/Mendeley_2461maize_train_leaf spot.JPG,Gray_Leaf_Spot,0.399
/home/victor-e/maize-disease-detection/data/processed/Gray_Leaf_Spot/Mendeley_2584maize_train_leaf spot.JPG,Gray_Leaf_Spot,0.3295
/home/victor-e/maize-disease-detection/data/processed/Gray_Leaf_Spot/Mendeley_2393maize_train_leaf spot.JPG,Gray_Leaf_Spot,0.1008
/home/victor-e/maize-disease-detection/data/processed/Gray_Leaf_Spot/Mendeley_337maize_train_leaf spot.JPG,Gray_Leaf_Spot,0.0197
/home/victor-e/maize-disease-detection/data/processed/Gray_Leaf_Spot/Mendeley_1202maize_valid_leaf spot.JPG,Gray_Leaf_Spot,0.0521
/home/victor-e/maize-disease-detection/data/processed/Gray_Leaf_Spot/Mendeley_1019maize_train_leaf spot.JPG,Gray_Leaf_Spot,0.8267
/home/victor-e/maize-disease-detection/data/processed/Gray_Leaf_Spot/Mendeley_249maize_train_leaf spot.JPG,Gray_Leaf_Spot,0.3698
/home/victor-e/maize-disease-detection/data/processed/Gray_Leaf_Spot/Mendeley_2706maize_train_leaf spot.JPG,Gray_Leaf_Spot,0.9375
/home/victor-e/maize-disease-detection/data/processed/Gray_Leaf_Spot/Mendeley_1734maize_train_leaf spot.JPG,Gray_Leaf_Spot,0.3403
/home/victor-e/maize-disease-detection/data/processed/Gray_Leaf_Spot/Mendeley_2824maize_train_leaf spot.JPG,Gray_Leaf_Spot,0.6606
/home/victor-e/maize-disease-detection/data/processed/Gray_Leaf_Spot/Mendeley_141maize_valid_leaf spot.JPG,Gray_Leaf_Spot,0.6172
/home/victor-e/maize-disease-detection/data/processed/Gray_Leaf_Spot/Mendeley_1264maize_train_leaf spot.JPG,Gray_Leaf_Spot,0.9287
/home/victor-e/maize-disease-detection/data/processed/Gray_Leaf_Spot/Mendeley_1078maize_train_leaf spot.JPG,Gray_Leaf_Spot,0.8934
/home/victor-e/maize-disease-detection/data/processed/Gray_Leaf_Spot/Mendeley_2790maize_train_leaf spot.JPG,Gray_Leaf_Spot,0.6088
/home/victor-e/maize-disease-detection/data/processed/Gray_Leaf_Spot/Mendeley_563maize_valid_leaf spot.JPG,Gray_Leaf_Spot,0.299
/home/victor-e/maize-disease-detection/data/processed/Gray_Leaf_Spot/Mendeley_746maize_valid_leaf spot.JPG,Gray_Leaf_Spot,0.5598
/home/victor-e/maize-disease-detection/data/processed/Gray_Leaf_Spot/Mendeley_1542maize_train_leaf spot.JPG,Gray_Leaf_Spot,0.5257
/home/victor-e/maize-disease-detection/data/processed/Gray_Leaf_Spot/Mendeley_1957maize_train_leaf spot.JPG,Gray_Leaf_Spot,0.5624
/home/victor-e/maize-disease-detection/data/processed/Gray_Leaf_Spot/Mendeley_2734maize_train_leaf spot.JPG,Gray_Leaf_Spot,0.7607
/home/victor-e/maize-disease-detection/data/processed/Gray_Leaf_Spot/Mendeley_1482maize_train_leaf spot.JPG,Gray_Leaf_Spot,0.9831
/home/victor-e/maize-disease-detection/data/processed/Gray_Leaf_Spot/Mendeley_646maize_valid_leaf spot.JPG,Gray_Leaf_Spot,0.4669
/home/victor-e/maize-disease-detection/data/processed/Gray_Leaf_Spot/Mendeley_2736maize_train_leaf spot.JPG,Gray_Leaf_Spot,0.6264
/home/victor-e/maize-disease-detection/data/processed/Gray_Leaf_Spot/Mendeley_2462maize_train_leaf spot.JPG,Gray_Leaf_Spot,0.4454
/home/victor-e/maize-disease-detection/data/processed/Gray_Leaf_Spot/Mendeley_1902maize_train_leaf spot.JPG,Gray_Leaf_Spot,0.5215
/home/victor-e/maize-disease-detection/data/processed/Gray_Leaf_Spot/Mendeley_2892maize_train_leaf spot.JPG,Gray_Leaf_Spot,0.682
/home/victor-e/maize-disease-detection/data/processed/Gray_Leaf_Spot/Mendeley_1375maize_train_leaf spot.JPG,Gray_Leaf_Spot,0.8298
/home/victor-e/maize-disease-detection/data/processed/Gray_Leaf_Spot/Mendeley_2162maize_train_leaf spot.JPG,Gray_Leaf_Spot,0.5028
/home/victor-e/maize-disease-detection/data/processed/Gray_Leaf_Spot/Mendeley_108maize_valid_leaf spot.JPG,Gray_Leaf_Spot,0.4962
/home/victor-e/maize-disease-detection/data/processed/Gray_Leaf_Spot/Mendeley_279maize_valid_leaf spot.JPG,Gray_Leaf_Spot,0.4935
/home/victor-e/maize-disease-detection/data/processed/Gray_Leaf_Spot/Mendeley_2375maize_train_leaf spot.JPG,Gray_Leaf_Spot,0.1273
/home/victor-e/maize-disease-detection/data/processed/Gray_Leaf_Spot/Mendeley_1165maize_valid_leaf spot.JPG,Gray_Leaf_Spot,0.4471
/home/victor-e/maize-disease-detection/data/processed/Gray_Leaf_Spot/Mendeley_1512maize_train_leaf spot.JPG,Gray_Leaf_Spot,0.8919
/home/victor-e/maize-disease-detection/data/processed/Gray_Leaf_Spot/Mendeley_1994maize_train_leaf spot.JPG,Gray_Leaf_Spot,0.4775
/home/victor-e/maize-disease-detection/data/processed/Gray_Leaf_Spot/Mendeley_253maize_valid_leaf spot.JPG,Gray_Leaf_Spot,0.575
/home/victor-e/maize-disease-detection/data/processed/Gray_Leaf_Spot/Mendeley_652maize_valid_leaf spot.JPG,Gray_Leaf_Spot,0.3461
/home/victor-e/maize-disease-detection/data/processed/Gray_Leaf_Spot/Mendeley_1703maize_train_leaf spot.JPG,Gray_Leaf_Spot,0.4369
/home/victor-e/maize-disease-detection/data/processed/Gray_Leaf_Spot/Mendeley_1538maize_train_leaf spot.JPG,Gray_Leaf_Spot,0.3043
/home/victor-e/maize-disease-detection/data/processed/Gray_Leaf_Spot/Mendeley_1348maize_train_leaf spot.JPG,Gray_Leaf_Spot,0.9259
/home/victor-e/maize-disease-detection/data/processed/Gray_Leaf_Spot/Mendeley_1886maize_train_leaf spot.JPG,Gray_Leaf_Spot,0.536
/home/victor-e/maize-disease-detection/data/processed/Gray_Leaf_Spot/Mendeley_1224maize_train_leaf spot.JPG,Gray_Leaf_Spot,0.6793
/home/victor-e/maize-disease-detection/data/processed/Gray_Leaf_Spot/Mendeley_2037maize_train_leaf spot.JPG,Gray_Leaf_Spot,0.4301
/home/victor-e/maize-disease-detection/data/processed/Gray_Leaf_Spot/Mendeley_2309maize_train_leaf spot.JPG,Gray_Leaf_Spot,0.2689
/home/victor-e/maize-disease-detection/data/processed/Gray_Leaf_Spot/Mendeley_1177maize_train_leaf spot.JPG,Gray_Leaf_Spot,0.7885
/home/victor-e/maize-disease-detection/data/processed/Gray_Leaf_Spot/Mendeley_1781maize_train_leaf spot.JPG,Gray_Leaf_Spot,0.0726
/home/victor-e/maize-disease-detection/data/processed/Gray_Leaf_Spot/Mendeley_1382maize_train_leaf spot.JPG,Gray_Leaf_Spot,0.8657
/home/victor-e/maize-disease-detection/data/processed/Gray_Leaf_Spot/Mendeley_1908maize_train_leaf spot.JPG,Gray_Leaf_Spot,0.9306
/home/victor-e/maize-disease-detection/data/processed/Gray_Leaf_Spot/Mendeley_2550maize_train_leaf spot.JPG,Gray_Leaf_Spot,0.3508
/home/victor-e/maize-disease-detection/data/processed/Gray_Leaf_Spot/Mendeley_1065maize_train_leaf spot.JPG,Gray_Leaf_Spot,0.712
/home/victor-e/maize-disease-detection/data/processed/Gray_Leaf_Spot/Mendeley_2541maize_train_leaf spot.JPG,Gray_Leaf_Spot,0.6042
/home/victor-e/maize-disease-detection/data/processed/Gray_Leaf_Spot/Mendeley_1053maize_valid_leaf spot.JPG,Gray_Leaf_Spot,0.2677
/home/victor-e/maize-disease-detection/data/processed/Gray_Leaf_Spot/Mendeley_1652maize_train_leaf spot.JPG,Gray_Leaf_Spot,0.3137
/home/victor-e/maize-disease-detection/data/processed/Gray_Leaf_Spot/Mendeley_453maize_valid_leaf spot.JPG,Gray_Leaf_Spot,0.1422
/home/victor-e/maize-disease-detection/data/processed/Gray_Leaf_Spot/Mendeley_2434maize_train_leaf spot.JPG,Gray_Leaf_Spot,0.869
/home/victor-e/maize-disease-detection/data/processed/Gray_Leaf_Spot/Mendeley_221maize_valid_leaf spot.JPG,Gray_Leaf_Spot,0.1851
/home/victor-e/maize-disease-detection/data/processed/Gray_Leaf_Spot/Mendeley_1744maize_train_leaf spot.JPG,Gray_Leaf_Spot,0.3259
/home/victor-e/maize-disease-detection/data/processed/Gray_Leaf_Spot/Mendeley_1450maize_train_leaf spot.JPG,Gray_Leaf_Spot,0.2191
/home/victor-e/maize-disease-detection/data/processed/Gray_Leaf_Spot/Mendeley_1137maize_train_leaf spot.JPG,Gray_Leaf_Spot,0.254
/home/victor-e/maize-disease-detection/data/processed/Gray_Leaf_Spot/Mendeley_691maize_valid_leaf spot.JPG,Gray_Leaf_Spot,0.3155
/home/victor-e/maize-disease-detection/data/processed/Gray_Leaf_Spot/Mendeley_1332maize_train_leaf spot.JPG,Gray_Leaf_Spot,0.8413
/home/victor-e/maize-disease-detection/data/processed/Gray_Leaf_Spot/Mendeley_482maize_valid_leaf spot.JPG,Gray_Leaf_Spot,0.8042
/home/victor-e/maize-disease-detection/data/processed/Gray_Leaf_Spot/Mendeley_2151maize_train_leaf spot.JPG,Gray_Leaf_Spot,0.5294
/home/victor-e/maize-disease-detection/data/processed/Gray_Leaf_Spot/Mendeley_1651maize_train_leaf spot.JPG,Gray_Leaf_Spot,0.3497
/home/victor-e/maize-disease-detection/data/processed/Gray_Leaf_Spot/Mendeley_2099maize_train_leaf spot.JPG,Gray_Leaf_Spot,0.4167
/home/victor-e/maize-disease-detection/data/processed/Gray_Leaf_Spot/Mendeley_1144maize_train_leaf spot.JPG,Gray_Leaf_Spot,0.8324
/home/victor-e/maize-disease-detection/data/processed/Gray_Leaf_Spot/Mendeley_2666maize_train_leaf spot.JPG,Gray_Leaf_Spot,0.9202
/home/victor-e/maize-disease-detection/data/processed/Gray_Leaf_Spot/Mendeley_531maize_valid_leaf spot.JPG,Gray_Leaf_Spot,0.2726
/home/victor-e/maize-disease-detection/data/processed/Gray_Leaf_Spot/Mendeley_1120maize_train_leaf spot.JPG,Gray_Leaf_Spot,0.617
/home/victor-e/maize-disease-detection/data/processed/Gray_Leaf_Spot/Mendeley_1388maize_train_leaf spot.JPG,Gray_Leaf_Spot,0.9554
/home/victor-e/maize-disease-detection/data/processed/Gray_Leaf_Spot/Mendeley_2330maize_train_leaf spot.JPG,Gray_Leaf_Spot,0.4605
/home/victor-e/maize-disease-detection/data/processed/Gray_Leaf_Spot/Mendeley_1664maize_train_leaf spot.JPG,Gray_Leaf_Spot,0.5761
/home/victor-e/maize-disease-detection/data/processed/Gray_Leaf_Spot/Mendeley_2881maize_train_leaf spot.JPG,Gray_Leaf_Spot,0.3969
/home/victor-e/maize-disease-detection/data/processed/Gray_Leaf_Spot/Mendeley_42maize_valid_leaf spot.JPG,Gray_Leaf_Spot,0.5573
/home/victor-e/maize-disease-detection/data/processed/Gray_Leaf_Spot/Mendeley_1463maize_train_leaf spot.JPG,Gray_Leaf_Spot,0.8425
/home/victor-e/maize-disease-detection/data/processed/Gray_Leaf_Spot/Mendeley_1466maize_train_leaf spot.JPG,Gray_Leaf_Spot,0.7769
/home/victor-e/maize-disease-detection/data/processed/Gray_Leaf_Spot/Mendeley_1959maize_train_leaf spot.JPG,Gray_Leaf_Spot,0.5269
/home/victor-e/maize-disease-detection/data/processed/Gray_Leaf_Spot/Mendeley_2450maize_train_leaf spot.JPG,Gray_Leaf_Spot,0.4453
/home/victor-e/maize-disease-detection/data/processed/Gray_Leaf_Spot/Mendeley_304maize_train_leaf spot.JPG,Gray_Leaf_Spot,0.3122
/home/victor-e/maize-disease-detection/data/processed/Gray_Leaf_Spot/Mendeley_2419maize_train_leaf spot.JPG,Gray_Leaf_Spot,0.1086
/home/victor-e/maize-disease-detection/data/processed/Gray_Leaf_Spot/Mendeley_389maize_valid_leaf spot.JPG,Gray_Leaf_Spot,0.4876
/home/victor-e/maize-disease-detection/data/processed/Gray_Leaf_Spot/Mendeley_216maize_valid_leaf spot.JPG,Gray_Leaf_Spot,0.4225
/home/victor-e/maize-disease-detection/data/processed/Gray_Leaf_Spot/Mendeley_2558maize_train_leaf spot.JPG,Gray_Leaf_Spot,0.2195
/home/victor-e/maize-disease-detection/data/processed/Gray_Leaf_Spot/Mendeley_1091maize_train_leaf spot.JPG,Gray_Leaf_Spot,0.3701
/home/victor-e/maize-disease-detection/data/processed/Gray_Leaf_Spot/Mendeley_3715maize_train_leaf spot.JPG,Gray_Leaf_Spot,0.1182
/home/victor-e/maize-disease-detection/data/processed/Gray_Leaf_Spot/Mendeley_1494maize_train_leaf spot.JPG,Gray_Leaf_Spot,0.2168
/home/victor-e/maize-disease-detection/data/processed/Gray_Leaf_Spot/Mendeley_327maize_train_leaf spot.JPG,Gray_Leaf_Spot,0.5673
/home/victor-e/maize-disease-detection/data/processed/Gray_Leaf_Spot/Mendeley_671maize_valid_leaf spot.JPG,Gray_Leaf_Spot,0.8045
/home/victor-e/maize-disease-detection/data/processed/Gray_Leaf_Spot/Mendeley_2817maize_train_leaf spot.JPG,Gray_Leaf_Spot,0.1223
/home/victor-e/maize-disease-detection/data/processed/Gray_Leaf_Spot/Mendeley_909maize_valid_leaf spot.JPG,Gray_Leaf_Spot,0.8256
/home/victor-e/maize-disease-detection/data/processed/Gray_Leaf_Spot/Mendeley_1258maize_valid_leaf spot.JPG,Gray_Leaf_Spot,0.0628
/home/victor-e/maize-disease-detection/data/processed/Gray_Leaf_Spot/Mendeley_1152maize_train_leaf spot.JPG,Gray_Leaf_Spot,0.8523
/home/victor-e/maize-disease-detection/data/processed/Gray_Leaf_Spot/Mendeley_2610maize_train_leaf spot.JPG,Gray_Leaf_Spot,0.6039
/home/victor-e/maize-disease-detection/data/processed/Gray_Leaf_Spot/Mendeley_1663maize_train_leaf spot.JPG,Gray_Leaf_Spot,0.1412
/home/victor-e/maize-disease-detection/data/processed/Gray_Leaf_Spot/Mendeley_2527maize_train_leaf spot.JPG,Gray_Leaf_Spot,0.2524
/home/victor-e/maize-disease-detection/data/processed/Gray_Leaf_Spot/Mendeley_2555maize_train_leaf spot.JPG,Gray_Leaf_Spot,0.3229
/home/victor-e/maize-disease-detection/data/processed/Gray_Leaf_Spot/Mendeley_353maize_valid_leaf spot.JPG,Gray_Leaf_Spot,0.1707
/home/victor-e/maize-disease-detection/data/processed/Gray_Leaf_Spot/Mendeley_2604maize_train_leaf spot.JPG,Gray_Leaf_Spot,0.6186
/home/victor-e/maize-disease-detection/data/processed/Gray_Leaf_Spot/Mendeley_2388maize_train_leaf spot.JPG,Gray_Leaf_Spot,0.4051
/home/victor-e/maize-disease-detection/data/processed/Gray_Leaf_Spot/Mendeley_2784maize_train_leaf spot.JPG,Gray_Leaf_Spot,0.9429
/home/victor-e/maize-disease-detection/data/processed/Gray_Leaf_Spot/Mendeley_673maize_valid_leaf spot.JPG,Gray_Leaf_Spot,0.231
/home/victor-e/maize-disease-detection/data/processed/Gray_Leaf_Spot/Mendeley_2898maize_train_leaf spot.JPG,Gray_Leaf_Spot,0.848
/home/victor-e/maize-disease-detection/data/processed/Gray_Leaf_Spot/Mendeley_2201maize_train_leaf spot.JPG,Gray_Leaf_Spot,0.6485
/home/victor-e/maize-disease-detection/data/processed/Gray_Leaf_Spot/Mendeley_1398maize_train_leaf spot.JPG,Gray_Leaf_Spot,0.5603
/home/victor-e/maize-disease-detection/data/processed/Gray_Leaf_Spot/Mendeley_1208maize_valid_leaf spot.JPG,Gray_Leaf_Spot,0.5058
/home/victor-e/maize-disease-detection/data/processed/Gray_Leaf_Spot/Mendeley_2093maize_train_leaf spot.JPG,Gray_Leaf_Spot,0.3399
/home/victor-e/maize-disease-detection/data/processed/Gray_Leaf_Spot/Mendeley_1635maize_train_leaf spot.JPG,Gray_Leaf_Spot,0.2249
/home/victor-e/maize-disease-detection/data/processed/Gray_Leaf_Spot/Mendeley_792maize_valid_leaf spot.JPG,Gray_Leaf_Spot,0.3962
/home/victor-e/maize-disease-detection/data/processed/Gray_Leaf_Spot/Mendeley_160maize_valid_leaf spot.JPG,Gray_Leaf_Spot,0.5513
/home/victor-e/maize-disease-detection/data/processed/Gray_Leaf_Spot/Mendeley_952maize_valid_leaf spot.JPG,Gray_Leaf_Spot,0.8558
/home/victor-e/maize-disease-detection/data/processed/Gray_Leaf_Spot/Mendeley_143maize_valid_leaf spot.JPG,Gray_Leaf_Spot,0.699
/home/victor-e/maize-disease-detection/data/processed/Gray_Leaf_Spot/Mendeley_1158maize_valid_leaf spot.JPG,Gray_Leaf_Spot,0.3766
/home/victor-e/maize-disease-detection/data/processed/Gray_Leaf_Spot/Mendeley_1143maize_valid_leaf spot.JPG,Gray_Leaf_Spot,0.2815
/home/victor-e/maize-disease-detection/data/processed/Gray_Leaf_Spot/Mendeley_2245maize_train_leaf spot.JPG,Gray_Leaf_Spot,0.4107
/home/victor-e/maize-disease-detection/data/processed/Gray_Leaf_Spot/Mendeley_1065maize_valid_leaf spot.JPG,Gray_Leaf_Spot,0.081
/home/victor-e/maize-disease-detection/data/processed/Gray_Leaf_Spot/Mendeley_1971maize_train_leaf spot.JPG,Gray_Leaf_Spot,0.4183
/home/victor-e/maize-disease-detection/data/processed/Gray_Leaf_Spot/Mendeley_901maize_valid_leaf spot.JPG,Gray_Leaf_Spot,0.5053
/home/victor-e/maize-disease-detection/data/processed/Gray_Leaf_Spot/Mendeley_1191maize_valid_leaf spot.JPG,Gray_Leaf_Spot,0.5285
/home/victor-e/maize-disease-detection/data/processed/Gray_Leaf_Spot/Mendeley_2859maize_train_leaf spot.JPG,Gray_Leaf_Spot,0.7211
/home/victor-e/maize-disease-detection/data/processed/Gray_Leaf_Spot/Mendeley_1949maize_train_leaf spot.JPG,Gray_Leaf_Spot,0.2463
/home/victor-e/maize-disease-detection/data/processed/Gray_Leaf_Spot/Mendeley_568maize_valid_leaf spot.JPG,Gray_Leaf_Spot,0.0639
/home/victor-e/maize-disease-detection/data/processed/Gray_Leaf_Spot/Mendeley_2708maize_train_leaf spot.JPG,Gray_Leaf_Spot,0.63
/home/victor-e/maize-disease-detection/data/processed/Gray_Leaf_Spot/Mendeley_2516maize_train_leaf spot.JPG,Gray_Leaf_Spot,0.4828
/home/victor-e/maize-disease-detection/data/processed/Gray_Leaf_Spot/Mendeley_2813maize_train_leaf spot.JPG,Gray_Leaf_Spot,0.3751
/home/victor-e/maize-disease-detection/data/processed/Gray_Leaf_Spot/Mendeley_2325maize_train_leaf spot.JPG,Gray_Leaf_Spot,0.165
/home/victor-e/maize-disease-detection/data/processed/Gray_Leaf_Spot/Mendeley_127maize_valid_leaf spot.JPG,Gray_Leaf_Spot,0.0567
/home/victor-e/maize-disease-detection/data/processed/Gray_Leaf_Spot/Mendeley_391maize_valid_leaf spot.JPG,Gray_Leaf_Spot,0.3398
/home/victor-e/maize-disease-detection/data/processed/Gray_Leaf_Spot/Mendeley_1180maize_train_leaf spot.JPG,Gray_Leaf_Spot,0.2669
/home/victor-e/maize-disease-detection/data/processed/Gray_Leaf_Spot/Mendeley_2445maize_train_leaf spot.JPG,Gray_Leaf_Spot,0.2313
/home/victor-e/maize-disease-detection/data/processed/Gray_Leaf_Spot/Mendeley_1101maize_train_leaf spot.JPG,Gray_Leaf_Spot,0.4779
/home/victor-e/maize-disease-detection/data/processed/Gray_Leaf_Spot/Mendeley_528maize_valid_leaf spot.JPG,Gray_Leaf_Spot,0.0731
/home/victor-e/maize-disease-detection/data/processed/Gray_Leaf_Spot/Mendeley_3709maize_train_leaf spot.JPG,Gray_Leaf_Spot,0.4462
/home/victor-e/maize-disease-detection/data/processed/Gray_Leaf_Spot/Mendeley_1962maize_train_leaf spot.JPG,Gray_Leaf_Spot,0.5314
/home/victor-e/maize-disease-detection/data/processed/Gray_Leaf_Spot/Mendeley_1239maize_valid_leaf spot.JPG,Gray_Leaf_Spot,0.7547
/home/victor-e/maize-disease-detection/data/processed/Gray_Leaf_Spot/Mendeley_1698maize_train_leaf spot.JPG,Gray_Leaf_Spot,0.5528
/home/victor-e/maize-disease-detection/data/processed/Gray_Leaf_Spot/Mendeley_1101maize_valid_leaf spot.JPG,Gray_Leaf_Spot,0.3168
/home/victor-e/maize-disease-detection/data/processed/Gray_Leaf_Spot/Mendeley_2396maize_train_leaf spot.JPG,Gray_Leaf_Spot,0.4087
/home/victor-e/maize-disease-detection/data/processed/Gray_Leaf_Spot/Mendeley_2684maize_train_leaf spot.JPG,Gray_Leaf_Spot,0.3767
/home/victor-e/maize-disease-detection/data/processed/Gray_Leaf_Spot/Mendeley_1347maize_train_leaf spot.JPG,Gray_Leaf_Spot,0.7946
/home/victor-e/maize-disease-detection/data/processed/Gray_Leaf_Spot/Mendeley_1565maize_train_leaf spot.JPG,Gray_Leaf_Spot,0.1429
/home/victor-e/maize-disease-detection/data/processed/Gray_Leaf_Spot/Mendeley_2090maize_train_leaf spot.JPG,Gray_Leaf_Spot,0.4128
/home/victor-e/maize-disease-detection/data/processed/Gray_Leaf_Spot/Mendeley_101maize_valid_leaf spot.JPG,Gray_Leaf_Spot,0.5695
/home/victor-e/maize-disease-detection/data/processed/Gray_Leaf_Spot/Mendeley_2339maize_train_leaf spot.JPG,Gray_Leaf_Spot,0.3501
/home/victor-e/maize-disease-detection/data/processed/Gray_Leaf_Spot/Mendeley_1858maize_train_leaf spot.JPG,Gray_Leaf_Spot,0.4858
/home/victor-e/maize-disease-detection/data/processed/Gray_Leaf_Spot/Mendeley_1077maize_train_leaf spot.JPG,Gray_Leaf_Spot,0.789
/home/victor-e/maize-disease-detection/data/processed/Gray_Leaf_Spot/Mendeley_1163maize_valid_leaf spot.JPG,Gray_Leaf_Spot,0.0002
/home/victor-e/maize-disease-detection/data/processed/Gray_Leaf_Spot/Mendeley_2412maize_train_leaf spot.JPG,Gray_Leaf_Spot,0.5312
/home/victor-e/maize-disease-detection/data/processed/Gray_Leaf_Spot/Mendeley_2886maize_train_leaf spot.JPG,Gray_Leaf_Spot,0.2593
/home/victor-e/maize-disease-detection/data/processed/Gray_Leaf_Spot/Mendeley_424maize_valid_leaf spot.JPG,Gray_Leaf_Spot,0.7529
/home/victor-e/maize-disease-detection/data/processed/Gray_Leaf_Spot/Mendeley_731maize_valid_leaf spot.JPG,Gray_Leaf_Spot,0.2239
/home/victor-e/maize-disease-detection/data/processed/Gray_Leaf_Spot/Mendeley_2131maize_train_leaf spot.JPG,Gray_Leaf_Spot,0.5929
/home/victor-e/maize-disease-detection/data/processed/Gray_Leaf_Spot/Mendeley_2032maize_train_leaf spot.JPG,Gray_Leaf_Spot,0.4757
/home/victor-e/maize-disease-detection/data/processed/Gray_Leaf_Spot/Mendeley_1405maize_train_leaf spot.JPG,Gray_Leaf_Spot,0.0669
/home/victor-e/maize-disease-detection/data/processed/Gray_Leaf_Spot/Mendeley_2602maize_train_leaf spot.JPG,Gray_Leaf_Spot,0.5404
/home/victor-e/maize-disease-detection/data/processed/Gray_Leaf_Spot/Mendeley_1610maize_train_leaf spot.JPG,Gray_Leaf_Spot,0.4722
/home/victor-e/maize-disease-detection/data/processed/Gray_Leaf_Spot/Mendeley_1016maize_valid_leaf spot.JPG,Gray_Leaf_Spot,0.0205
/home/victor-e/maize-disease-detection/data/processed/Gray_Leaf_Spot/Mendeley_2718maize_train_leaf spot.JPG,Gray_Leaf_Spot,0.7358
/home/victor-e/maize-disease-detection/data/processed/Gray_Leaf_Spot/Mendeley_479maize_valid_leaf spot.JPG,Gray_Leaf_Spot,0.4175
/home/victor-e/maize-disease-detection/data/processed/Gray_Leaf_Spot/Mendeley_2380maize_train_leaf spot.JPG,Gray_Leaf_Spot,0.3085
/home/victor-e/maize-disease-detection/data/processed/Gray_Leaf_Spot/Mendeley_211maize_train_leaf spot.JPG,Gray_Leaf_Spot,0.3116
/home/victor-e/maize-disease-detection/data/processed/Gray_Leaf_Spot/Mendeley_1185maize_train_leaf spot.JPG,Gray_Leaf_Spot,0.2609
/home/victor-e/maize-disease-detection/data/processed/Gray_Leaf_Spot/Mendeley_29maize_train_leaf spot.JPG,Gray_Leaf_Spot,0.4355
/home/victor-e/maize-disease-detection/data/processed/Gray_Leaf_Spot/Mendeley_2793maize_train_leaf spot.JPG,Gray_Leaf_Spot,0.7285
/home/victor-e/maize-disease-detection/data/processed/Gray_Leaf_Spot/Mendeley_1461maize_train_leaf spot.JPG,Gray_Leaf_Spot,0.7635
/home/victor-e/maize-disease-detection/data/processed/Gray_Leaf_Spot/Mendeley_188maize_valid_leaf spot.JPG,Gray_Leaf_Spot,0.1377
/home/victor-e/maize-disease-detection/data/processed/Gray_Leaf_Spot/Mendeley_857maize_valid_leaf spot.JPG,Gray_Leaf_Spot,0.8785
/home/victor-e/maize-disease-detection/data/processed/Gray_Leaf_Spot/Mendeley_2841maize_train_leaf spot.JPG,Gray_Leaf_Spot,0.2932
/home/victor-e/maize-disease-detection/data/processed/Gray_Leaf_Spot/Mendeley_1477maize_train_leaf spot.JPG,Gray_Leaf_Spot,0.5667
/home/victor-e/maize-disease-detection/data/processed/Gray_Leaf_Spot/Mendeley_1599maize_train_leaf spot.JPG,Gray_Leaf_Spot,0.1087
/home/victor-e/maize-disease-detection/data/processed/Gray_Leaf_Spot/Mendeley_1110maize_valid_leaf spot.JPG,Gray_Leaf_Spot,0.8831
/home/victor-e/maize-disease-detection/data/processed/Gray_Leaf_Spot/Mendeley_303maize_valid_leaf spot.JPG,Gray_Leaf_Spot,0.9201
/home/victor-e/maize-disease-detection/data/processed/Gray_Leaf_Spot/Mendeley_1436maize_train_leaf spot.JPG,Gray_Leaf_Spot,0.8589
/home/victor-e/maize-disease-detection/data/processed/Gray_Leaf_Spot/Mendeley_1842maize_train_leaf spot.JPG,Gray_Leaf_Spot,0.3224
/home/victor-e/maize-disease-detection/data/processed/Gray_Leaf_Spot/Mendeley_1350maize_train_leaf spot.JPG,Gray_Leaf_Spot,0.8768
/home/victor-e/maize-disease-detection/data/processed/Gray_Leaf_Spot/Mendeley_1759maize_train_leaf spot.JPG,Gray_Leaf_Spot,0.0803
/home/victor-e/maize-disease-detection/data/processed/Gray_Leaf_Spot/Mendeley_590maize_valid_leaf spot.JPG,Gray_Leaf_Spot,0.1994
/home/victor-e/maize-disease-detection/data/processed/Gray_Leaf_Spot/Mendeley_578maize_valid_leaf spot.JPG,Gray_Leaf_Spot,0.0815
/home/victor-e/maize-disease-detection/data/processed/Gray_Leaf_Spot/Mendeley_308maize_train_leaf spot.JPG,Gray_Leaf_Spot,0.1146
/home/victor-e/maize-disease-detection/data/processed/Gray_Leaf_Spot/Mendeley_385maize_valid_leaf spot.JPG,Gray_Leaf_Spot,0.9661
/home/victor-e/maize-disease-detection/data/processed/Gray_Leaf_Spot/Mendeley_322maize_valid_leaf spot.JPG,Gray_Leaf_Spot,0.4415
/home/victor-e/maize-disease-detection/data/processed/Gray_Leaf_Spot/Mendeley_953maize_valid_leaf spot.JPG,Gray_Leaf_Spot,0.7153
/home/victor-e/maize-disease-detection/data/processed/Gray_Leaf_Spot/Mendeley_1011maize_valid_leaf spot.JPG,Gray_Leaf_Spot,0.4469
/home/victor-e/maize-disease-detection/data/processed/Gray_Leaf_Spot/Mendeley_961maize_valid_leaf spot.JPG,Gray_Leaf_Spot,0.4943
/home/victor-e/maize-disease-detection/data/processed/Gray_Leaf_Spot/Mendeley_1359maize_train_leaf spot.JPG,Gray_Leaf_Spot,0.2209
/home/victor-e/maize-disease-detection/data/processed/Gray_Leaf_Spot/Mendeley_209maize_train_leaf spot.JPG,Gray_Leaf_Spot,0.2023
/home/victor-e/maize-disease-detection/data/processed/Gray_Leaf_Spot/Mendeley_187maize_valid_leaf spot.JPG,Gray_Leaf_Spot,0.5198
/home/victor-e/maize-disease-detection/data/processed/Gray_Leaf_Spot/Mendeley_1092maize_train_leaf spot.JPG,Gray_Leaf_Spot,0.3597
/home/victor-e/maize-disease-detection/data/processed/Gray_Leaf_Spot/Mendeley_1052maize_train_leaf spot.JPG,Gray_Leaf_Spot,0.673
/home/victor-e/maize-disease-detection/data/processed/Gray_Leaf_Spot/Mendeley_869maize_valid_leaf spot.JPG,Gray_Leaf_Spot,0.1079
/home/victor-e/maize-disease-detection/data/processed/Gray_Leaf_Spot/Mendeley_2459maize_train_leaf spot.JPG,Gray_Leaf_Spot,0.3231
/home/victor-e/maize-disease-detection/data/processed/Gray_Leaf_Spot/Mendeley_255maize_train_leaf spot.JPG,Gray_Leaf_Spot,0.4667
/home/victor-e/maize-disease-detection/data/processed/Gray_Leaf_Spot/Mendeley_1441maize_train_leaf spot.JPG,Gray_Leaf_Spot,0.7787
/home/victor-e/maize-disease-detection/data/processed/Gray_Leaf_Spot/Mendeley_2647maize_train_leaf spot.JPG,Gray_Leaf_Spot,0.2193
/home/victor-e/maize-disease-detection/data/processed/Gray_Leaf_Spot/Mendeley_3716maize_train_leaf spot.JPG,Gray_Leaf_Spot,0.6502
/home/victor-e/maize-disease-detection/data/processed/Gray_Leaf_Spot/Mendeley_591maize_valid_leaf spot.JPG,Gray_Leaf_Spot,0.1726
/home/victor-e/maize-disease-detection/data/processed/Gray_Leaf_Spot/Mendeley_923maize_valid_leaf spot.JPG,Gray_Leaf_Spot,0.5703
/home/victor-e/maize-disease-detection/data/processed/Gray_Leaf_Spot/Mendeley_2104maize_train_leaf spot.JPG,Gray_Leaf_Spot,0.6371
/home/victor-e/maize-disease-detection/data/processed/Gray_Leaf_Spot/Mendeley_2261maize_train_leaf spot.JPG,Gray_Leaf_Spot,0.7543
/home/victor-e/maize-disease-detection/data/processed/Gray_Leaf_Spot/Mendeley_934maize_valid_leaf spot.JPG,Gray_Leaf_Spot,0.3441
/home/victor-e/maize-disease-detection/data/processed/Gray_Leaf_Spot/Mendeley_1144maize_valid_leaf spot.JPG,Gray_Leaf_Spot,0.4199
/home/victor-e/maize-disease-detection/data/processed/Gray_Leaf_Spot/Mendeley_1764maize_train_leaf spot.JPG,Gray_Leaf_Spot,0.255
/home/victor-e/maize-disease-detection/data/processed/Gray_Leaf_Spot/Mendeley_1917maize_train_leaf spot.JPG,Gray_Leaf_Spot,0.4429
/home/victor-e/maize-disease-detection/data/processed/Gray_Leaf_Spot/Mendeley_2256maize_train_leaf spot.JPG,Gray_Leaf_Spot,0.2175
/home/victor-e/maize-disease-detection/data/processed/Gray_Leaf_Spot/Mendeley_956maize_valid_leaf spot.JPG,Gray_Leaf_Spot,0.398
/home/victor-e/maize-disease-detection/data/processed/Gray_Leaf_Spot/Mendeley_338maize_train_leaf spot.JPG,Gray_Leaf_Spot,0.324
/home/victor-e/maize-disease-detection/data/processed/Gray_Leaf_Spot/Mendeley_1586maize_train_leaf spot.JPG,Gray_Leaf_Spot,0.1021
/home/victor-e/maize-disease-detection/data/processed/Gray_Leaf_Spot/Mendeley_2182maize_train_leaf spot.JPG,Gray_Leaf_Spot,0.6294
/home/victor-e/maize-disease-detection/data/processed/Gray_Leaf_Spot/Mendeley_472maize_valid_leaf spot.JPG,Gray_Leaf_Spot,0.852
/home/victor-e/maize-disease-detection/data/processed/Gray_Leaf_Spot/Mendeley_1644maize_train_leaf spot.JPG,Gray_Leaf_Spot,0.1833
/home/victor-e/maize-disease-detection/data/processed/Gray_Leaf_Spot/Mendeley_1154maize_train_leaf spot.JPG,Gray_Leaf_Spot,0.8376
/home/victor-e/maize-disease-detection/data/processed/Gray_Leaf_Spot/Mendeley_2807maize_train_leaf spot.JPG,Gray_Leaf_Spot,0.3445
/home/victor-e/maize-disease-detection/data/processed/Gray_Leaf_Spot/Mendeley_649maize_valid_leaf spot.JPG,Gray_Leaf_Spot,0.1728
/home/victor-e/maize-disease-detection/data/processed/Gray_Leaf_Spot/Mendeley_169maize_train_leaf spot.JPG,Gray_Leaf_Spot,0.063
/home/victor-e/maize-disease-detection/data/processed/Gray_Leaf_Spot/Mendeley_943maize_valid_leaf spot.JPG,Gray_Leaf_Spot,0.8223
/home/victor-e/maize-disease-detection/data/processed/Gray_Leaf_Spot/Mendeley_1153maize_train_leaf spot.JPG,Gray_Leaf_Spot,0.7155
/home/victor-e/maize-disease-detection/data/processed/Gray_Leaf_Spot/Mendeley_2485maize_train_leaf spot.JPG,Gray_Leaf_Spot,0.1723
/home/victor-e/maize-disease-detection/data/processed/Gray_Leaf_Spot/Mendeley_2100maize_train_leaf spot.JPG,Gray_Leaf_Spot,0.4819
/home/victor-e/maize-disease-detection/data/processed/Gray_Leaf_Spot/Mendeley_718maize_valid_leaf spot.JPG,Gray_Leaf_Spot,0.4697
/home/victor-e/maize-disease-detection/data/processed/Gray_Leaf_Spot/Mendeley_1779maize_train_leaf spot.JPG,Gray_Leaf_Spot,0.2925
/home/victor-e/maize-disease-detection/data/processed/Gray_Leaf_Spot/Mendeley_2maize_train_leaf spot.JPG,Gray_Leaf_Spot,0.7254
/home/victor-e/maize-disease-detection/data/processed/Gray_Leaf_Spot/Mendeley_359maize_valid_leaf spot.JPG,Gray_Leaf_Spot,0.4021
/home/victor-e/maize-disease-detection/data/processed/Gray_Leaf_Spot/Mendeley_491maize_valid_leaf spot.JPG,Gray_Leaf_Spot,0.8151
/home/victor-e/maize-disease-detection/data/processed/Gray_Leaf_Spot/Mendeley_165maize_valid_leaf spot.JPG,Gray_Leaf_Spot,0.6586
/home/victor-e/maize-disease-detection/data/processed/Gray_Leaf_Spot/Mendeley_243maize_valid_leaf spot.JPG,Gray_Leaf_Spot,0.0738
/home/victor-e/maize-disease-detection/data/processed/Gray_Leaf_Spot/Mendeley_364maize_valid_leaf spot.JPG,Gray_Leaf_Spot,0.4386
/home/victor-e/maize-disease-detection/data/processed/Gray_Leaf_Spot/Mendeley_2463maize_train_leaf spot.JPG,Gray_Leaf_Spot,0.4426
/home/victor-e/maize-disease-detection/data/processed/Gray_Leaf_Spot/Mendeley_2219maize_train_leaf spot.JPG,Gray_Leaf_Spot,0.139
/home/victor-e/maize-disease-detection/data/processed/Gray_Leaf_Spot/Mendeley_1531maize_train_leaf spot.JPG,Gray_Leaf_Spot,0.4269
/home/victor-e/maize-disease-detection/data/processed/Gray_Leaf_Spot/Mendeley_2355maize_train_leaf spot.JPG,Gray_Leaf_Spot,0.3658
/home/victor-e/maize-disease-detection/data/processed/Gray_Leaf_Spot/Mendeley_2294maize_train_leaf spot.JPG,Gray_Leaf_Spot,0.3423
/home/victor-e/maize-disease-detection/data/processed/Gray_Leaf_Spot/Mendeley_215maize_valid_leaf spot.JPG,Gray_Leaf_Spot,0.7225
/home/victor-e/maize-disease-detection/data/processed/Gray_Leaf_Spot/Mendeley_345maize_train_leaf spot.JPG,Gray_Leaf_Spot,0.8645
/home/victor-e/maize-disease-detection/data/processed/Gray_Leaf_Spot/Mendeley_11maize_valid_leaf spot.JPG,Gray_Leaf_Spot,0.484
/home/victor-e/maize-disease-detection/data/processed/Gray_Leaf_Spot/Mendeley_2705maize_train_leaf spot.JPG,Gray_Leaf_Spot,0.9074
/home/victor-e/maize-disease-detection/data/processed/Gray_Leaf_Spot/Mendeley_1687maize_train_leaf spot.JPG,Gray_Leaf_Spot,0.3339
/home/victor-e/maize-disease-detection/data/processed/Gray_Leaf_Spot/Mendeley_1963maize_train_leaf spot.JPG,Gray_Leaf_Spot,0.5274
/home/victor-e/maize-disease-detection/data/processed/Gray_Leaf_Spot/Mendeley_2819maize_train_leaf spot.JPG,Gray_Leaf_Spot,0.1828
/home/victor-e/maize-disease-detection/data/processed/Gray_Leaf_Spot/Mendeley_1123maize_valid_leaf spot.JPG,Gray_Leaf_Spot,0.7555
/home/victor-e/maize-disease-detection/data/processed/Gray_Leaf_Spot/Mendeley_1064maize_train_leaf spot.JPG,Gray_Leaf_Spot,0.7388
/home/victor-e/maize-disease-detection/data/processed/Gray_Leaf_Spot/Mendeley_1804maize_train_leaf spot.JPG,Gray_Leaf_Spot,0.4715
/home/victor-e/maize-disease-detection/data/processed/Gray_Leaf_Spot/Mendeley_2843maize_train_leaf spot.JPG,Gray_Leaf_Spot,0.5699
/home/victor-e/maize-disease-detection/data/processed/Gray_Leaf_Spot/Mendeley_1972maize_train_leaf spot.JPG,Gray_Leaf_Spot,0.9496
/home/victor-e/maize-disease-detection/data/processed/Gray_Leaf_Spot/Mendeley_2652maize_train_leaf spot.JPG,Gray_Leaf_Spot,0.3724
/home/victor-e/maize-disease-detection/data/processed/Gray_Leaf_Spot/Mendeley_2275maize_train_leaf spot.JPG,Gray_Leaf_Spot,0.1107
/home/victor-e/maize-disease-detection/data/processed/Gray_Leaf_Spot/Mendeley_2523maize_train_leaf spot.JPG,Gray_Leaf_Spot,0.9841
/home/victor-e/maize-disease-detection/data/processed/Gray_Leaf_Spot/Mendeley_330maize_train_leaf spot.JPG,Gray_Leaf_Spot,0.8464
/home/victor-e/maize-disease-detection/data/processed/Gray_Leaf_Spot/Mendeley_916maize_valid_leaf spot.JPG,Gray_Leaf_Spot,0.1912
/home/victor-e/maize-disease-detection/data/processed/Gray_Leaf_Spot/Mendeley_2070maize_train_leaf spot.JPG,Gray_Leaf_Spot,0.7391
/home/victor-e/maize-disease-detection/data/processed/Gray_Leaf_Spot/Mendeley_1942maize_train_leaf spot.JPG,Gray_Leaf_Spot,0.9318
/home/victor-e/maize-disease-detection/data/processed/Gray_Leaf_Spot/Mendeley_143maize_train_leaf spot.JPG,Gray_Leaf_Spot,0.1481
/home/victor-e/maize-disease-detection/data/processed/Gray_Leaf_Spot/Mendeley_294maize_valid_leaf spot.JPG,Gray_Leaf_Spot,0.8334
/home/victor-e/maize-disease-detection/data/processed/Gray_Leaf_Spot/Mendeley_2582maize_train_leaf spot.JPG,Gray_Leaf_Spot,0.3435
/home/victor-e/maize-disease-detection/data/processed/Gray_Leaf_Spot/Mendeley_1982maize_train_leaf spot.JPG,Gray_Leaf_Spot,0.5709
/home/victor-e/maize-disease-detection/data/processed/Gray_Leaf_Spot/Mendeley_161maize_train_leaf spot.JPG,Gray_Leaf_Spot,0.0273
/home/victor-e/maize-disease-detection/data/processed/Gray_Leaf_Spot/Mendeley_342maize_train_leaf spot.JPG,Gray_Leaf_Spot,0.3937
/home/victor-e/maize-disease-detection/data/processed/Gray_Leaf_Spot/Mendeley_40maize_valid_leaf spot.JPG,Gray_Leaf_Spot,0.4935
/home/victor-e/maize-disease-detection/data/processed/Gray_Leaf_Spot/Mendeley_1564maize_train_leaf spot.JPG,Gray_Leaf_Spot,0.1717
/home/victor-e/maize-disease-detection/data/processed/Gray_Leaf_Spot/Mendeley_41maize_valid_leaf spot.JPG,Gray_Leaf_Spot,0.4879
/home/victor-e/maize-disease-detection/data/processed/Gray_Leaf_Spot/Mendeley_175maize_valid_leaf spot.JPG,Gray_Leaf_Spot,0.5804
/home/victor-e/maize-disease-detection/data/processed/Gray_Leaf_Spot/Mendeley_1986maize_train_leaf spot.JPG,Gray_Leaf_Spot,0.2793
/home/victor-e/maize-disease-detection/data/processed/Gray_Leaf_Spot/Mendeley_1255maize_valid_leaf spot.JPG,Gray_Leaf_Spot,0.8093
/home/victor-e/maize-disease-detection/data/processed/Gray_Leaf_Spot/Mendeley_600maize_valid_leaf spot.JPG,Gray_Leaf_Spot,0.0845
/home/victor-e/maize-disease-detection/data/processed/Gray_Leaf_Spot/Mendeley_1040maize_valid_leaf spot.JPG,Gray_Leaf_Spot,0.6226
/home/victor-e/maize-disease-detection/data/processed/Gray_Leaf_Spot/Mendeley_168maize_valid_leaf spot.JPG,Gray_Leaf_Spot,0.3407
/home/victor-e/maize-disease-detection/data/processed/Gray_Leaf_Spot/Mendeley_2803maize_train_leaf spot.JPG,Gray_Leaf_Spot,0.3077
/home/victor-e/maize-disease-detection/data/processed/Gray_Leaf_Spot/Mendeley_1236maize_train_leaf spot.JPG,Gray_Leaf_Spot,0.8042
/home/victor-e/maize-disease-detection/data/processed/Gray_Leaf_Spot/Mendeley_813maize_valid_leaf spot.JPG,Gray_Leaf_Spot,0.1654
/home/victor-e/maize-disease-detection/data/processed/Gray_Leaf_Spot/Mendeley_2286maize_train_leaf spot.JPG,Gray_Leaf_Spot,0.3031
/home/victor-e/maize-disease-detection/data/processed/Gray_Leaf_Spot/Mendeley_2241maize_train_leaf spot.JPG,Gray_Leaf_Spot,0.2759
/home/victor-e/maize-disease-detection/data/processed/Gray_Leaf_Spot/Mendeley_1199maize_valid_leaf spot.JPG,Gray_Leaf_Spot,0.6881
/home/victor-e/maize-disease-detection/data/processed/Gray_Leaf_Spot/Mendeley_28maize_train_leaf spot.JPG,Gray_Leaf_Spot,0.7131
/home/victor-e/maize-disease-detection/data/processed/Gray_Leaf_Spot/Mendeley_1060maize_valid_leaf spot.JPG,Gray_Leaf_Spot,0.5648
/home/victor-e/maize-disease-detection/data/processed/Gray_Leaf_Spot/Mendeley_2074maize_train_leaf spot.JPG,Gray_Leaf_Spot,0.7237
/home/victor-e/maize-disease-detection/data/processed/Gray_Leaf_Spot/Mendeley_239maize_train_leaf spot.JPG,Gray_Leaf_Spot,0.6407
/home/victor-e/maize-disease-detection/data/processed/Gray_Leaf_Spot/Mendeley_1671maize_train_leaf spot.JPG,Gray_Leaf_Spot,0.0736
/home/victor-e/maize-disease-detection/data/processed/Gray_Leaf_Spot/Mendeley_315maize_valid_leaf spot.JPG,Gray_Leaf_Spot,0.8576
/home/victor-e/maize-disease-detection/data/processed/Gray_Leaf_Spot/Mendeley_347maize_train_leaf spot.JPG,Gray_Leaf_Spot,0.8025
/home/victor-e/maize-disease-detection/data/processed/Gray_Leaf_Spot/Mendeley_2174maize_train_leaf spot.JPG,Gray_Leaf_Spot,0.5353
/home/victor-e/maize-disease-detection/data/processed/Gray_Leaf_Spot/Mendeley_1001maize_valid_leaf spot.JPG,Gray_Leaf_Spot,0.4302
/home/victor-e/maize-disease-detection/data/processed/Gray_Leaf_Spot/Mendeley_1659maize_train_leaf spot.JPG,Gray_Leaf_Spot,0.0301
/home/victor-e/maize-disease-detection/data/processed/Gray_Leaf_Spot/Mendeley_313maize_train_leaf spot.JPG,Gray_Leaf_Spot,0.0903
/home/victor-e/maize-disease-detection/data/processed/Gray_Leaf_Spot/Mendeley_1694maize_train_leaf spot.JPG,Gray_Leaf_Spot,0.439
/home/victor-e/maize-disease-detection/data/processed/Gray_Leaf_Spot/Mendeley_1383maize_train_leaf spot.JPG,Gray_Leaf_Spot,0.862
/home/victor-e/maize-disease-detection/data/processed/Gray_Leaf_Spot/Mendeley_2473maize_train_leaf spot.JPG,Gray_Leaf_Spot,0.2774
/home/victor-e/maize-disease-detection/data/processed/Gray_Leaf_Spot/Mendeley_2437maize_train_leaf spot.JPG,Gray_Leaf_Spot,0.1654
/home/victor-e/maize-disease-detection/data/processed/Gray_Leaf_Spot/Mendeley_439maize_valid_leaf spot.JPG,Gray_Leaf_Spot,0.789
/home/victor-e/maize-disease-detection/data/processed/Gray_Leaf_Spot/Mendeley_2394maize_train_leaf spot.JPG,Gray_Leaf_Spot,0.3228
/home/victor-e/maize-disease-detection/data/processed/Gray_Leaf_Spot/Mendeley_1385maize_train_leaf spot.JPG,Gray_Leaf_Spot,0.9632
/home/victor-e/maize-disease-detection/data/processed/Gray_Leaf_Spot/Mendeley_1113maize_train_leaf spot.JPG,Gray_Leaf_Spot,0.7372
/home/victor-e/maize-disease-detection/data/processed/Gray_Leaf_Spot/Mendeley_250maize_valid_leaf spot.JPG,Gray_Leaf_Spot,0.1753
/home/victor-e/maize-disease-detection/data/processed/Gray_Leaf_Spot/Mendeley_2548maize_train_leaf spot.JPG,Gray_Leaf_Spot,0.3307
/home/victor-e/maize-disease-detection/data/processed/Gray_Leaf_Spot/Mendeley_2648maize_train_leaf spot.JPG,Gray_Leaf_Spot,0.3944
/home/victor-e/maize-disease-detection/data/processed/Gray_Leaf_Spot/Mendeley_1433maize_train_leaf spot.JPG,Gray_Leaf_Spot,1.0
/home/victor-e/maize-disease-detection/data/processed/Gray_Leaf_Spot/Mendeley_2826maize_train_leaf spot.JPG,Gray_Leaf_Spot,0.6361
/home/victor-e/maize-disease-detection/data/processed/Gray_Leaf_Spot/Mendeley_2012maize_train_leaf spot.JPG,Gray_Leaf_Spot,0.5403
/home/victor-e/maize-disease-detection/data/processed/Gray_Leaf_Spot/Mendeley_571maize_valid_leaf spot.JPG,Gray_Leaf_Spot,0.0279
/home/victor-e/maize-disease-detection/data/processed/Gray_Leaf_Spot/Mendeley_2618maize_train_leaf spot.JPG,Gray_Leaf_Spot,0.7249
/home/victor-e/maize-disease-detection/data/processed/Gray_Leaf_Spot/Mendeley_895maize_valid_leaf spot.JPG,Gray_Leaf_Spot,0.6948
/home/victor-e/maize-disease-detection/data/processed/Gray_Leaf_Spot/Mendeley_1086maize_train_leaf spot.JPG,Gray_Leaf_Spot,0.9109
/home/victor-e/maize-disease-detection/data/processed/Gray_Leaf_Spot/Mendeley_277maize_train_leaf spot.JPG,Gray_Leaf_Spot,0.1212
/home/victor-e/maize-disease-detection/data/processed/Gray_Leaf_Spot/Mendeley_1173maize_train_leaf spot.JPG,Gray_Leaf_Spot,0.6238
/home/victor-e/maize-disease-detection/data/processed/Gray_Leaf_Spot/Mendeley_1164maize_train_leaf spot.JPG,Gray_Leaf_Spot,0.7412
/home/victor-e/maize-disease-detection/data/processed/Gray_Leaf_Spot/Mendeley_2597maize_train_leaf spot.JPG,Gray_Leaf_Spot,0.6605
/home/victor-e/maize-disease-detection/data/processed/Gray_Leaf_Spot/Mendeley_1226maize_train_leaf spot.JPG,Gray_Leaf_Spot,0.6556
/home/victor-e/maize-disease-detection/data/processed/Gray_Leaf_Spot/Mendeley_1705maize_train_leaf spot.JPG,Gray_Leaf_Spot,0.2336
/home/victor-e/maize-disease-detection/data/processed/Gray_Leaf_Spot/Mendeley_1443maize_train_leaf spot.JPG,Gray_Leaf_Spot,0.8444
/home/victor-e/maize-disease-detection/data/processed/Gray_Leaf_Spot/Mendeley_2606maize_train_leaf spot.JPG,Gray_Leaf_Spot,0.5924
/home/victor-e/maize-disease-detection/data/processed/Gray_Leaf_Spot/Mendeley_1955maize_train_leaf spot.JPG,Gray_Leaf_Spot,0.4723
/home/victor-e/maize-disease-detection/data/processed/Gray_Leaf_Spot/Mendeley_1013maize_train_leaf spot.JPG,Gray_Leaf_Spot,0.5825
/home/victor-e/maize-disease-detection/data/processed/Gray_Leaf_Spot/Mendeley_2535maize_train_leaf spot.JPG,Gray_Leaf_Spot,0.2206
/home/victor-e/maize-disease-detection/data/processed/Gray_Leaf_Spot/Mendeley_227maize_train_leaf spot.JPG,Gray_Leaf_Spot,0.2154
/home/victor-e/maize-disease-detection/data/processed/Gray_Leaf_Spot/Mendeley_1594maize_train_leaf spot.JPG,Gray_Leaf_Spot,0.3584
/home/victor-e/maize-disease-detection/data/processed/Gray_Leaf_Spot/Mendeley_811maize_valid_leaf spot.JPG,Gray_Leaf_Spot,0.1583
/home/victor-e/maize-disease-detection/data/processed/Gray_Leaf_Spot/Mendeley_1294maize_train_leaf spot.JPG,Gray_Leaf_Spot,0.8637
/home/victor-e/maize-disease-detection/data/processed/Gray_Leaf_Spot/Mendeley_682maize_valid_leaf spot.JPG,Gray_Leaf_Spot,0.4929
/home/victor-e/maize-disease-detection/data/processed/Gray_Leaf_Spot/Mendeley_2475maize_train_leaf spot.JPG,Gray_Leaf_Spot,0.3755
/home/victor-e/maize-disease-detection/data/processed/Gray_Leaf_Spot/Mendeley_1849maize_train_leaf spot.JPG,Gray_Leaf_Spot,0.0838
/home/victor-e/maize-disease-detection/data/processed/Gray_Leaf_Spot/Mendeley_859maize_valid_leaf spot.JPG,Gray_Leaf_Spot,0.4927
/home/victor-e/maize-disease-detection/data/processed/Gray_Leaf_Spot/Mendeley_2013maize_train_leaf spot.JPG,Gray_Leaf_Spot,0.5681
/home/victor-e/maize-disease-detection/data/processed/Gray_Leaf_Spot/Mendeley_379maize_valid_leaf spot.JPG,Gray_Leaf_Spot,0.4537
/home/victor-e/maize-disease-detection/data/processed/Gray_Leaf_Spot/Mendeley_1410maize_train_leaf spot.JPG,Gray_Leaf_Spot,0.5603
/home/victor-e/maize-disease-detection/data/processed/Gray_Leaf_Spot/Mendeley_1230maize_train_leaf spot.JPG,Gray_Leaf_Spot,0.5573
/home/victor-e/maize-disease-detection/data/processed/Gray_Leaf_Spot/Mendeley_280maize_train_leaf spot.JPG,Gray_Leaf_Spot,0.3941
/home/victor-e/maize-disease-detection/data/processed/Gray_Leaf_Spot/Mendeley_2811maize_train_leaf spot.JPG,Gray_Leaf_Spot,0.4333
/home/victor-e/maize-disease-detection/data/processed/Gray_Leaf_Spot/Mendeley_144maize_train_leaf spot.JPG,Gray_Leaf_Spot,0.1933
/home/victor-e/maize-disease-detection/data/processed/Gray_Leaf_Spot/Mendeley_1064maize_valid_leaf spot.JPG,Gray_Leaf_Spot,0.333
/home/victor-e/maize-disease-detection/data/processed/Gray_Leaf_Spot/Mendeley_1406maize_train_leaf spot.JPG,Gray_Leaf_Spot,0.1942
/home/victor-e/maize-disease-detection/data/processed/Gray_Leaf_Spot/Mendeley_950maize_valid_leaf spot.JPG,Gray_Leaf_Spot,0.5843
/home/victor-e/maize-disease-detection/data/processed/Gray_Leaf_Spot/Mendeley_2709maize_train_leaf spot.JPG,Gray_Leaf_Spot,0.6136
/home/victor-e/maize-disease-detection/data/processed/Gray_Leaf_Spot/Mendeley_422maize_valid_leaf spot.JPG,Gray_Leaf_Spot,0.8428
/home/victor-e/maize-disease-detection/data/processed/Gray_Leaf_Spot/Mendeley_1249maize_valid_leaf spot.JPG,Gray_Leaf_Spot,0.3214
/home/victor-e/maize-disease-detection/data/processed/Gray_Leaf_Spot/Mendeley_2409maize_train_leaf spot.JPG,Gray_Leaf_Spot,0.3101
/home/victor-e/maize-disease-detection/data/processed/Gray_Leaf_Spot/Mendeley_215maize_train_leaf spot.JPG,Gray_Leaf_Spot,0.101
/home/victor-e/maize-disease-detection/data/processed/Gray_Leaf_Spot/Mendeley_234maize_valid_leaf spot.JPG,Gray_Leaf_Spot,0.3387
/home/victor-e/maize-disease-detection/data/processed/Gray_Leaf_Spot/Mendeley_1487maize_train_leaf spot.JPG,Gray_Leaf_Spot,0.9999
/home/victor-e/maize-disease-detection/data/processed/Gray_Leaf_Spot/Mendeley_1551maize_train_leaf spot.JPG,Gray_Leaf_Spot,0.0523
/home/victor-e/maize-disease-detection/data/processed/Gray_Leaf_Spot/Mendeley_666maize_valid_leaf spot.JPG,Gray_Leaf_Spot,0.4838
/home/victor-e/maize-disease-detection/data/processed/Gray_Leaf_Spot/Mendeley_292maize_valid_leaf spot.JPG,Gray_Leaf_Spot,0.8178
/home/victor-e/maize-disease-detection/data/processed/Gray_Leaf_Spot/Mendeley_2166maize_train_leaf spot.JPG,Gray_Leaf_Spot,0.5908
/home/victor-e/maize-disease-detection/data/processed/Gray_Leaf_Spot/Mendeley_498maize_valid_leaf spot.JPG,Gray_Leaf_Spot,0.8908
/home/victor-e/maize-disease-detection/data/processed/Gray_Leaf_Spot/Mendeley_1035maize_train_leaf spot.JPG,Gray_Leaf_Spot,0.9342
/home/victor-e/maize-disease-detection/data/processed/Gray_Leaf_Spot/Mendeley_2052maize_train_leaf spot.JPG,Gray_Leaf_Spot,0.4732
/home/victor-e/maize-disease-detection/data/processed/Gray_Leaf_Spot/Mendeley_1741maize_train_leaf spot.JPG,Gray_Leaf_Spot,0.8015
/home/victor-e/maize-disease-detection/data/processed/Gray_Leaf_Spot/Mendeley_1384maize_train_leaf spot.JPG,Gray_Leaf_Spot,0.9428
/home/victor-e/maize-disease-detection/data/processed/Gray_Leaf_Spot/Mendeley_2398maize_train_leaf spot.JPG,Gray_Leaf_Spot,0.448
/home/victor-e/maize-disease-detection/data/processed/Gray_Leaf_Spot/Mendeley_2397maize_train_leaf spot.JPG,Gray_Leaf_Spot,0.4747
/home/victor-e/maize-disease-detection/data/processed/Gray_Leaf_Spot/Mendeley_334maize_train_leaf spot.JPG,Gray_Leaf_Spot,0.2112
/home/victor-e/maize-disease-detection/data/processed/Gray_Leaf_Spot/Mendeley_622maize_valid_leaf spot.JPG,Gray_Leaf_Spot,0.5613
/home/victor-e/maize-disease-detection/data/processed/Gray_Leaf_Spot/Mendeley_2417maize_train_leaf spot.JPG,Gray_Leaf_Spot,0.0734
/home/victor-e/maize-disease-detection/data/processed/Gray_Leaf_Spot/Mendeley_941maize_valid_leaf spot.JPG,Gray_Leaf_Spot,0.0853
/home/victor-e/maize-disease-detection/data/processed/Gray_Leaf_Spot/Mendeley_28maize_valid_leaf spot.JPG,Gray_Leaf_Spot,0.5757
/home/victor-e/maize-disease-detection/data/processed/Gray_Leaf_Spot/Mendeley_2198maize_train_leaf spot.JPG,Gray_Leaf_Spot,0.2184
/home/victor-e/maize-disease-detection/data/processed/Gray_Leaf_Spot/Mendeley_2893maize_train_leaf spot.JPG,Gray_Leaf_Spot,0.6779
/home/victor-e/maize-disease-detection/data/processed/Gray_Leaf_Spot/Mendeley_125maize_valid_leaf spot.JPG,Gray_Leaf_Spot,0.6695
/home/victor-e/maize-disease-detection/data/processed/Gray_Leaf_Spot/Mendeley_1931maize_train_leaf spot.JPG,Gray_Leaf_Spot,0.3404
/home/victor-e/maize-disease-detection/data/processed/Gray_Leaf_Spot/Mendeley_2323maize_train_leaf spot.JPG,Gray_Leaf_Spot,0.0841
/home/victor-e/maize-disease-detection/data/processed/Gray_Leaf_Spot/Mendeley_2484maize_train_leaf spot.JPG,Gray_Leaf_Spot,0.235
/home/victor-e/maize-disease-detection/data/processed/Gray_Leaf_Spot/Mendeley_209maize_valid_leaf spot.JPG,Gray_Leaf_Spot,0.4027
/home/victor-e/maize-disease-detection/data/processed/Gray_Leaf_Spot/Mendeley_667maize_valid_leaf spot.JPG,Gray_Leaf_Spot,0.457
/home/victor-e/maize-disease-detection/data/processed/Gray_Leaf_Spot/Mendeley_1219maize_train_leaf spot.JPG,Gray_Leaf_Spot,0.5737
/home/victor-e/maize-disease-detection/data/processed/Gray_Leaf_Spot/Mendeley_1261maize_train_leaf spot.JPG,Gray_Leaf_Spot,0.8959
/home/victor-e/maize-disease-detection/data/processed/Gray_Leaf_Spot/Mendeley_152maize_valid_leaf spot.JPG,Gray_Leaf_Spot,0.3686
/home/victor-e/maize-disease-detection/data/processed/Gray_Leaf_Spot/Mendeley_1513maize_train_leaf spot.JPG,Gray_Leaf_Spot,0.9434
/home/victor-e/maize-disease-detection/data/processed/Gray_Leaf_Spot/Mendeley_1098maize_train_leaf spot.JPG,Gray_Leaf_Spot,0.3119
/home/victor-e/maize-disease-detection/data/processed/Gray_Leaf_Spot/Mendeley_1105maize_valid_leaf spot.JPG,Gray_Leaf_Spot,0.7843
/home/victor-e/maize-disease-detection/data/processed/Gray_Leaf_Spot/Mendeley_1019maize_valid_leaf spot.JPG,Gray_Leaf_Spot,0.9324
/home/victor-e/maize-disease-detection/data/processed/Gray_Leaf_Spot/Mendeley_1974maize_train_leaf spot.JPG,Gray_Leaf_Spot,0.9242
/home/victor-e/maize-disease-detection/data/processed/Gray_Leaf_Spot/Mendeley_1243maize_train_leaf spot.JPG,Gray_Leaf_Spot,0.6188
/home/victor-e/maize-disease-detection/data/processed/Gray_Leaf_Spot/Mendeley_1537maize_train_leaf spot.JPG,Gray_Leaf_Spot,0.4326
/home/victor-e/maize-disease-detection/data/processed/Gray_Leaf_Spot/Mendeley_925maize_valid_leaf spot.JPG,Gray_Leaf_Spot,0.5722
/home/victor-e/maize-disease-detection/data/processed/Gray_Leaf_Spot/Mendeley_2557maize_train_leaf spot.JPG,Gray_Leaf_Spot,0.001
/home/victor-e/maize-disease-detection/data/processed/Gray_Leaf_Spot/Mendeley_181maize_train_leaf spot.JPG,Gray_Leaf_Spot,0.0558
/home/victor-e/maize-disease-detection/data/processed/Gray_Leaf_Spot/Mendeley_1152maize_valid_leaf spot.JPG,Gray_Leaf_Spot,0.5553
/home/victor-e/maize-disease-detection/data/processed/Gray_Leaf_Spot/Mendeley_1444maize_train_leaf spot.JPG,Gray_Leaf_Spot,0.7785
/home/victor-e/maize-disease-detection/data/processed/Gray_Leaf_Spot/Mendeley_84maize_valid_leaf spot.JPG,Gray_Leaf_Spot,0.3013
/home/victor-e/maize-disease-detection/data/processed/Gray_Leaf_Spot/Mendeley_2285maize_train_leaf spot.JPG,Gray_Leaf_Spot,0.1199
/home/victor-e/maize-disease-detection/data/processed/Gray_Leaf_Spot/Mendeley_322maize_train_leaf spot.JPG,Gray_Leaf_Spot,0.8033
/home/victor-e/maize-disease-detection/data/processed/Gray_Leaf_Spot/Mendeley_2835maize_train_leaf spot.JPG,Gray_Leaf_Spot,0.9312
/home/victor-e/maize-disease-detection/data/processed/Gray_Leaf_Spot/Mendeley_316maize_train_leaf spot.JPG,Gray_Leaf_Spot,0.7211
/home/victor-e/maize-disease-detection/data/processed/Gray_Leaf_Spot/Mendeley_1003maize_valid_leaf spot.JPG,Gray_Leaf_Spot,0.8425
/home/victor-e/maize-disease-detection/data/processed/Gray_Leaf_Spot/Mendeley_558maize_valid_leaf spot.JPG,Gray_Leaf_Spot,0.8919
/home/victor-e/maize-disease-detection/data/processed/Gray_Leaf_Spot/Mendeley_2880maize_train_leaf spot.JPG,Gray_Leaf_Spot,0.3441
/home/victor-e/maize-disease-detection/data/processed/Gray_Leaf_Spot/Mendeley_1219maize_valid_leaf spot.JPG,Gray_Leaf_Spot,0.0387
/home/victor-e/maize-disease-detection/data/processed/Gray_Leaf_Spot/Mendeley_1254maize_valid_leaf spot.JPG,Gray_Leaf_Spot,0.6085
/home/victor-e/maize-disease-detection/data/processed/Gray_Leaf_Spot/Mendeley_174maize_valid_leaf spot.JPG,Gray_Leaf_Spot,0.6155
/home/victor-e/maize-disease-detection/data/processed/Gray_Leaf_Spot/Mendeley_735maize_valid_leaf spot.JPG,Gray_Leaf_Spot,0.6478
/home/victor-e/maize-disease-detection/data/processed/Gray_Leaf_Spot/Mendeley_2444maize_train_leaf spot.JPG,Gray_Leaf_Spot,0.4071
/home/victor-e/maize-disease-detection/data/processed/Gray_Leaf_Spot/Mendeley_1042maize_valid_leaf spot.JPG,Gray_Leaf_Spot,0.1455
/home/victor-e/maize-disease-detection/data/processed/Gray_Leaf_Spot/Mendeley_1987maize_train_leaf spot.JPG,Gray_Leaf_Spot,0.2063
/home/victor-e/maize-disease-detection/data/processed/Gray_Leaf_Spot/Mendeley_164maize_train_leaf spot.JPG,Gray_Leaf_Spot,0.159
/home/victor-e/maize-disease-detection/data/processed/Gray_Leaf_Spot/Mendeley_197maize_valid_leaf spot.JPG,Gray_Leaf_Spot,0.3536
/home/victor-e/maize-disease-detection/data/processed/Gray_Leaf_Spot/Mendeley_1505maize_train_leaf spot.JPG,Gray_Leaf_Spot,0.5817
/home/victor-e/maize-disease-detection/data/processed/Gray_Leaf_Spot/Mendeley_237maize_train_leaf spot.JPG,Gray_Leaf_Spot,0.5695
/home/victor-e/maize-disease-detection/data/processed/Gray_Leaf_Spot/Mendeley_29maize_valid_leaf spot.JPG,Gray_Leaf_Spot,0.5567
/home/victor-e/maize-disease-detection/data/processed/Gray_Leaf_Spot/Mendeley_1808maize_train_leaf spot.JPG,Gray_Leaf_Spot,0.7444
/home/victor-e/maize-disease-detection/data/processed/Gray_Leaf_Spot/Mendeley_483maize_valid_leaf spot.JPG,Gray_Leaf_Spot,0.648
/home/victor-e/maize-disease-detection/data/processed/Gray_Leaf_Spot/Mendeley_1901maize_train_leaf spot.JPG,Gray_Leaf_Spot,0.5669
/home/victor-e/maize-disease-detection/data/processed/Gray_Leaf_Spot/Mendeley_194maize_valid_leaf spot.JPG,Gray_Leaf_Spot,0.29
/home/victor-e/maize-disease-detection/data/processed/Gray_Leaf_Spot/Mendeley_1260maize_train_leaf spot.JPG,Gray_Leaf_Spot,0.954
/home/victor-e/maize-disease-detection/data/processed/Gray_Leaf_Spot/Mendeley_291maize_train_leaf spot.JPG,Gray_Leaf_Spot,0.2072
/home/victor-e/maize-disease-detection/data/processed/Gray_Leaf_Spot/Mendeley_1187maize_valid_leaf spot.JPG,Gray_Leaf_Spot,0.4366
/home/victor-e/maize-disease-detection/data/processed/Gray_Leaf_Spot/Mendeley_596maize_valid_leaf spot.JPG,Gray_Leaf_Spot,0.3137
/home/victor-e/maize-disease-detection/data/processed/Gray_Leaf_Spot/Mendeley_530maize_valid_leaf spot.JPG,Gray_Leaf_Spot,0.5544
/home/victor-e/maize-disease-detection/data/processed/Gray_Leaf_Spot/Mendeley_2775maize_train_leaf spot.JPG,Gray_Leaf_Spot,0.3715
/home/victor-e/maize-disease-detection/data/processed/Gray_Leaf_Spot/Mendeley_556maize_valid_leaf spot.JPG,Gray_Leaf_Spot,0.7914
/home/victor-e/maize-disease-detection/data/processed/Gray_Leaf_Spot/Mendeley_676maize_valid_leaf spot.JPG,Gray_Leaf_Spot,0.9316
/home/victor-e/maize-disease-detection/data/processed/Gray_Leaf_Spot/Mendeley_1163maize_train_leaf spot.JPG,Gray_Leaf_Spot,0.738
/home/victor-e/maize-disease-detection/data/processed/Gray_Leaf_Spot/Mendeley_146maize_valid_leaf spot.JPG,Gray_Leaf_Spot,0.6364
/home/victor-e/maize-disease-detection/data/processed/Gray_Leaf_Spot/Mendeley_2849maize_train_leaf spot.JPG,Gray_Leaf_Spot,0.6547
/home/victor-e/maize-disease-detection/data/processed/Gray_Leaf_Spot/Mendeley_2805maize_train_leaf spot.JPG,Gray_Leaf_Spot,0.0735
/home/victor-e/maize-disease-detection/data/processed/Gray_Leaf_Spot/Mendeley_1089maize_train_leaf spot.JPG,Gray_Leaf_Spot,0.3296
/home/victor-e/maize-disease-detection/data/processed/Gray_Leaf_Spot/Mendeley_495maize_valid_leaf spot.JPG,Gray_Leaf_Spot,0.9792
/home/victor-e/maize-disease-detection/data/processed/Gray_Leaf_Spot/Mendeley_1636maize_train_leaf spot.JPG,Gray_Leaf_Spot,0.0396
/home/victor-e/maize-disease-detection/data/processed/Gray_Leaf_Spot/Mendeley_2277maize_train_leaf spot.JPG,Gray_Leaf_Spot,0.832
/home/victor-e/maize-disease-detection/data/processed/Gray_Leaf_Spot/Mendeley_1044maize_train_leaf spot.JPG,Gray_Leaf_Spot,0.6854
/home/victor-e/maize-disease-detection/data/processed/Gray_Leaf_Spot/Mendeley_1557maize_train_leaf spot.JPG,Gray_Leaf_Spot,0.0279
/home/victor-e/maize-disease-detection/data/processed/Gray_Leaf_Spot/Mendeley_2629maize_train_leaf spot.JPG,Gray_Leaf_Spot,0.2401
/home/victor-e/maize-disease-detection/data/processed/Gray_Leaf_Spot/Mendeley_67maize_valid_leaf spot.JPG,Gray_Leaf_Spot,0.063
/home/victor-e/maize-disease-detection/data/processed/Gray_Leaf_Spot/Mendeley_478maize_valid_leaf spot.JPG,Gray_Leaf_Spot,0.6793
/home/victor-e/maize-disease-detection/data/processed/Gray_Leaf_Spot/Mendeley_2095maize_train_leaf spot.JPG,Gray_Leaf_Spot,0.4482
/home/victor-e/maize-disease-detection/data/processed/Gray_Leaf_Spot/Mendeley_808maize_valid_leaf spot.JPG,Gray_Leaf_Spot,0.788
/home/victor-e/maize-disease-detection/data/processed/Gray_Leaf_Spot/Mendeley_2401maize_train_leaf spot.JPG,Gray_Leaf_Spot,0.5373
/home/victor-e/maize-disease-detection/data/processed/Gray_Leaf_Spot/Mendeley_1469maize_train_leaf spot.JPG,Gray_Leaf_Spot,0.9063
/home/victor-e/maize-disease-detection/data/processed/Gray_Leaf_Spot/Mendeley_1231maize_train_leaf spot.JPG,Gray_Leaf_Spot,0.5261
/home/victor-e/maize-disease-detection/data/processed/Gray_Leaf_Spot/Mendeley_257maize_valid_leaf spot.JPG,Gray_Leaf_Spot,0.494
/home/victor-e/maize-disease-detection/data/processed/Gray_Leaf_Spot/Mendeley_1247maize_train_leaf spot.JPG,Gray_Leaf_Spot,0.9257
/home/victor-e/maize-disease-detection/data/processed/Gray_Leaf_Spot/Mendeley_393maize_valid_leaf spot.JPG,Gray_Leaf_Spot,0.8015
/home/victor-e/maize-disease-detection/data/processed/Gray_Leaf_Spot/Mendeley_538maize_valid_leaf spot.JPG,Gray_Leaf_Spot,0.8707
/home/victor-e/maize-disease-detection/data/processed/Gray_Leaf_Spot/Mendeley_2161maize_train_leaf spot.JPG,Gray_Leaf_Spot,0.4369
/home/victor-e/maize-disease-detection/data/processed/Gray_Leaf_Spot/Mendeley_1007maize_valid_leaf spot.JPG,Gray_Leaf_Spot,0.8478
/home/victor-e/maize-disease-detection/data/processed/Gray_Leaf_Spot/Mendeley_1005maize_train_leaf spot.JPG,Gray_Leaf_Spot,0.2711
/home/victor-e/maize-disease-detection/data/processed/Gray_Leaf_Spot/Mendeley_312maize_train_leaf spot.JPG,Gray_Leaf_Spot,0.2612
/home/victor-e/maize-disease-detection/data/processed/Gray_Leaf_Spot/Mendeley_2751maize_train_leaf spot.JPG,Gray_Leaf_Spot,0.3326
/home/victor-e/maize-disease-detection/data/processed/Gray_Leaf_Spot/Mendeley_1245maize_train_leaf spot.JPG,Gray_Leaf_Spot,0.9566
/home/victor-e/maize-disease-detection/data/processed/Gray_Leaf_Spot/Mendeley_178maize_valid_leaf spot.JPG,Gray_Leaf_Spot,0.377
/home/victor-e/maize-disease-detection/data/processed/Gray_Leaf_Spot/Mendeley_2084maize_train_leaf spot.JPG,Gray_Leaf_Spot,0.4674
/home/victor-e/maize-disease-detection/data/processed/Gray_Leaf_Spot/Mendeley_843maize_valid_leaf spot.JPG,Gray_Leaf_Spot,0.3651
/home/victor-e/maize-disease-detection/data/processed/Gray_Leaf_Spot/Mendeley_214maize_train_leaf spot.JPG,Gray_Leaf_Spot,0.1588
/home/victor-e/maize-disease-detection/data/processed/Gray_Leaf_Spot/Mendeley_738maize_valid_leaf spot.JPG,Gray_Leaf_Spot,0.6018
/home/victor-e/maize-disease-detection/data/processed/Gray_Leaf_Spot/Mendeley_2058maize_train_leaf spot.JPG,Gray_Leaf_Spot,0.3158
/home/victor-e/maize-disease-detection/data/processed/Gray_Leaf_Spot/Mendeley_251maize_train_leaf spot.JPG,Gray_Leaf_Spot,0.5115
/home/victor-e/maize-disease-detection/data/processed/Gray_Leaf_Spot/Mendeley_2172maize_train_leaf spot.JPG,Gray_Leaf_Spot,0.562
/home/victor-e/maize-disease-detection/data/processed/Gray_Leaf_Spot/Mendeley_1139maize_valid_leaf spot.JPG,Gray_Leaf_Spot,0.0
/home/victor-e/maize-disease-detection/data/processed/Gray_Leaf_Spot/Mendeley_1062maize_valid_leaf spot.JPG,Gray_Leaf_Spot,0.7051
/home/victor-e/maize-disease-detection/data/processed/Gray_Leaf_Spot/Mendeley_201maize_valid_leaf spot.JPG,Gray_Leaf_Spot,0.8511
/home/victor-e/maize-disease-detection/data/processed/Gray_Leaf_Spot/Mendeley_1479maize_train_leaf spot.JPG,Gray_Leaf_Spot,0.5299
/home/victor-e/maize-disease-detection/data/processed/Gray_Leaf_Spot/Mendeley_231maize_train_leaf spot.JPG,Gray_Leaf_Spot,0.0838
/home/victor-e/maize-disease-detection/data/processed/Gray_Leaf_Spot/Mendeley_1740maize_train_leaf spot.JPG,Gray_Leaf_Spot,0.758
/home/victor-e/maize-disease-detection/data/processed/Gray_Leaf_Spot/Mendeley_285maize_train_leaf spot.JPG,Gray_Leaf_Spot,0.1298
/home/victor-e/maize-disease-detection/data/processed/Gray_Leaf_Spot/Mendeley_1030maize_valid_leaf spot.JPG,Gray_Leaf_Spot,0.0378
/home/victor-e/maize-disease-detection/data/processed/Gray_Leaf_Spot/Mendeley_1054maize_train_leaf spot.JPG,Gray_Leaf_Spot,0.66
/home/victor-e/maize-disease-detection/data/processed/Gray_Leaf_Spot/Mendeley_2105maize_train_leaf spot.JPG,Gray_Leaf_Spot,0.1368
/home/victor-e/maize-disease-detection/data/processed/Gray_Leaf_Spot/Mendeley_2474maize_train_leaf spot.JPG,Gray_Leaf_Spot,0.3761
/home/victor-e/maize-disease-detection/data/processed/Gray_Leaf_Spot/Mendeley_1733maize_train_leaf spot.JPG,Gray_Leaf_Spot,0.2021
/home/victor-e/maize-disease-detection/data/processed/Gray_Leaf_Spot/Mendeley_1156maize_train_leaf spot.JPG,Gray_Leaf_Spot,0.714
/home/victor-e/maize-disease-detection/data/processed/Gray_Leaf_Spot/Mendeley_79maize_valid_leaf spot.JPG,Gray_Leaf_Spot,0.3857
/home/victor-e/maize-disease-detection/data/processed/Gray_Leaf_Spot/Mendeley_1155maize_train_leaf spot.JPG,Gray_Leaf_Spot,0.8417
/home/victor-e/maize-disease-detection/data/processed/Gray_Leaf_Spot/Mendeley_2492maize_train_leaf spot.JPG,Gray_Leaf_Spot,0.4009
/home/victor-e/maize-disease-detection/data/processed/Gray_Leaf_Spot/Mendeley_1609maize_train_leaf spot.JPG,Gray_Leaf_Spot,0.6091
/home/victor-e/maize-disease-detection/data/processed/Gray_Leaf_Spot/Mendeley_323maize_train_leaf spot.JPG,Gray_Leaf_Spot,0.799
/home/victor-e/maize-disease-detection/data/processed/Gray_Leaf_Spot/Mendeley_1237maize_valid_leaf spot.JPG,Gray_Leaf_Spot,0.3068
/home/victor-e/maize-disease-detection/data/processed/Gray_Leaf_Spot/Mendeley_216maize_train_leaf spot.JPG,Gray_Leaf_Spot,0.1198
/home/victor-e/maize-disease-detection/data/processed/Gray_Leaf_Spot/Mendeley_2280maize_train_leaf spot.JPG,Gray_Leaf_Spot,0.2796
/home/victor-e/maize-disease-detection/data/processed/Gray_Leaf_Spot/Mendeley_1226maize_valid_leaf spot.JPG,Gray_Leaf_Spot,0.5443
/home/victor-e/maize-disease-detection/data/processed/Gray_Leaf_Spot/Mendeley_1947maize_train_leaf spot.JPG,Gray_Leaf_Spot,0.2562
/home/victor-e/maize-disease-detection/data/processed/Gray_Leaf_Spot/Mendeley_2644maize_train_leaf spot.JPG,Gray_Leaf_Spot,0.2603
/home/victor-e/maize-disease-detection/data/processed/Gray_Leaf_Spot/Mendeley_823maize_valid_leaf spot.JPG,Gray_Leaf_Spot,0.2774
/home/victor-e/maize-disease-detection/data/processed/Gray_Leaf_Spot/Mendeley_2627maize_train_leaf spot.JPG,Gray_Leaf_Spot,0.8964
/home/victor-e/maize-disease-detection/data/processed/Gray_Leaf_Spot/Mendeley_189maize_train_leaf spot.JPG,Gray_Leaf_Spot,0.1801
/home/victor-e/maize-disease-detection/data/processed/Gray_Leaf_Spot/Mendeley_1855maize_train_leaf spot.JPG,Gray_Leaf_Spot,0.3109
/home/victor-e/maize-disease-detection/data/processed/Gray_Leaf_Spot/Mendeley_599maize_valid_leaf spot.JPG,Gray_Leaf_Spot,0.198
/home/victor-e/maize-disease-detection/data/processed/Gray_Leaf_Spot/Mendeley_853maize_valid_leaf spot.JPG,Gray_Leaf_Spot,0.2831
/home/victor-e/maize-disease-detection/data/processed/Gray_Leaf_Spot/Mendeley_1203maize_valid_leaf spot.JPG,Gray_Leaf_Spot,0.595
/home/victor-e/maize-disease-detection/data/processed/Gray_Leaf_Spot/Mendeley_2347maize_train_leaf spot.JPG,Gray_Leaf_Spot,0.3959
/home/victor-e/maize-disease-detection/data/processed/Gray_Leaf_Spot/Mendeley_772maize_valid_leaf spot.JPG,Gray_Leaf_Spot,0.324
/home/victor-e/maize-disease-detection/data/processed/Gray_Leaf_Spot/Mendeley_715maize_valid_leaf spot.JPG,Gray_Leaf_Spot,0.8946
/home/victor-e/maize-disease-detection/data/processed/Gray_Leaf_Spot/Mendeley_249maize_valid_leaf spot.JPG,Gray_Leaf_Spot,0.2741
/home/victor-e/maize-disease-detection/data/processed/Gray_Leaf_Spot/Mendeley_2855maize_train_leaf spot.JPG,Gray_Leaf_Spot,0.79
/home/victor-e/maize-disease-detection/data/processed/Gray_Leaf_Spot/Mendeley_1090maize_valid_leaf spot.JPG,Gray_Leaf_Spot,0.9239
/home/victor-e/maize-disease-detection/data/processed/Gray_Leaf_Spot/Mendeley_1670maize_train_leaf spot.JPG,Gray_Leaf_Spot,0.1732
/home/victor-e/maize-disease-detection/data/processed/Gray_Leaf_Spot/Mendeley_23maize_valid_leaf spot.JPG,Gray_Leaf_Spot,0.2147
/home/victor-e/maize-disease-detection/data/processed/Gray_Leaf_Spot/Mendeley_2457maize_train_leaf spot.JPG,Gray_Leaf_Spot,0.284
/home/victor-e/maize-disease-detection/data/processed/Gray_Leaf_Spot/Mendeley_138maize_train_leaf spot.JPG,Gray_Leaf_Spot,0.2848
/home/victor-e/maize-disease-detection/data/processed/Gray_Leaf_Spot/Mendeley_461maize_valid_leaf spot.JPG,Gray_Leaf_Spot,0.4721
/home/victor-e/maize-disease-detection/data/processed/Gray_Leaf_Spot/Mendeley_2559maize_train_leaf spot.JPG,Gray_Leaf_Spot,0.1524
/home/victor-e/maize-disease-detection/data/processed/Gray_Leaf_Spot/Mendeley_403maize_valid_leaf spot.JPG,Gray_Leaf_Spot,0.2416
/home/victor-e/maize-disease-detection/data/processed/Gray_Leaf_Spot/Mendeley_2062maize_train_leaf spot.JPG,Gray_Leaf_Spot,0.3323
/home/victor-e/maize-disease-detection/data/processed/Gray_Leaf_Spot/Mendeley_670maize_valid_leaf spot.JPG,Gray_Leaf_Spot,0.7166
/home/victor-e/maize-disease-detection/data/processed/Gray_Leaf_Spot/Mendeley_220maize_valid_leaf spot.JPG,Gray_Leaf_Spot,0.3277
/home/victor-e/maize-disease-detection/data/processed/Gray_Leaf_Spot/Mendeley_656maize_valid_leaf spot.JPG,Gray_Leaf_Spot,0.9239
/home/victor-e/maize-disease-detection/data/processed/Gray_Leaf_Spot/Mendeley_1838maize_train_leaf spot.JPG,Gray_Leaf_Spot,0.5855
/home/victor-e/maize-disease-detection/data/processed/Gray_Leaf_Spot/Mendeley_2753maize_train_leaf spot.JPG,Gray_Leaf_Spot,0.3485
/home/victor-e/maize-disease-detection/data/processed/Gray_Leaf_Spot/Mendeley_910maize_valid_leaf spot.JPG,Gray_Leaf_Spot,0.7385
/home/victor-e/maize-disease-detection/data/processed/Gray_Leaf_Spot/Mendeley_2662maize_train_leaf spot.JPG,Gray_Leaf_Spot,0.4084
/home/victor-e/maize-disease-detection/data/processed/Gray_Leaf_Spot/Mendeley_508maize_valid_leaf spot.JPG,Gray_Leaf_Spot,0.8413
/home/victor-e/maize-disease-detection/data/processed/Gray_Leaf_Spot/Mendeley_703maize_valid_leaf spot.JPG,Gray_Leaf_Spot,0.4301
/home/victor-e/maize-disease-detection/data/processed/Gray_Leaf_Spot/Mendeley_1192maize_valid_leaf spot.JPG,Gray_Leaf_Spot,0.5615
/home/victor-e/maize-disease-detection/data/processed/Gray_Leaf_Spot/Mendeley_2570maize_train_leaf spot.JPG,Gray_Leaf_Spot,0.5524
/home/victor-e/maize-disease-detection/data/processed/Gray_Leaf_Spot/Mendeley_1173maize_valid_leaf spot.JPG,Gray_Leaf_Spot,0.6402
/home/victor-e/maize-disease-detection/data/processed/Gray_Leaf_Spot/Mendeley_1788maize_train_leaf spot.JPG,Gray_Leaf_Spot,0.5607
/home/victor-e/maize-disease-detection/data/processed/Gray_Leaf_Spot/Mendeley_354maize_train_leaf spot.JPG,Gray_Leaf_Spot,0.9568
/home/victor-e/maize-disease-detection/data/processed/Gray_Leaf_Spot/Mendeley_1247maize_valid_leaf spot.JPG,Gray_Leaf_Spot,0.3582
/home/victor-e/maize-disease-detection/data/processed/Gray_Leaf_Spot/Mendeley_922maize_valid_leaf spot.JPG,Gray_Leaf_Spot,0.7961
/home/victor-e/maize-disease-detection/data/processed/Gray_Leaf_Spot/Mendeley_2170maize_train_leaf spot.JPG,Gray_Leaf_Spot,0.6048
/home/victor-e/maize-disease-detection/data/processed/Gray_Leaf_Spot/Mendeley_858maize_valid_leaf spot.JPG,Gray_Leaf_Spot,0.6186
/home/victor-e/maize-disease-detection/data/processed/Gray_Leaf_Spot/Mendeley_807maize_valid_leaf spot.JPG,Gray_Leaf_Spot,0.0734
/home/victor-e/maize-disease-detection/data/processed/Gray_Leaf_Spot/Mendeley_2015maize_train_leaf spot.JPG,Gray_Leaf_Spot,0.5063
/home/victor-e/maize-disease-detection/data/processed/Gray_Leaf_Spot/Mendeley_719maize_valid_leaf spot.JPG,Gray_Leaf_Spot,0.5491
/home/victor-e/maize-disease-detection/data/processed/Gray_Leaf_Spot/Mendeley_1188maize_train_leaf spot.JPG,Gray_Leaf_Spot,0.6179
/home/victor-e/maize-disease-detection/data/processed/Gray_Leaf_Spot/Mendeley_739maize_valid_leaf spot.JPG,Gray_Leaf_Spot,0.5569
/home/victor-e/maize-disease-detection/data/processed/Gray_Leaf_Spot/Mendeley_371maize_valid_leaf spot.JPG,Gray_Leaf_Spot,0.3977
/home/victor-e/maize-disease-detection/data/processed/Gray_Leaf_Spot/Mendeley_231maize_valid_leaf spot.JPG,Gray_Leaf_Spot,0.6683
/home/victor-e/maize-disease-detection/data/processed/Gray_Leaf_Spot/Mendeley_33maize_valid_leaf spot.JPG,Gray_Leaf_Spot,0.553
/home/victor-e/maize-disease-detection/data/processed/Gray_Leaf_Spot/Mendeley_2282maize_train_leaf spot.JPG,Gray_Leaf_Spot,0.2989
/home/victor-e/maize-disease-detection/data/processed/Gray_Leaf_Spot/Mendeley_1796maize_train_leaf spot.JPG,Gray_Leaf_Spot,0.8092
/home/victor-e/maize-disease-detection/data/processed/Gray_Leaf_Spot/Mendeley_175maize_train_leaf spot.JPG,Gray_Leaf_Spot,0.312
/home/victor-e/maize-disease-detection/data/processed/Gray_Leaf_Spot/Mendeley_2053maize_train_leaf spot.JPG,Gray_Leaf_Spot,0.2207
/home/victor-e/maize-disease-detection/data/processed/Gray_Leaf_Spot/Mendeley_913maize_valid_leaf spot.JPG,Gray_Leaf_Spot,0.0738
/home/victor-e/maize-disease-detection/data/processed/Gray_Leaf_Spot/Mendeley_284maize_train_leaf spot.JPG,Gray_Leaf_Spot,0.3453
/home/victor-e/maize-disease-detection/data/processed/Gray_Leaf_Spot/Mendeley_694maize_valid_leaf spot.JPG,Gray_Leaf_Spot,0.5933
/home/victor-e/maize-disease-detection/data/processed/Gray_Leaf_Spot/Mendeley_2587maize_train_leaf spot.JPG,Gray_Leaf_Spot,0.3079
/home/victor-e/maize-disease-detection/data/processed/Gray_Leaf_Spot/Mendeley_168maize_train_leaf spot.JPG,Gray_Leaf_Spot,0.0821
/home/victor-e/maize-disease-detection/data/processed/Gray_Leaf_Spot/Mendeley_116maize_train_leaf spot.JPG,Gray_Leaf_Spot,0.7371
/home/victor-e/maize-disease-detection/data/processed/Gray_Leaf_Spot/Mendeley_1417maize_train_leaf spot.JPG,Gray_Leaf_Spot,0.2762
/home/victor-e/maize-disease-detection/data/processed/Gray_Leaf_Spot/Mendeley_2250maize_train_leaf spot.JPG,Gray_Leaf_Spot,0.4619
/home/victor-e/maize-disease-detection/data/processed/Gray_Leaf_Spot/Mendeley_2770maize_train_leaf spot.JPG,Gray_Leaf_Spot,0.4975
/home/victor-e/maize-disease-detection/data/processed/Gray_Leaf_Spot/Mendeley_1485maize_train_leaf spot.JPG,Gray_Leaf_Spot,1.0
/home/victor-e/maize-disease-detection/data/processed/Gray_Leaf_Spot/Mendeley_2571maize_train_leaf spot.JPG,Gray_Leaf_Spot,0.5002
/home/victor-e/maize-disease-detection/data/processed/Gray_Leaf_Spot/Mendeley_1667maize_train_leaf spot.JPG,Gray_Leaf_Spot,0.5446
/home/victor-e/maize-disease-detection/data/processed/Gray_Leaf_Spot/Mendeley_367maize_train_leaf spot.JPG,Gray_Leaf_Spot,0.5842
/home/victor-e/maize-disease-detection/data/processed/Gray_Leaf_Spot/Mendeley_1785maize_train_leaf spot.JPG,Gray_Leaf_Spot,0.2533
/home/victor-e/maize-disease-detection/data/processed/Gray_Leaf_Spot/Mendeley_969maize_valid_leaf spot.JPG,Gray_Leaf_Spot,0.7902
/home/victor-e/maize-disease-detection/data/processed/Gray_Leaf_Spot/Mendeley_1501maize_train_leaf spot.JPG,Gray_Leaf_Spot,0.9014
/home/victor-e/maize-disease-detection/data/processed/Gray_Leaf_Spot/Mendeley_189maize_valid_leaf spot.JPG,Gray_Leaf_Spot,0.0037
/home/victor-e/maize-disease-detection/data/processed/Gray_Leaf_Spot/Mendeley_1056maize_train_leaf spot.JPG,Gray_Leaf_Spot,0.5817
/home/victor-e/maize-disease-detection/data/processed/Gray_Leaf_Spot/Mendeley_2482maize_train_leaf spot.JPG,Gray_Leaf_Spot,0.3279
/home/victor-e/maize-disease-detection/data/processed/Gray_Leaf_Spot/Mendeley_191maize_train_leaf spot.JPG,Gray_Leaf_Spot,0.1428
/home/victor-e/maize-disease-detection/data/processed/Gray_Leaf_Spot/Mendeley_1660maize_train_leaf spot.JPG,Gray_Leaf_Spot,0.1607
/home/victor-e/maize-disease-detection/data/processed/Gray_Leaf_Spot/Mendeley_1131maize_valid_leaf spot.JPG,Gray_Leaf_Spot,0.6395
/home/victor-e/maize-disease-detection/data/processed/Gray_Leaf_Spot/Mendeley_184maize_valid_leaf spot.JPG,Gray_Leaf_Spot,0.1792
/home/victor-e/maize-disease-detection/data/processed/Gray_Leaf_Spot/Mendeley_2501maize_train_leaf spot.JPG,Gray_Leaf_Spot,0.2684
/home/victor-e/maize-disease-detection/data/processed/Gray_Leaf_Spot/Mendeley_360maize_valid_leaf spot.JPG,Gray_Leaf_Spot,0.8613
/home/victor-e/maize-disease-detection/data/processed/Gray_Leaf_Spot/Mendeley_2677maize_train_leaf spot.JPG,Gray_Leaf_Spot,0.6958
/home/victor-e/maize-disease-detection/data/processed/Gray_Leaf_Spot/Mendeley_1894maize_train_leaf spot.JPG,Gray_Leaf_Spot,0.1635
/home/victor-e/maize-disease-detection/data/processed/Gray_Leaf_Spot/Mendeley_1630maize_train_leaf spot.JPG,Gray_Leaf_Spot,0.2275
/home/victor-e/maize-disease-detection/data/processed/Gray_Leaf_Spot/Mendeley_2425maize_train_leaf spot.JPG,Gray_Leaf_Spot,0.0008
/home/victor-e/maize-disease-detection/data/processed/Gray_Leaf_Spot/Mendeley_929maize_valid_leaf spot.JPG,Gray_Leaf_Spot,0.5159
/home/victor-e/maize-disease-detection/data/processed/Gray_Leaf_Spot/Mendeley_948maize_valid_leaf spot.JPG,Gray_Leaf_Spot,0.718
/home/victor-e/maize-disease-detection/data/processed/Gray_Leaf_Spot/Mendeley_1215maize_valid_leaf spot.JPG,Gray_Leaf_Spot,0.8731
/home/victor-e/maize-disease-detection/data/processed/Gray_Leaf_Spot/Mendeley_750maize_valid_leaf spot.JPG,Gray_Leaf_Spot,0.0823
/home/victor-e/maize-disease-detection/data/processed/Gray_Leaf_Spot/Mendeley_3721maize_train_leaf spot.JPG,Gray_Leaf_Spot,0.2548
/home/victor-e/maize-disease-detection/data/processed/Gray_Leaf_Spot/Mendeley_926maize_valid_leaf spot.JPG,Gray_Leaf_Spot,0.8157
/home/victor-e/maize-disease-detection/data/processed/Gray_Leaf_Spot/Mendeley_2404maize_train_leaf spot.JPG,Gray_Leaf_Spot,0.5046
/home/victor-e/maize-disease-detection/data/processed/Gray_Leaf_Spot/Mendeley_2033maize_train_leaf spot.JPG,Gray_Leaf_Spot,0.2148
/home/victor-e/maize-disease-detection/data/processed/Gray_Leaf_Spot/Mendeley_1030maize_train_leaf spot.JPG,Gray_Leaf_Spot,0.7268
/home/victor-e/maize-disease-detection/data/processed/Gray_Leaf_Spot/Mendeley_1093maize_train_leaf spot.JPG,Gray_Leaf_Spot,0.2316
/home/victor-e/maize-disease-detection/data/processed/Gray_Leaf_Spot/Mendeley_2305maize_train_leaf spot.JPG,Gray_Leaf_Spot,0.4962
/home/victor-e/maize-disease-detection/data/processed/Gray_Leaf_Spot/Mendeley_1190maize_train_leaf spot.JPG,Gray_Leaf_Spot,0.6128
/home/victor-e/maize-disease-detection/data/processed/Gray_Leaf_Spot/Mendeley_400maize_valid_leaf spot.JPG,Gray_Leaf_Spot,0.5666
/home/victor-e/maize-disease-detection/data/processed/Gray_Leaf_Spot/Mendeley_1029maize_valid_leaf spot.JPG,Gray_Leaf_Spot,0.629
/home/victor-e/maize-disease-detection/data/processed/Gray_Leaf_Spot/Mendeley_1103maize_valid_leaf spot.JPG,Gray_Leaf_Spot,0.6734
/home/victor-e/maize-disease-detection/data/processed/Gray_Leaf_Spot/Mendeley_1254maize_train_leaf spot.JPG,Gray_Leaf_Spot,0.9296
/home/victor-e/maize-disease-detection/data/processed/Gray_Leaf_Spot/Mendeley_795maize_valid_leaf spot.JPG,Gray_Leaf_Spot,0.0445
/home/victor-e/maize-disease-detection/data/processed/Gray_Leaf_Spot/Mendeley_2190maize_train_leaf spot.JPG,Gray_Leaf_Spot,0.4013
/home/victor-e/maize-disease-detection/data/processed/Gray_Leaf_Spot/Mendeley_155maize_train_leaf spot.JPG,Gray_Leaf_Spot,0.5859
/home/victor-e/maize-disease-detection/data/processed/Gray_Leaf_Spot/Mendeley_911maize_valid_leaf spot.JPG,Gray_Leaf_Spot,0.7285
/home/victor-e/maize-disease-detection/data/processed/Gray_Leaf_Spot/Mendeley_271maize_valid_leaf spot.JPG,Gray_Leaf_Spot,0.5037
/home/victor-e/maize-disease-detection/data/processed/Gray_Leaf_Spot/Mendeley_1421maize_train_leaf spot.JPG,Gray_Leaf_Spot,0.9407
/home/victor-e/maize-disease-detection/data/processed/Gray_Leaf_Spot/Mendeley_167maize_train_leaf spot.JPG,Gray_Leaf_Spot,0.1234
/home/victor-e/maize-disease-detection/data/processed/Gray_Leaf_Spot/Mendeley_743maize_valid_leaf spot.JPG,Gray_Leaf_Spot,0.5978
/home/victor-e/maize-disease-detection/data/processed/Gray_Leaf_Spot/Mendeley_441maize_valid_leaf spot.JPG,Gray_Leaf_Spot,0.7796
/home/victor-e/maize-disease-detection/data/processed/Gray_Leaf_Spot/Mendeley_545maize_valid_leaf spot.JPG,Gray_Leaf_Spot,0.7635
/home/victor-e/maize-disease-detection/data/processed/Gray_Leaf_Spot/Mendeley_1891maize_train_leaf spot.JPG,Gray_Leaf_Spot,0.3863
/home/victor-e/maize-disease-detection/data/processed/Gray_Leaf_Spot/Mendeley_1020maize_train_leaf spot.JPG,Gray_Leaf_Spot,0.6882
/home/victor-e/maize-disease-detection/data/processed/Gray_Leaf_Spot/Mendeley_1002maize_valid_leaf spot.JPG,Gray_Leaf_Spot,0.8432
/home/victor-e/maize-disease-detection/data/processed/Gray_Leaf_Spot/Mendeley_2795maize_train_leaf spot.JPG,Gray_Leaf_Spot,0.7154
/home/victor-e/maize-disease-detection/data/processed/Gray_Leaf_Spot/Mendeley_287maize_valid_leaf spot.JPG,Gray_Leaf_Spot,0.3087
/home/victor-e/maize-disease-detection/data/processed/Gray_Leaf_Spot/Mendeley_2034maize_train_leaf spot.JPG,Gray_Leaf_Spot,0.521
/home/victor-e/maize-disease-detection/data/processed/Gray_Leaf_Spot/Mendeley_1164maize_valid_leaf spot.JPG,Gray_Leaf_Spot,0.6502
/home/victor-e/maize-disease-detection/data/processed/Gray_Leaf_Spot/Mendeley_1843maize_train_leaf spot.JPG,Gray_Leaf_Spot,0.2413
/home/victor-e/maize-disease-detection/data/processed/Gray_Leaf_Spot/Mendeley_899maize_valid_leaf spot.JPG,Gray_Leaf_Spot,0.4451
/home/victor-e/maize-disease-detection/data/processed/Gray_Leaf_Spot/Mendeley_1122maize_train_leaf spot.JPG,Gray_Leaf_Spot,0.6477
/home/victor-e/maize-disease-detection/data/processed/Gray_Leaf_Spot/Mendeley_1691maize_train_leaf spot.JPG,Gray_Leaf_Spot,0.2467
/home/victor-e/maize-disease-detection/data/processed/Gray_Leaf_Spot/Mendeley_783maize_valid_leaf spot.JPG,Gray_Leaf_Spot,0.5995
/home/victor-e/maize-disease-detection/data/processed/Gray_Leaf_Spot/Mendeley_1416maize_train_leaf spot.JPG,Gray_Leaf_Spot,0.5806
/home/victor-e/maize-disease-detection/data/processed/Gray_Leaf_Spot/Mendeley_141maize_train_leaf spot.JPG,Gray_Leaf_Spot,0.2333
/home/victor-e/maize-disease-detection/data/processed/Gray_Leaf_Spot/Mendeley_1428maize_train_leaf spot.JPG,Gray_Leaf_Spot,0.9848
/home/victor-e/maize-disease-detection/data/processed/Gray_Leaf_Spot/Mendeley_1413maize_train_leaf spot.JPG,Gray_Leaf_Spot,0.7011
/home/victor-e/maize-disease-detection/data/processed/Gray_Leaf_Spot/Mendeley_890maize_valid_leaf spot.JPG,Gray_Leaf_Spot,0.8538
/home/victor-e/maize-disease-detection/data/processed/Gray_Leaf_Spot/Mendeley_2267maize_train_leaf spot.JPG,Gray_Leaf_Spot,0.8958
/home/victor-e/maize-disease-detection/data/processed/Gray_Leaf_Spot/Mendeley_1166maize_train_leaf spot.JPG,Gray_Leaf_Spot,0.699
/home/victor-e/maize-disease-detection/data/processed/Gray_Leaf_Spot/Mendeley_1268maize_train_leaf spot.JPG,Gray_Leaf_Spot,0.3149
/home/victor-e/maize-disease-detection/data/processed/Gray_Leaf_Spot/Mendeley_199maize_train_leaf spot.JPG,Gray_Leaf_Spot,0.5904
/home/victor-e/maize-disease-detection/data/processed/Gray_Leaf_Spot/Mendeley_1579maize_train_leaf spot.JPG,Gray_Leaf_Spot,0.3522
/home/victor-e/maize-disease-detection/data/processed/Gray_Leaf_Spot/Mendeley_1063maize_valid_leaf spot.JPG,Gray_Leaf_Spot,0.6128
/home/victor-e/maize-disease-detection/data/processed/Gray_Leaf_Spot/Mendeley_1055maize_valid_leaf spot.JPG,Gray_Leaf_Spot,0.2596
/home/victor-e/maize-disease-detection/data/processed/Gray_Leaf_Spot/Mendeley_1695maize_train_leaf spot.JPG,Gray_Leaf_Spot,0.3646
/home/victor-e/maize-disease-detection/data/processed/Gray_Leaf_Spot/Mendeley_2048maize_train_leaf spot.JPG,Gray_Leaf_Spot,0.9441
/home/victor-e/maize-disease-detection/data/processed/Gray_Leaf_Spot/Mendeley_2142maize_train_leaf spot.JPG,Gray_Leaf_Spot,0.5544
/home/victor-e/maize-disease-detection/data/processed/Gray_Leaf_Spot/Mendeley_200maize_train_leaf spot.JPG,Gray_Leaf_Spot,0.1092
/home/victor-e/maize-disease-detection/data/processed/Gray_Leaf_Spot/Mendeley_278maize_valid_leaf spot.JPG,Gray_Leaf_Spot,0.5495
/home/victor-e/maize-disease-detection/data/processed/Gray_Leaf_Spot/Mendeley_931maize_valid_leaf spot.JPG,Gray_Leaf_Spot,0.8705
/home/victor-e/maize-disease-detection/data/processed/Gray_Leaf_Spot/Mendeley_904maize_valid_leaf spot.JPG,Gray_Leaf_Spot,0.3901
/home/victor-e/maize-disease-detection/data/processed/Gray_Leaf_Spot/Mendeley_462maize_valid_leaf spot.JPG,Gray_Leaf_Spot,0.7412
/home/victor-e/maize-disease-detection/data/processed/Gray_Leaf_Spot/Mendeley_101maize_train_leaf spot.JPG,Gray_Leaf_Spot,0.7176
/home/victor-e/maize-disease-detection/data/processed/Gray_Leaf_Spot/Mendeley_20maize_valid_leaf spot.JPG,Gray_Leaf_Spot,0.4628
/home/victor-e/maize-disease-detection/data/processed/Gray_Leaf_Spot/Mendeley_1561maize_train_leaf spot.JPG,Gray_Leaf_Spot,0.2273
/home/victor-e/maize-disease-detection/data/processed/Gray_Leaf_Spot/Mendeley_1723maize_train_leaf spot.JPG,Gray_Leaf_Spot,0.481
/home/victor-e/maize-disease-detection/data/processed/Gray_Leaf_Spot/Mendeley_2712maize_train_leaf spot.JPG,Gray_Leaf_Spot,0.6728
/home/victor-e/maize-disease-detection/data/processed/Gray_Leaf_Spot/Mendeley_996maize_valid_leaf spot.JPG,Gray_Leaf_Spot,0.6793
/home/victor-e/maize-disease-detection/data/processed/Gray_Leaf_Spot/Mendeley_2041maize_train_leaf spot.JPG,Gray_Leaf_Spot,0.3775
/home/victor-e/maize-disease-detection/data/processed/Gray_Leaf_Spot/Mendeley_1483maize_train_leaf spot.JPG,Gray_Leaf_Spot,0.9849
/home/victor-e/maize-disease-detection/data/processed/Gray_Leaf_Spot/Mendeley_1648maize_train_leaf spot.JPG,Gray_Leaf_Spot,0.3693
/home/victor-e/maize-disease-detection/data/processed/Gray_Leaf_Spot/Mendeley_1121maize_train_leaf spot.JPG,Gray_Leaf_Spot,0.5308
/home/victor-e/maize-disease-detection/data/processed/Gray_Leaf_Spot/Mendeley_2143maize_train_leaf spot.JPG,Gray_Leaf_Spot,0.5358
/home/victor-e/maize-disease-detection/data/processed/Gray_Leaf_Spot/Mendeley_962maize_valid_leaf spot.JPG,Gray_Leaf_Spot,0.619
/home/victor-e/maize-disease-detection/data/processed/Gray_Leaf_Spot/Mendeley_1533maize_train_leaf spot.JPG,Gray_Leaf_Spot,0.4538
/home/victor-e/maize-disease-detection/data/processed/Gray_Leaf_Spot/Mendeley_314maize_train_leaf spot.JPG,Gray_Leaf_Spot,0.3308
/home/victor-e/maize-disease-detection/data/processed/Gray_Leaf_Spot/Mendeley_2673maize_train_leaf spot.JPG,Gray_Leaf_Spot,0.5003
/home/victor-e/maize-disease-detection/data/processed/Gray_Leaf_Spot/Mendeley_1956maize_train_leaf spot.JPG,Gray_Leaf_Spot,0.5523
/home/victor-e/maize-disease-detection/data/processed/Gray_Leaf_Spot/Mendeley_2206maize_train_leaf spot.JPG,Gray_Leaf_Spot,0.1802
/home/victor-e/maize-disease-detection/data/processed/Gray_Leaf_Spot/Mendeley_2505maize_train_leaf spot.JPG,Gray_Leaf_Spot,0.4185
/home/victor-e/maize-disease-detection/data/processed/Gray_Leaf_Spot/Mendeley_1107maize_train_leaf spot.JPG,Gray_Leaf_Spot,0.5984
/home/victor-e/maize-disease-detection/data/processed/Gray_Leaf_Spot/Mendeley_1527maize_train_leaf spot.JPG,Gray_Leaf_Spot,0.626
/home/victor-e/maize-disease-detection/data/processed/Gray_Leaf_Spot/Mendeley_1151maize_train_leaf spot.JPG,Gray_Leaf_Spot,0.5954
/home/victor-e/maize-disease-detection/data/processed/Gray_Leaf_Spot/Mendeley_340maize_valid_leaf spot.JPG,Gray_Leaf_Spot,0.898
/home/victor-e/maize-disease-detection/data/processed/Gray_Leaf_Spot/Mendeley_256maize_valid_leaf spot.JPG,Gray_Leaf_Spot,0.5123
/home/victor-e/maize-disease-detection/data/processed/Gray_Leaf_Spot/Mendeley_549maize_valid_leaf spot.JPG,Gray_Leaf_Spot,0.5667
/home/victor-e/maize-disease-detection/data/processed/Gray_Leaf_Spot/Mendeley_638maize_valid_leaf spot.JPG,Gray_Leaf_Spot,0.4715
/home/victor-e/maize-disease-detection/data/processed/Gray_Leaf_Spot/Mendeley_2098maize_train_leaf spot.JPG,Gray_Leaf_Spot,0.5336
/home/victor-e/maize-disease-detection/data/processed/Gray_Leaf_Spot/Mendeley_1704maize_train_leaf spot.JPG,Gray_Leaf_Spot,0.5609
/home/victor-e/maize-disease-detection/data/processed/Gray_Leaf_Spot/Mendeley_1057maize_train_leaf spot.JPG,Gray_Leaf_Spot,0.5005
/home/victor-e/maize-disease-detection/data/processed/Gray_Leaf_Spot/Mendeley_637maize_valid_leaf spot.JPG,Gray_Leaf_Spot,0.798
/home/victor-e/maize-disease-detection/data/processed/Gray_Leaf_Spot/Mendeley_1732maize_train_leaf spot.JPG,Gray_Leaf_Spot,0.3514
/home/victor-e/maize-disease-detection/data/processed/Gray_Leaf_Spot/Mendeley_1071maize_valid_leaf spot.JPG,Gray_Leaf_Spot,0.5151
/home/victor-e/maize-disease-detection/data/processed/Gray_Leaf_Spot/Mendeley_2429maize_train_leaf spot.JPG,Gray_Leaf_Spot,0.1583
/home/victor-e/maize-disease-detection/data/processed/Gray_Leaf_Spot/Mendeley_586maize_valid_leaf spot.JPG,Gray_Leaf_Spot,0.3412
/home/victor-e/maize-disease-detection/data/processed/Gray_Leaf_Spot/Mendeley_1075maize_valid_leaf spot.JPG,Gray_Leaf_Spot,0.6228
/home/victor-e/maize-disease-detection/data/processed/Gray_Leaf_Spot/Mendeley_1787maize_train_leaf spot.JPG,Gray_Leaf_Spot,0.4099
/home/victor-e/maize-disease-detection/data/processed/Gray_Leaf_Spot/Mendeley_2879maize_train_leaf spot.JPG,Gray_Leaf_Spot,0.3888
/home/victor-e/maize-disease-detection/data/processed/Gray_Leaf_Spot/Mendeley_1689maize_train_leaf spot.JPG,Gray_Leaf_Spot,0.3553
/home/victor-e/maize-disease-detection/data/processed/Gray_Leaf_Spot/Mendeley_1577maize_train_leaf spot.JPG,Gray_Leaf_Spot,0.3201
/home/victor-e/maize-disease-detection/data/processed/Gray_Leaf_Spot/Mendeley_2139maize_train_leaf spot.JPG,Gray_Leaf_Spot,0.4025
/home/victor-e/maize-disease-detection/data/processed/Gray_Leaf_Spot/Mendeley_1412maize_train_leaf spot.JPG,Gray_Leaf_Spot,0.8017
/home/victor-e/maize-disease-detection/data/processed/Gray_Leaf_Spot/Mendeley_902maize_valid_leaf spot.JPG,Gray_Leaf_Spot,0.4606
/home/victor-e/maize-disease-detection/data/processed/Gray_Leaf_Spot/Mendeley_1979maize_train_leaf spot.JPG,Gray_Leaf_Spot,0.3104
/home/victor-e/maize-disease-detection/data/processed/Gray_Leaf_Spot/Mendeley_2411maize_train_leaf spot.JPG,Gray_Leaf_Spot,0.4402
/home/victor-e/maize-disease-detection/data/processed/Gray_Leaf_Spot/Mendeley_1201maize_train_leaf spot.JPG,Gray_Leaf_Spot,0.8384
/home/victor-e/maize-disease-detection/data/processed/Gray_Leaf_Spot/Mendeley_1203maize_train_leaf spot.JPG,Gray_Leaf_Spot,0.8417
/home/victor-e/maize-disease-detection/data/processed/Gray_Leaf_Spot/Mendeley_2754maize_train_leaf spot.JPG,Gray_Leaf_Spot,0.5815
/home/victor-e/maize-disease-detection/data/processed/Gray_Leaf_Spot/Mendeley_2889maize_train_leaf spot.JPG,Gray_Leaf_Spot,0.4813
/home/victor-e/maize-disease-detection/data/processed/Gray_Leaf_Spot/Mendeley_260maize_train_leaf spot.JPG,Gray_Leaf_Spot,0.2186
/home/victor-e/maize-disease-detection/data/processed/Gray_Leaf_Spot/Mendeley_2405maize_train_leaf spot.JPG,Gray_Leaf_Spot,0.1043
/home/victor-e/maize-disease-detection/data/processed/Gray_Leaf_Spot/Mendeley_1969maize_train_leaf spot.JPG,Gray_Leaf_Spot,0.4983
/home/victor-e/maize-disease-detection/data/processed/Gray_Leaf_Spot/Mendeley_2237maize_train_leaf spot.JPG,Gray_Leaf_Spot,0.2878
/home/victor-e/maize-disease-detection/data/processed/Gray_Leaf_Spot/Mendeley_12maize_valid_leaf spot.JPG,Gray_Leaf_Spot,0.0765
/home/victor-e/maize-disease-detection/data/processed/Gray_Leaf_Spot/Mendeley_1109maize_train_leaf spot.JPG,Gray_Leaf_Spot,0.4976
/home/victor-e/maize-disease-detection/data/processed/Gray_Leaf_Spot/Mendeley_1985maize_train_leaf spot.JPG,Gray_Leaf_Spot,0.1216
/home/victor-e/maize-disease-detection/data/processed/Gray_Leaf_Spot/Mendeley_2304maize_train_leaf spot.JPG,Gray_Leaf_Spot,0.7108
/home/victor-e/maize-disease-detection/data/processed/Gray_Leaf_Spot/Mendeley_138maize_valid_leaf spot.JPG,Gray_Leaf_Spot,0.309
/home/victor-e/maize-disease-detection/data/processed/Gray_Leaf_Spot/Mendeley_100maize_valid_leaf spot.JPG,Gray_Leaf_Spot,0.6636
/home/victor-e/maize-disease-detection/data/processed/Gray_Leaf_Spot/Mendeley_1748maize_train_leaf spot.JPG,Gray_Leaf_Spot,0.5613
/home/victor-e/maize-disease-detection/data/processed/Gray_Leaf_Spot/Mendeley_476maize_valid_leaf spot.JPG,Gray_Leaf_Spot,0.5784
/home/victor-e/maize-disease-detection/data/processed/Gray_Leaf_Spot/Mendeley_2408maize_train_leaf spot.JPG,Gray_Leaf_Spot,0.4957
/home/victor-e/maize-disease-detection/data/processed/Gray_Leaf_Spot/Mendeley_133maize_train_leaf spot.JPG,Gray_Leaf_Spot,0.1131
/home/victor-e/maize-disease-detection/data/processed/Gray_Leaf_Spot/Mendeley_1217maize_train_leaf spot.JPG,Gray_Leaf_Spot,0.3703
/home/victor-e/maize-disease-detection/data/processed/Gray_Leaf_Spot/Mendeley_903maize_valid_leaf spot.JPG,Gray_Leaf_Spot,0.2796
/home/victor-e/maize-disease-detection/data/processed/Gray_Leaf_Spot/Mendeley_1240maize_train_leaf spot.JPG,Gray_Leaf_Spot,0.722
/home/victor-e/maize-disease-detection/data/processed/Gray_Leaf_Spot/Mendeley_2110maize_train_leaf spot.JPG,Gray_Leaf_Spot,0.603
/home/victor-e/maize-disease-detection/data/processed/Gray_Leaf_Spot/Mendeley_1329maize_train_leaf spot.JPG,Gray_Leaf_Spot,0.5713
/home/victor-e/maize-disease-detection/data/processed/Gray_Leaf_Spot/Mendeley_868maize_valid_leaf spot.JPG,Gray_Leaf_Spot,0.2603
/home/victor-e/maize-disease-detection/data/processed/Gray_Leaf_Spot/Mendeley_1129maize_valid_leaf spot.JPG,Gray_Leaf_Spot,0.4366
/home/victor-e/maize-disease-detection/data/processed/Gray_Leaf_Spot/Mendeley_2467maize_train_leaf spot.JPG,Gray_Leaf_Spot,0.3505
/home/victor-e/maize-disease-detection/data/processed/Gray_Leaf_Spot/Mendeley_634maize_valid_leaf spot.JPG,Gray_Leaf_Spot,0.6225
/home/victor-e/maize-disease-detection/data/processed/Gray_Leaf_Spot/Mendeley_2549maize_train_leaf spot.JPG,Gray_Leaf_Spot,0.3651
/home/victor-e/maize-disease-detection/data/processed/Gray_Leaf_Spot/Mendeley_880maize_valid_leaf spot.JPG,Gray_Leaf_Spot,0.939
/home/victor-e/maize-disease-detection/data/processed/Gray_Leaf_Spot/Mendeley_1467maize_train_leaf spot.JPG,Gray_Leaf_Spot,0.7495
/home/victor-e/maize-disease-detection/data/processed/Gray_Leaf_Spot/Mendeley_480maize_valid_leaf spot.JPG,Gray_Leaf_Spot,0.6896
/home/victor-e/maize-disease-detection/data/processed/Gray_Leaf_Spot/Mendeley_1161maize_valid_leaf spot.JPG,Gray_Leaf_Spot,0.3889
/home/victor-e/maize-disease-detection/data/processed/Gray_Leaf_Spot/Mendeley_2742maize_train_leaf spot.JPG,Gray_Leaf_Spot,0.4022
/home/victor-e/maize-disease-detection/data/processed/Gray_Leaf_Spot/Mendeley_261maize_valid_leaf spot.JPG,Gray_Leaf_Spot,0.5353
/home/victor-e/maize-disease-detection/data/processed/Gray_Leaf_Spot/Mendeley_1351maize_train_leaf spot.JPG,Gray_Leaf_Spot,0.8618
/home/victor-e/maize-disease-detection/data/processed/Gray_Leaf_Spot/Mendeley_1012maize_train_leaf spot.JPG,Gray_Leaf_Spot,0.7646
/home/victor-e/maize-disease-detection/data/processed/Gray_Leaf_Spot/Mendeley_919maize_valid_leaf spot.JPG,Gray_Leaf_Spot,0.8784
/home/victor-e/maize-disease-detection/data/processed/Gray_Leaf_Spot/Mendeley_1237maize_train_leaf spot.JPG,Gray_Leaf_Spot,0.648
/home/victor-e/maize-disease-detection/data/processed/Gray_Leaf_Spot/Mendeley_1556maize_train_leaf spot.JPG,Gray_Leaf_Spot,0.0356
/home/victor-e/maize-disease-detection/data/processed/Gray_Leaf_Spot/Mendeley_1340maize_train_leaf spot.JPG,Gray_Leaf_Spot,0.7961
/home/victor-e/maize-disease-detection/data/processed/Gray_Leaf_Spot/Mendeley_2601maize_train_leaf spot.JPG,Gray_Leaf_Spot,0.6127
/home/victor-e/maize-disease-detection/data/processed/Gray_Leaf_Spot/Mendeley_1178maize_train_leaf spot.JPG,Gray_Leaf_Spot,0.7835
/home/victor-e/maize-disease-detection/data/processed/Gray_Leaf_Spot/Mendeley_1251maize_train_leaf spot.JPG,Gray_Leaf_Spot,0.9612
/home/victor-e/maize-disease-detection/data/processed/Gray_Leaf_Spot/Mendeley_2079maize_train_leaf spot.JPG,Gray_Leaf_Spot,0.321
/home/victor-e/maize-disease-detection/data/processed/Gray_Leaf_Spot/Mendeley_2081maize_train_leaf spot.JPG,Gray_Leaf_Spot,0.8946
/home/victor-e/maize-disease-detection/data/processed/Gray_Leaf_Spot/Mendeley_2236maize_train_leaf spot.JPG,Gray_Leaf_Spot,0.3649
/home/victor-e/maize-disease-detection/data/processed/Gray_Leaf_Spot/Mendeley_2002maize_train_leaf spot.JPG,Gray_Leaf_Spot,0.7064
/home/victor-e/maize-disease-detection/data/processed/Gray_Leaf_Spot/Mendeley_387maize_valid_leaf spot.JPG,Gray_Leaf_Spot,0.7527
/home/victor-e/maize-disease-detection/data/processed/Gray_Leaf_Spot/Mendeley_1549maize_train_leaf spot.JPG,Gray_Leaf_Spot,0.0445
/home/victor-e/maize-disease-detection/data/processed/Gray_Leaf_Spot/Mendeley_470maize_valid_leaf spot.JPG,Gray_Leaf_Spot,0.3059
/home/victor-e/maize-disease-detection/data/processed/Gray_Leaf_Spot/Mendeley_1349maize_train_leaf spot.JPG,Gray_Leaf_Spot,0.8324
/home/victor-e/maize-disease-detection/data/processed/Gray_Leaf_Spot/Mendeley_2562maize_train_leaf spot.JPG,Gray_Leaf_Spot,0.7164
/home/victor-e/maize-disease-detection/data/processed/Gray_Leaf_Spot/Mendeley_707maize_valid_leaf spot.JPG,Gray_Leaf_Spot,0.2207
/home/victor-e/maize-disease-detection/data/processed/Gray_Leaf_Spot/Mendeley_1008maize_train_leaf spot.JPG,Gray_Leaf_Spot,0.7939
/home/victor-e/maize-disease-detection/data/processed/Gray_Leaf_Spot/Mendeley_463maize_valid_leaf spot.JPG,Gray_Leaf_Spot,0.6855
/home/victor-e/maize-disease-detection/data/processed/Gray_Leaf_Spot/Mendeley_2810maize_train_leaf spot.JPG,Gray_Leaf_Spot,0.46
/home/victor-e/maize-disease-detection/data/processed/Gray_Leaf_Spot/Mendeley_810maize_valid_leaf spot.JPG,Gray_Leaf_Spot,0.3455
/home/victor-e/maize-disease-detection/data/processed/Gray_Leaf_Spot/Mendeley_544maize_valid_leaf spot.JPG,Gray_Leaf_Spot,0.8559
/home/victor-e/maize-disease-detection/data/processed/Gray_Leaf_Spot/Mendeley_1452maize_train_leaf spot.JPG,Gray_Leaf_Spot,0.9176
/home/victor-e/maize-disease-detection/data/processed/Gray_Leaf_Spot/Mendeley_856maize_valid_leaf spot.JPG,Gray_Leaf_Spot,0.8767
/home/victor-e/maize-disease-detection/data/processed/Gray_Leaf_Spot/Mendeley_3712maize_train_leaf spot.JPG,Gray_Leaf_Spot,0.127
/home/victor-e/maize-disease-detection/data/processed/Gray_Leaf_Spot/Mendeley_1488maize_train_leaf spot.JPG,Gray_Leaf_Spot,0.9993
/home/victor-e/maize-disease-detection/data/processed/Gray_Leaf_Spot/Mendeley_306maize_train_leaf spot.JPG,Gray_Leaf_Spot,0.3547
/home/victor-e/maize-disease-detection/data/processed/Gray_Leaf_Spot/Mendeley_2650maize_train_leaf spot.JPG,Gray_Leaf_Spot,0.361
/home/victor-e/maize-disease-detection/data/processed/Gray_Leaf_Spot/Mendeley_303maize_train_leaf spot.JPG,Gray_Leaf_Spot,0.1554
/home/victor-e/maize-disease-detection/data/processed/Gray_Leaf_Spot/Mendeley_2857maize_train_leaf spot.JPG,Gray_Leaf_Spot,0.8421
/home/victor-e/maize-disease-detection/data/processed/Gray_Leaf_Spot/Mendeley_2521maize_train_leaf spot.JPG,Gray_Leaf_Spot,0.96
/home/victor-e/maize-disease-detection/data/processed/Gray_Leaf_Spot/Mendeley_1880maize_train_leaf spot.JPG,Gray_Leaf_Spot,0.4961
/home/victor-e/maize-disease-detection/data/processed/Gray_Leaf_Spot/Mendeley_1082maize_valid_leaf spot.JPG,Gray_Leaf_Spot,0.733
/home/victor-e/maize-disease-detection/data/processed/Gray_Leaf_Spot/Mendeley_1054maize_valid_leaf spot.JPG,Gray_Leaf_Spot,0.6234
/home/victor-e/maize-disease-detection/data/processed/Gray_Leaf_Spot/Mendeley_186maize_valid_leaf spot.JPG,Gray_Leaf_Spot,0.5255
/home/victor-e/maize-disease-detection/data/processed/Gray_Leaf_Spot/Mendeley_500maize_valid_leaf spot.JPG,Gray_Leaf_Spot,0.7978
/home/victor-e/maize-disease-detection/data/processed/Gray_Leaf_Spot/Mendeley_82maize_valid_leaf spot.JPG,Gray_Leaf_Spot,0.1092
/home/victor-e/maize-disease-detection/data/processed/Gray_Leaf_Spot/Mendeley_1269maize_train_leaf spot.JPG,Gray_Leaf_Spot,0.1409
/home/victor-e/maize-disease-detection/data/processed/Gray_Leaf_Spot/Mendeley_238maize_valid_leaf spot.JPG,Gray_Leaf_Spot,0.7969
/home/victor-e/maize-disease-detection/data/processed/Gray_Leaf_Spot/Mendeley_1879maize_train_leaf spot.JPG,Gray_Leaf_Spot,0.4975
/home/victor-e/maize-disease-detection/data/processed/Gray_Leaf_Spot/Mendeley_696maize_valid_leaf spot.JPG,Gray_Leaf_Spot,0.6391
/home/victor-e/maize-disease-detection/data/processed/Gray_Leaf_Spot/Mendeley_2802maize_train_leaf spot.JPG,Gray_Leaf_Spot,0.3233
/home/victor-e/maize-disease-detection/data/processed/Gray_Leaf_Spot/Mendeley_1882maize_train_leaf spot.JPG,Gray_Leaf_Spot,0.4634
/home/victor-e/maize-disease-detection/data/processed/Gray_Leaf_Spot/Mendeley_376maize_valid_leaf spot.JPG,Gray_Leaf_Spot,0.3923
/home/victor-e/maize-disease-detection/data/processed/Gray_Leaf_Spot/Mendeley_213maize_valid_leaf spot.JPG,Gray_Leaf_Spot,0.2394
/home/victor-e/maize-disease-detection/data/processed/Gray_Leaf_Spot/Mendeley_170maize_train_leaf spot.JPG,Gray_Leaf_Spot,0.1746
/home/victor-e/maize-disease-detection/data/processed/Gray_Leaf_Spot/Mendeley_405maize_valid_leaf spot.JPG,Gray_Leaf_Spot,0.6
/home/victor-e/maize-disease-detection/data/processed/Gray_Leaf_Spot/Mendeley_650maize_valid_leaf spot.JPG,Gray_Leaf_Spot,0.0909
/home/victor-e/maize-disease-detection/data/processed/Gray_Leaf_Spot/Mendeley_196maize_valid_leaf spot.JPG,Gray_Leaf_Spot,0.4198
/home/victor-e/maize-disease-detection/data/processed/Gray_Leaf_Spot/Mendeley_261maize_train_leaf spot.JPG,Gray_Leaf_Spot,0.1047
/home/victor-e/maize-disease-detection/data/processed/Gray_Leaf_Spot/Mendeley_740maize_valid_leaf spot.JPG,Gray_Leaf_Spot,0.9093
/home/victor-e/maize-disease-detection/data/processed/Gray_Leaf_Spot/Mendeley_147maize_valid_leaf spot.JPG,Gray_Leaf_Spot,0.6295
/home/victor-e/maize-disease-detection/data/processed/Gray_Leaf_Spot/Mendeley_725maize_valid_leaf spot.JPG,Gray_Leaf_Spot,0.6396
/home/victor-e/maize-disease-detection/data/processed/Gray_Leaf_Spot/Mendeley_2714maize_train_leaf spot.JPG,Gray_Leaf_Spot,0.7027
/home/victor-e/maize-disease-detection/data/processed/Gray_Leaf_Spot/Mendeley_1214maize_train_leaf spot.JPG,Gray_Leaf_Spot,0.5932
/home/victor-e/maize-disease-detection/data/processed/Gray_Leaf_Spot/Mendeley_640maize_valid_leaf spot.JPG,Gray_Leaf_Spot,0.7444
/home/victor-e/maize-disease-detection/data/processed/Gray_Leaf_Spot/Mendeley_1208maize_train_leaf spot.JPG,Gray_Leaf_Spot,0.9627
/home/victor-e/maize-disease-detection/data/processed/Gray_Leaf_Spot/Mendeley_94maize_valid_leaf spot.JPG,Gray_Leaf_Spot,0.2437
/home/victor-e/maize-disease-detection/data/processed/Gray_Leaf_Spot/Mendeley_190maize_train_leaf spot.JPG,Gray_Leaf_Spot,0.2823
/home/victor-e/maize-disease-detection/data/processed/Gray_Leaf_Spot/Mendeley_2303maize_train_leaf spot.JPG,Gray_Leaf_Spot,0.7623
/home/victor-e/maize-disease-detection/data/processed/Gray_Leaf_Spot/Mendeley_199maize_valid_leaf spot.JPG,Gray_Leaf_Spot,0.0746
/home/victor-e/maize-disease-detection/data/processed/Gray_Leaf_Spot/Mendeley_1220maize_train_leaf spot.JPG,Gray_Leaf_Spot,0.6218
/home/victor-e/maize-disease-detection/data/processed/Gray_Leaf_Spot/Mendeley_325maize_valid_leaf spot.JPG,Gray_Leaf_Spot,0.2818
/home/victor-e/maize-disease-detection/data/processed/Gray_Leaf_Spot/Mendeley_540maize_valid_leaf spot.JPG,Gray_Leaf_Spot,0.5081
/home/victor-e/maize-disease-detection/data/processed/Gray_Leaf_Spot/Mendeley_2478maize_train_leaf spot.JPG,Gray_Leaf_Spot,0.979
/home/victor-e/maize-disease-detection/data/processed/Gray_Leaf_Spot/Mendeley_1250maize_train_leaf spot.JPG,Gray_Leaf_Spot,0.9637
/home/victor-e/maize-disease-detection/data/processed/Gray_Leaf_Spot/Mendeley_172maize_train_leaf spot.JPG,Gray_Leaf_Spot,0.3278
/home/victor-e/maize-disease-detection/data/processed/Gray_Leaf_Spot/Mendeley_2853maize_train_leaf spot.JPG,Gray_Leaf_Spot,0.7522
/home/victor-e/maize-disease-detection/data/processed/Gray_Leaf_Spot/Mendeley_423maize_valid_leaf spot.JPG,Gray_Leaf_Spot,0.7868
/home/victor-e/maize-disease-detection/data/processed/Gray_Leaf_Spot/Mendeley_1590maize_train_leaf spot.JPG,Gray_Leaf_Spot,0.1763
/home/victor-e/maize-disease-detection/data/processed/Gray_Leaf_Spot/Mendeley_1528maize_train_leaf spot.JPG,Gray_Leaf_Spot,0.4635
/home/victor-e/maize-disease-detection/data/processed/Gray_Leaf_Spot/Mendeley_1368maize_train_leaf spot.JPG,Gray_Leaf_Spot,0.9835
/home/victor-e/maize-disease-detection/data/processed/Gray_Leaf_Spot/Mendeley_2189maize_train_leaf spot.JPG,Gray_Leaf_Spot,0.313
/home/victor-e/maize-disease-detection/data/processed/Gray_Leaf_Spot/Mendeley_816maize_valid_leaf spot.JPG,Gray_Leaf_Spot,0.1951
/home/victor-e/maize-disease-detection/data/processed/Gray_Leaf_Spot/Mendeley_232maize_valid_leaf spot.JPG,Gray_Leaf_Spot,0.3003
/home/victor-e/maize-disease-detection/data/processed/Gray_Leaf_Spot/Mendeley_3703maize_train_leaf spot.JPG,Gray_Leaf_Spot,0.4395
/home/victor-e/maize-disease-detection/data/processed/Gray_Leaf_Spot/Mendeley_1134maize_valid_leaf spot.JPG,Gray_Leaf_Spot,0.9014
/home/victor-e/maize-disease-detection/data/processed/Gray_Leaf_Spot/Mendeley_613maize_valid_leaf spot.JPG,Gray_Leaf_Spot,0.8807
/home/victor-e/maize-disease-detection/data/processed/Gray_Leaf_Spot/Mendeley_2616maize_train_leaf spot.JPG,Gray_Leaf_Spot,0.74
/home/victor-e/maize-disease-detection/data/processed/Gray_Leaf_Spot/Mendeley_794maize_valid_leaf spot.JPG,Gray_Leaf_Spot,0.1529
/home/victor-e/maize-disease-detection/data/processed/Gray_Leaf_Spot/Mendeley_2382maize_train_leaf spot.JPG,Gray_Leaf_Spot,0.3878
/home/victor-e/maize-disease-detection/data/processed/Gray_Leaf_Spot/Mendeley_2569maize_train_leaf spot.JPG,Gray_Leaf_Spot,0.0586
/home/victor-e/maize-disease-detection/data/processed/Gray_Leaf_Spot/Mendeley_1749maize_train_leaf spot.JPG,Gray_Leaf_Spot,0.1838
/home/victor-e/maize-disease-detection/data/processed/Gray_Leaf_Spot/Mendeley_126maize_train_leaf spot.JPG,Gray_Leaf_Spot,0.6065
/home/victor-e/maize-disease-detection/data/processed/Gray_Leaf_Spot/Mendeley_32maize_train_leaf spot.JPG,Gray_Leaf_Spot,0.9276
/home/victor-e/maize-disease-detection/data/processed/Gray_Leaf_Spot/Mendeley_1726maize_train_leaf spot.JPG,Gray_Leaf_Spot,0.2327
/home/victor-e/maize-disease-detection/data/processed/Gray_Leaf_Spot/Mendeley_2808maize_train_leaf spot.JPG,Gray_Leaf_Spot,0.4445
/home/victor-e/maize-disease-detection/data/processed/Gray_Leaf_Spot/Mendeley_486maize_valid_leaf spot.JPG,Gray_Leaf_Spot,0.961
/home/victor-e/maize-disease-detection/data/processed/Gray_Leaf_Spot/Mendeley_2214maize_train_leaf spot.JPG,Gray_Leaf_Spot,0.1228
/home/victor-e/maize-disease-detection/data/processed/Gray_Leaf_Spot/Mendeley_1606maize_train_leaf spot.JPG,Gray_Leaf_Spot,0.1972
/home/victor-e/maize-disease-detection/data/processed/Gray_Leaf_Spot/Mendeley_836maize_valid_leaf spot.JPG,Gray_Leaf_Spot,0.292
/home/victor-e/maize-disease-detection/data/processed/Gray_Leaf_Spot/Mendeley_1981maize_train_leaf spot.JPG,Gray_Leaf_Spot,0.5217
/home/victor-e/maize-disease-detection/data/processed/Gray_Leaf_Spot/Mendeley_206maize_train_leaf spot.JPG,Gray_Leaf_Spot,0.1603
/home/victor-e/maize-disease-detection/data/processed/Gray_Leaf_Spot/Mendeley_225maize_valid_leaf spot.JPG,Gray_Leaf_Spot,0.6023
/home/victor-e/maize-disease-detection/data/processed/Gray_Leaf_Spot/Mendeley_1207maize_train_leaf spot.JPG,Gray_Leaf_Spot,0.8132
/home/victor-e/maize-disease-detection/data/processed/Gray_Leaf_Spot/Mendeley_514maize_valid_leaf spot.JPG,Gray_Leaf_Spot,0.4282
/home/victor-e/maize-disease-detection/data/processed/Gray_Leaf_Spot/Mendeley_2056maize_train_leaf spot.JPG,Gray_Leaf_Spot,0.2892
/home/victor-e/maize-disease-detection/data/processed/Gray_Leaf_Spot/Mendeley_1227maize_train_leaf spot.JPG,Gray_Leaf_Spot,0.6528
/home/victor-e/maize-disease-detection/data/processed/Gray_Leaf_Spot/Mendeley_1177maize_valid_leaf spot.JPG,Gray_Leaf_Spot,0.3801
/home/victor-e/maize-disease-detection/data/processed/Gray_Leaf_Spot/Mendeley_2138maize_train_leaf spot.JPG,Gray_Leaf_Spot,0.4131
/home/victor-e/maize-disease-detection/data/processed/Gray_Leaf_Spot/Mendeley_180maize_train_leaf spot.JPG,Gray_Leaf_Spot,0.0558
/home/victor-e/maize-disease-detection/data/processed/Gray_Leaf_Spot/Mendeley_194maize_train_leaf spot.JPG,Gray_Leaf_Spot,0.4154
/home/victor-e/maize-disease-detection/data/processed/Gray_Leaf_Spot/Mendeley_1866maize_train_leaf spot.JPG,Gray_Leaf_Spot,0.8087
/home/victor-e/maize-disease-detection/data/processed/Gray_Leaf_Spot/Mendeley_381maize_valid_leaf spot.JPG,Gray_Leaf_Spot,0.4861
/home/victor-e/maize-disease-detection/data/processed/Gray_Leaf_Spot/Mendeley_2612maize_train_leaf spot.JPG,Gray_Leaf_Spot,0.7172
/home/victor-e/maize-disease-detection/data/processed/Gray_Leaf_Spot/Mendeley_821maize_valid_leaf spot.JPG,Gray_Leaf_Spot,0.0305
/home/victor-e/maize-disease-detection/data/processed/Gray_Leaf_Spot/Mendeley_1360maize_train_leaf spot.JPG,Gray_Leaf_Spot,0.3899
/home/victor-e/maize-disease-detection/data/processed/Gray_Leaf_Spot/Mendeley_1680maize_train_leaf spot.JPG,Gray_Leaf_Spot,0.2881
/home/victor-e/maize-disease-detection/data/processed/Gray_Leaf_Spot/Mendeley_1558maize_train_leaf spot.JPG,Gray_Leaf_Spot,0.1294
/home/victor-e/maize-disease-detection/data/processed/Gray_Leaf_Spot/Mendeley_augmented_Corn_Gray_Spot (150).JPG,Gray_Leaf_Spot,0.8201
/home/victor-e/maize-disease-detection/data/processed/Gray_Leaf_Spot/Mendeley_729maize_valid_leaf spot.JPG,Gray_Leaf_Spot,0.5016
/home/victor-e/maize-disease-detection/data/processed/Gray_Leaf_Spot/Mendeley_2589maize_train_leaf spot.JPG,Gray_Leaf_Spot,0.8683
/home/victor-e/maize-disease-detection/data/processed/Gray_Leaf_Spot/Mendeley_2220maize_train_leaf spot.JPG,Gray_Leaf_Spot,0.1707
/home/victor-e/maize-disease-detection/data/processed/Gray_Leaf_Spot/Mendeley_251maize_valid_leaf spot.JPG,Gray_Leaf_Spot,0.1693
/home/victor-e/maize-disease-detection/data/processed/Gray_Leaf_Spot/Mendeley_955maize_valid_leaf spot.JPG,Gray_Leaf_Spot,0.93
/home/victor-e/maize-disease-detection/data/processed/Gray_Leaf_Spot/Mendeley_99maize_valid_leaf spot.JPG,Gray_Leaf_Spot,0.6576
/home/victor-e/maize-disease-detection/data/processed/Gray_Leaf_Spot/Mendeley_1727maize_train_leaf spot.JPG,Gray_Leaf_Spot,0.1638
/home/victor-e/maize-disease-detection/data/processed/Gray_Leaf_Spot/Mendeley_291maize_valid_leaf spot.JPG,Gray_Leaf_Spot,0.6608
/home/victor-e/maize-disease-detection/data/processed/Gray_Leaf_Spot/Mendeley_2511maize_train_leaf spot.JPG,Gray_Leaf_Spot,0.3558
/home/victor-e/maize-disease-detection/data/processed/Gray_Leaf_Spot/Mendeley_653maize_valid_leaf spot.JPG,Gray_Leaf_Spot,0.4529
/home/victor-e/maize-disease-detection/data/processed/Gray_Leaf_Spot/Mendeley_1970maize_train_leaf spot.JPG,Gray_Leaf_Spot,0.454
/home/victor-e/maize-disease-detection/data/processed/Gray_Leaf_Spot/Mendeley_819maize_valid_leaf spot.JPG,Gray_Leaf_Spot,0.399
/home/victor-e/maize-disease-detection/data/processed/Gray_Leaf_Spot/Mendeley_366maize_train_leaf spot.JPG,Gray_Leaf_Spot,0.6817
/home/victor-e/maize-disease-detection/data/processed/Gray_Leaf_Spot/Mendeley_1811maize_train_leaf spot.JPG,Gray_Leaf_Spot,0.7227
/home/victor-e/maize-disease-detection/data/processed/Gray_Leaf_Spot/Mendeley_1628maize_train_leaf spot.JPG,Gray_Leaf_Spot,0.1994
/home/victor-e/maize-disease-detection/data/processed/Gray_Leaf_Spot/Mendeley_2820maize_train_leaf spot.JPG,Gray_Leaf_Spot,0.3135
/home/victor-e/maize-disease-detection/data/processed/Gray_Leaf_Spot/Mendeley_1945maize_train_leaf spot.JPG,Gray_Leaf_Spot,0.3362
/home/victor-e/maize-disease-detection/data/processed/Gray_Leaf_Spot/Mendeley_147maize_train_leaf spot.JPG,Gray_Leaf_Spot,0.1375
/home/victor-e/maize-disease-detection/data/processed/Gray_Leaf_Spot/Mendeley_113maize_train_leaf spot.JPG,Gray_Leaf_Spot,0.7835
/home/victor-e/maize-disease-detection/data/processed/Gray_Leaf_Spot/Mendeley_148maize_train_leaf spot.JPG,Gray_Leaf_Spot,0.1442
/home/victor-e/maize-disease-detection/data/processed/Gray_Leaf_Spot/Mendeley_1311maize_train_leaf spot.JPG,Gray_Leaf_Spot,0.9892
/home/victor-e/maize-disease-detection/data/processed/Gray_Leaf_Spot/Mendeley_2672maize_train_leaf spot.JPG,Gray_Leaf_Spot,0.5936
/home/victor-e/maize-disease-detection/data/processed/Gray_Leaf_Spot/Mendeley_313maize_valid_leaf spot.JPG,Gray_Leaf_Spot,0.9407
/home/victor-e/maize-disease-detection/data/processed/Gray_Leaf_Spot/Mendeley_1176maize_train_leaf spot.JPG,Gray_Leaf_Spot,0.8443
/home/victor-e/maize-disease-detection/data/processed/Gray_Leaf_Spot/Mendeley_1100maize_valid_leaf spot.JPG,Gray_Leaf_Spot,0.3292
/home/victor-e/maize-disease-detection/data/processed/Gray_Leaf_Spot/Mendeley_2761maize_train_leaf spot.JPG,Gray_Leaf_Spot,0.1993
/home/victor-e/maize-disease-detection/data/processed/Gray_Leaf_Spot/Mendeley_2232maize_train_leaf spot.JPG,Gray_Leaf_Spot,0.3353
/home/victor-e/maize-disease-detection/data/processed/Gray_Leaf_Spot/Mendeley_27maize_valid_leaf spot.JPG,Gray_Leaf_Spot,0.139
/home/victor-e/maize-disease-detection/data/processed/Gray_Leaf_Spot/Mendeley_1223maize_train_leaf spot.JPG,Gray_Leaf_Spot,0.6181
/home/victor-e/maize-disease-detection/data/processed/Gray_Leaf_Spot/Mendeley_72maize_valid_leaf spot.JPG,Gray_Leaf_Spot,0.5044
/home/victor-e/maize-disease-detection/data/processed/Gray_Leaf_Spot/Mendeley_1826maize_train_leaf spot.JPG,Gray_Leaf_Spot,0.5736
/home/victor-e/maize-disease-detection/data/processed/Gray_Leaf_Spot/Mendeley_2108maize_train_leaf spot.JPG,Gray_Leaf_Spot,0.6193
/home/victor-e/maize-disease-detection/data/processed/Gray_Leaf_Spot/Mendeley_241maize_train_leaf spot.JPG,Gray_Leaf_Spot,0.0439
/home/victor-e/maize-disease-detection/data/processed/Gray_Leaf_Spot/Mendeley_2876maize_train_leaf spot.JPG,Gray_Leaf_Spot,0.4144
/home/victor-e/maize-disease-detection/data/processed/Gray_Leaf_Spot/Mendeley_769maize_valid_leaf spot.JPG,Gray_Leaf_Spot,0.832
/home/victor-e/maize-disease-detection/data/processed/Gray_Leaf_Spot/Mendeley_1592maize_train_leaf spot.JPG,Gray_Leaf_Spot,0.4025
/home/victor-e/maize-disease-detection/data/processed/Gray_Leaf_Spot/Mendeley_2maize_valid_leaf spot.JPG,Gray_Leaf_Spot,0.4119
/home/victor-e/maize-disease-detection/data/processed/Gray_Leaf_Spot/Mendeley_2806maize_train_leaf spot.JPG,Gray_Leaf_Spot,0.3925
/home/victor-e/maize-disease-detection/data/processed/Gray_Leaf_Spot/Mendeley_1998maize_train_leaf spot.JPG,Gray_Leaf_Spot,0.6962
/home/victor-e/maize-disease-detection/data/processed/Gray_Leaf_Spot/Mendeley_298maize_valid_leaf spot.JPG,Gray_Leaf_Spot,0.9428
/home/victor-e/maize-disease-detection/data/processed/Gray_Leaf_Spot/Mendeley_607maize_valid_leaf spot.JPG,Gray_Leaf_Spot,0.3553
/home/victor-e/maize-disease-detection/data/processed/Gray_Leaf_Spot/Mendeley_1757maize_train_leaf spot.JPG,Gray_Leaf_Spot,0.0466
/home/victor-e/maize-disease-detection/data/processed/Gray_Leaf_Spot/Mendeley_1244maize_valid_leaf spot.JPG,Gray_Leaf_Spot,0.2903
/home/victor-e/maize-disease-detection/data/processed/Gray_Leaf_Spot/Mendeley_305maize_train_leaf spot.JPG,Gray_Leaf_Spot,0.3394
/home/victor-e/maize-disease-detection/data/processed/Gray_Leaf_Spot/Mendeley_245maize_train_leaf spot.JPG,Gray_Leaf_Spot,0.0728
/home/victor-e/maize-disease-detection/data/processed/Gray_Leaf_Spot/Mendeley_1024maize_train_leaf spot.JPG,Gray_Leaf_Spot,0.7529
/home/victor-e/maize-disease-detection/data/processed/Gray_Leaf_Spot/Mendeley_914maize_valid_leaf spot.JPG,Gray_Leaf_Spot,0.4445
/home/victor-e/maize-disease-detection/data/processed/Gray_Leaf_Spot/Mendeley_1940maize_train_leaf spot.JPG,Gray_Leaf_Spot,0.9316
/home/victor-e/maize-disease-detection/data/processed/Gray_Leaf_Spot/Mendeley_2546maize_train_leaf spot.JPG,Gray_Leaf_Spot,0.4361
/home/victor-e/maize-disease-detection/data/processed/Gray_Leaf_Spot/Mendeley_881maize_valid_leaf spot.JPG,Gray_Leaf_Spot,0.9442
/home/victor-e/maize-disease-detection/data/processed/Gray_Leaf_Spot/Mendeley_2158maize_train_leaf spot.JPG,Gray_Leaf_Spot,0.6813
/home/victor-e/maize-disease-detection/data/processed/Gray_Leaf_Spot/Mendeley_2670maize_train_leaf spot.JPG,Gray_Leaf_Spot,0.5975
/home/victor-e/maize-disease-detection/data/processed/Gray_Leaf_Spot/Mendeley_2533maize_train_leaf spot.JPG,Gray_Leaf_Spot,0.2088
/home/victor-e/maize-disease-detection/data/processed/Gray_Leaf_Spot/Mendeley_2529maize_train_leaf spot.JPG,Gray_Leaf_Spot,0.1933
/home/victor-e/maize-disease-detection/data/processed/Gray_Leaf_Spot/Mendeley_1403maize_train_leaf spot.JPG,Gray_Leaf_Spot,0.4569
/home/victor-e/maize-disease-detection/data/processed/Gray_Leaf_Spot/Mendeley_1015maize_train_leaf spot.JPG,Gray_Leaf_Spot,0.7452
/home/victor-e/maize-disease-detection/data/processed/Gray_Leaf_Spot/Mendeley_382maize_valid_leaf spot.JPG,Gray_Leaf_Spot,0.6899
/home/victor-e/maize-disease-detection/data/processed/Gray_Leaf_Spot/Mendeley_128maize_train_leaf spot.JPG,Gray_Leaf_Spot,0.3534
/home/victor-e/maize-disease-detection/data/processed/Gray_Leaf_Spot/Mendeley_172maize_valid_leaf spot.JPG,Gray_Leaf_Spot,0.6118
/home/victor-e/maize-disease-detection/data/processed/Gray_Leaf_Spot/Mendeley_167maize_valid_leaf spot.JPG,Gray_Leaf_Spot,0.5085
/home/victor-e/maize-disease-detection/data/processed/Gray_Leaf_Spot/Mendeley_935maize_valid_leaf spot.JPG,Gray_Leaf_Spot,0.3969
/home/victor-e/maize-disease-detection/data/processed/Gray_Leaf_Spot/Mendeley_1637maize_train_leaf spot.JPG,Gray_Leaf_Spot,0.0359
/home/victor-e/maize-disease-detection/data/processed/Gray_Leaf_Spot/Mendeley_374maize_valid_leaf spot.JPG,Gray_Leaf_Spot,0.8464
/home/victor-e/maize-disease-detection/data/processed/Gray_Leaf_Spot/Mendeley_2512maize_train_leaf spot.JPG,Gray_Leaf_Spot,0.2829
/home/victor-e/maize-disease-detection/data/processed/Gray_Leaf_Spot/Mendeley_2025maize_train_leaf spot.JPG,Gray_Leaf_Spot,0.5984
/home/victor-e/maize-disease-detection/data/processed/Gray_Leaf_Spot/Mendeley_1445maize_train_leaf spot.JPG,Gray_Leaf_Spot,0.8841
/home/victor-e/maize-disease-detection/data/processed/Gray_Leaf_Spot/Mendeley_593maize_valid_leaf spot.JPG,Gray_Leaf_Spot,0.0359
/home/victor-e/maize-disease-detection/data/processed/Gray_Leaf_Spot/Mendeley_984maize_valid_leaf spot.JPG,Gray_Leaf_Spot,0.8472
/home/victor-e/maize-disease-detection/data/processed/Gray_Leaf_Spot/Mendeley_570maize_valid_leaf spot.JPG,Gray_Leaf_Spot,0.0356
/home/victor-e/maize-disease-detection/data/processed/Gray_Leaf_Spot/Mendeley_2340maize_train_leaf spot.JPG,Gray_Leaf_Spot,0.1284
/home/victor-e/maize-disease-detection/data/processed/Gray_Leaf_Spot/Mendeley_920maize_valid_leaf spot.JPG,Gray_Leaf_Spot,0.2838
/home/victor-e/maize-disease-detection/data/processed/Gray_Leaf_Spot/Mendeley_2439maize_train_leaf spot.JPG,Gray_Leaf_Spot,0.3453
/home/victor-e/maize-disease-detection/data/processed/Gray_Leaf_Spot/Mendeley_1802maize_train_leaf spot.JPG,Gray_Leaf_Spot,0.2185
/home/victor-e/maize-disease-detection/data/processed/Gray_Leaf_Spot/Mendeley_1137maize_valid_leaf spot.JPG,Gray_Leaf_Spot,0.1331
/home/victor-e/maize-disease-detection/data/processed/Gray_Leaf_Spot/Mendeley_2759maize_train_leaf spot.JPG,Gray_Leaf_Spot,0.5307
/home/victor-e/maize-disease-detection/data/processed/Gray_Leaf_Spot/Mendeley_2354maize_train_leaf spot.JPG,Gray_Leaf_Spot,0.4406
/home/victor-e/maize-disease-detection/data/processed/Gray_Leaf_Spot/Mendeley_1581maize_train_leaf spot.JPG,Gray_Leaf_Spot,0.0423
/home/victor-e/maize-disease-detection/data/processed/Gray_Leaf_Spot/Mendeley_1345maize_train_leaf spot.JPG,Gray_Leaf_Spot,0.8614
/home/victor-e/maize-disease-detection/data/processed/Gray_Leaf_Spot/Mendeley_1984maize_train_leaf spot.JPG,Gray_Leaf_Spot,0.2427
/home/victor-e/maize-disease-detection/data/processed/Gray_Leaf_Spot/Mendeley_333maize_train_leaf spot.JPG,Gray_Leaf_Spot,0.0619
/home/victor-e/maize-disease-detection/data/processed/Gray_Leaf_Spot/Mendeley_710maize_valid_leaf spot.JPG,Gray_Leaf_Spot,0.6645
/home/victor-e/maize-disease-detection/data/processed/Gray_Leaf_Spot/Mendeley_1037maize_train_leaf spot.JPG,Gray_Leaf_Spot,0.6163
/home/victor-e/maize-disease-detection/data/processed/Gray_Leaf_Spot/Mendeley_2509maize_train_leaf spot.JPG,Gray_Leaf_Spot,0.5562
/home/victor-e/maize-disease-detection/data/processed/Gray_Leaf_Spot/Mendeley_850maize_valid_leaf spot.JPG,Gray_Leaf_Spot,0.3629
/home/victor-e/maize-disease-detection/data/processed/Gray_Leaf_Spot/Mendeley_163maize_valid_leaf spot.JPG,Gray_Leaf_Spot,0.339
/home/victor-e/maize-disease-detection/data/processed/Gray_Leaf_Spot/Mendeley_2348maize_train_leaf spot.JPG,Gray_Leaf_Spot,0.387
/home/victor-e/maize-disease-detection/data/processed/Gray_Leaf_Spot/Mendeley_1183maize_valid_leaf spot.JPG,Gray_Leaf_Spot,0.1902
/home/victor-e/maize-disease-detection/data/processed/Gray_Leaf_Spot/Mendeley_2051maize_train_leaf spot.JPG,Gray_Leaf_Spot,0.9163
/home/victor-e/maize-disease-detection/data/processed/Gray_Leaf_Spot/Mendeley_139maize_valid_leaf spot.JPG,Gray_Leaf_Spot,0.3073
/home/victor-e/maize-disease-detection/data/processed/Gray_Leaf_Spot/Mendeley_70maize_valid_leaf spot.JPG,Gray_Leaf_Spot,0.0767
/home/victor-e/maize-disease-detection/data/processed/Gray_Leaf_Spot/Mendeley_340maize_train_leaf spot.JPG,Gray_Leaf_Spot,0.3686
/home/victor-e/maize-disease-detection/data/processed/Gray_Leaf_Spot/Mendeley_2845maize_train_leaf spot.JPG,Gray_Leaf_Spot,0.5722
/home/victor-e/maize-disease-detection/data/processed/Gray_Leaf_Spot/Mendeley_1447maize_train_leaf spot.JPG,Gray_Leaf_Spot,0.756
/home/victor-e/maize-disease-detection/data/processed/Gray_Leaf_Spot/Mendeley_263maize_valid_leaf spot.JPG,Gray_Leaf_Spot,0.08
/home/victor-e/maize-disease-detection/data/processed/Gray_Leaf_Spot/Mendeley_77maize_valid_leaf spot.JPG,Gray_Leaf_Spot,0.3119
/home/victor-e/maize-disease-detection/data/processed/Gray_Leaf_Spot/Mendeley_1109maize_valid_leaf spot.JPG,Gray_Leaf_Spot,0.8799
/home/victor-e/maize-disease-detection/data/processed/Gray_Leaf_Spot/Mendeley_1810maize_train_leaf spot.JPG,Gray_Leaf_Spot,0.7266
/home/victor-e/maize-disease-detection/data/processed/Gray_Leaf_Spot/Mendeley_2695maize_train_leaf spot.JPG,Gray_Leaf_Spot,0.3485
/home/victor-e/maize-disease-detection/data/processed/Gray_Leaf_Spot/Mendeley_505maize_valid_leaf spot.JPG,Gray_Leaf_Spot,0.7108
/home/victor-e/maize-disease-detection/data/processed/Gray_Leaf_Spot/Mendeley_2528maize_train_leaf spot.JPG,Gray_Leaf_Spot,0.2126
/home/victor-e/maize-disease-detection/data/processed/Gray_Leaf_Spot/Mendeley_1541maize_train_leaf spot.JPG,Gray_Leaf_Spot,0.4899
/home/victor-e/maize-disease-detection/data/processed/Gray_Leaf_Spot/Mendeley_2561maize_train_leaf spot.JPG,Gray_Leaf_Spot,0.5582
/home/victor-e/maize-disease-detection/data/processed/Gray_Leaf_Spot/Mendeley_933maize_valid_leaf spot.JPG,Gray_Leaf_Spot,0.4604
/home/victor-e/maize-disease-detection/data/processed/Gray_Leaf_Spot/Mendeley_397maize_valid_leaf spot.JPG,Gray_Leaf_Spot,0.3235
/home/victor-e/maize-disease-detection/data/processed/Gray_Leaf_Spot/Mendeley_1270maize_train_leaf spot.JPG,Gray_Leaf_Spot,0.3297
/home/victor-e/maize-disease-detection/data/processed/Gray_Leaf_Spot/Mendeley_1395maize_train_leaf spot.JPG,Gray_Leaf_Spot,0.6141
/home/victor-e/maize-disease-detection/data/processed/Gray_Leaf_Spot/Mendeley_2856maize_train_leaf spot.JPG,Gray_Leaf_Spot,0.7435
/home/victor-e/maize-disease-detection/data/processed/Gray_Leaf_Spot/Mendeley_2680maize_train_leaf spot.JPG,Gray_Leaf_Spot,0.3785
/home/victor-e/maize-disease-detection/data/processed/Gray_Leaf_Spot/Mendeley_1047maize_train_leaf spot.JPG,Gray_Leaf_Spot,0.6629
/home/victor-e/maize-disease-detection/data/processed/Gray_Leaf_Spot/Mendeley_1459maize_train_leaf spot.JPG,Gray_Leaf_Spot,0.9593
/home/victor-e/maize-disease-detection/data/processed/Gray_Leaf_Spot/Mendeley_1041maize_train_leaf spot.JPG,Gray_Leaf_Spot,0.4323
/home/victor-e/maize-disease-detection/data/processed/Gray_Leaf_Spot/Mendeley_419maize_valid_leaf spot.JPG,Gray_Leaf_Spot,0.9868
/home/victor-e/maize-disease-detection/data/processed/Gray_Leaf_Spot/Mendeley_1462maize_train_leaf spot.JPG,Gray_Leaf_Spot,0.8388
/home/victor-e/maize-disease-detection/data/processed/Gray_Leaf_Spot/Mendeley_2513maize_train_leaf spot.JPG,Gray_Leaf_Spot,0.2456
/home/victor-e/maize-disease-detection/data/processed/Gray_Leaf_Spot/Mendeley_13maize_train_leaf spot.JPG,Gray_Leaf_Spot,0.3749
/home/victor-e/maize-disease-detection/data/processed/Gray_Leaf_Spot/Mendeley_2387maize_train_leaf spot.JPG,Gray_Leaf_Spot,0.2898
/home/victor-e/maize-disease-detection/data/processed/Gray_Leaf_Spot/Mendeley_380maize_valid_leaf spot.JPG,Gray_Leaf_Spot,0.6125
/home/victor-e/maize-disease-detection/data/processed/Gray_Leaf_Spot/Mendeley_2681maize_train_leaf spot.JPG,Gray_Leaf_Spot,0.2298
/home/victor-e/maize-disease-detection/data/processed/Gray_Leaf_Spot/Mendeley_109maize_train_leaf spot.JPG,Gray_Leaf_Spot,0.6204
/home/victor-e/maize-disease-detection/data/processed/Gray_Leaf_Spot/Mendeley_1007maize_train_leaf spot.JPG,Gray_Leaf_Spot,0.3409
/home/victor-e/maize-disease-detection/data/processed/Gray_Leaf_Spot/Mendeley_629maize_valid_leaf spot.JPG,Gray_Leaf_Spot,0.2618
/home/victor-e/maize-disease-detection/data/processed/Gray_Leaf_Spot/Mendeley_2748maize_train_leaf spot.JPG,Gray_Leaf_Spot,0.3657
/home/victor-e/maize-disease-detection/data/processed/Gray_Leaf_Spot/Mendeley_618maize_valid_leaf spot.JPG,Gray_Leaf_Spot,0.3514
/home/victor-e/maize-disease-detection/data/processed/Gray_Leaf_Spot/Mendeley_1884maize_train_leaf spot.JPG,Gray_Leaf_Spot,0.5164
/home/victor-e/maize-disease-detection/data/processed/Gray_Leaf_Spot/Mendeley_972maize_valid_leaf spot.JPG,Gray_Leaf_Spot,0.7185
/home/victor-e/maize-disease-detection/data/processed/Gray_Leaf_Spot/Mendeley_1616maize_train_leaf spot.JPG,Gray_Leaf_Spot,0.3412
/home/victor-e/maize-disease-detection/data/processed/Gray_Leaf_Spot/Mendeley_2887maize_train_leaf spot.JPG,Gray_Leaf_Spot,0.2186
/home/victor-e/maize-disease-detection/data/processed/Gray_Leaf_Spot/Mendeley_1044maize_valid_leaf spot.JPG,Gray_Leaf_Spot,0.2156
/home/victor-e/maize-disease-detection/data/processed/Gray_Leaf_Spot/Mendeley_314maize_valid_leaf spot.JPG,Gray_Leaf_Spot,0.8789
/home/victor-e/maize-disease-detection/data/processed/Gray_Leaf_Spot/Mendeley_1765maize_train_leaf spot.JPG,Gray_Leaf_Spot,0.2173
/home/victor-e/maize-disease-detection/data/processed/Gray_Leaf_Spot/Mendeley_1199maize_train_leaf spot.JPG,Gray_Leaf_Spot,0.3426
/home/victor-e/maize-disease-detection/data/processed/Gray_Leaf_Spot/Mendeley_1553maize_train_leaf spot.JPG,Gray_Leaf_Spot,0.0475
/home/victor-e/maize-disease-detection/data/processed/Gray_Leaf_Spot/Mendeley_1634maize_train_leaf spot.JPG,Gray_Leaf_Spot,0.3417
/home/victor-e/maize-disease-detection/data/processed/Gray_Leaf_Spot/Mendeley_1446maize_train_leaf spot.JPG,Gray_Leaf_Spot,0.7665
/home/victor-e/maize-disease-detection/data/processed/Gray_Leaf_Spot/Mendeley_1083maize_train_leaf spot.JPG,Gray_Leaf_Spot,0.8947
/home/victor-e/maize-disease-detection/data/processed/Gray_Leaf_Spot/Mendeley_446maize_valid_leaf spot.JPG,Gray_Leaf_Spot,0.6433
/home/victor-e/maize-disease-detection/data/processed/Gray_Leaf_Spot/Mendeley_2530maize_train_leaf spot.JPG,Gray_Leaf_Spot,0.2771
/home/victor-e/maize-disease-detection/data/processed/Gray_Leaf_Spot/Mendeley_1622maize_train_leaf spot.JPG,Gray_Leaf_Spot,0.5425
/home/victor-e/maize-disease-detection/data/processed/Gray_Leaf_Spot/Mendeley_352maize_train_leaf spot.JPG,Gray_Leaf_Spot,0.9704
/home/victor-e/maize-disease-detection/data/processed/Gray_Leaf_Spot/Mendeley_844maize_valid_leaf spot.JPG,Gray_Leaf_Spot,0.1717
/home/victor-e/maize-disease-detection/data/processed/Gray_Leaf_Spot/Mendeley_827maize_valid_leaf spot.JPG,Gray_Leaf_Spot,0.5098
/home/victor-e/maize-disease-detection/data/processed/Gray_Leaf_Spot/Mendeley_93maize_valid_leaf spot.JPG,Gray_Leaf_Spot,0.3939
/home/victor-e/maize-disease-detection/data/processed/Gray_Leaf_Spot/Mendeley_1175maize_train_leaf spot.JPG,Gray_Leaf_Spot,0.6449
/home/victor-e/maize-disease-detection/data/processed/Gray_Leaf_Spot/Mendeley_324maize_train_leaf spot.JPG,Gray_Leaf_Spot,0.579
/home/victor-e/maize-disease-detection/data/processed/Gray_Leaf_Spot/Mendeley_1997maize_train_leaf spot.JPG,Gray_Leaf_Spot,0.6125
/home/victor-e/maize-disease-detection/data/processed/Gray_Leaf_Spot/Mendeley_1756maize_train_leaf spot.JPG,Gray_Leaf_Spot,0.0843
/home/victor-e/maize-disease-detection/data/processed/Gray_Leaf_Spot/Mendeley_680maize_valid_leaf spot.JPG,Gray_Leaf_Spot,0.5523
/home/victor-e/maize-disease-detection/data/processed/Gray_Leaf_Spot/Mendeley_809maize_valid_leaf spot.JPG,Gray_Leaf_Spot,0.7912
/home/victor-e/maize-disease-detection/data/processed/Gray_Leaf_Spot/Mendeley_1229maize_train_leaf spot.JPG,Gray_Leaf_Spot,0.239
/home/victor-e/maize-disease-detection/data/processed/Gray_Leaf_Spot/Mendeley_1489maize_train_leaf spot.JPG,Gray_Leaf_Spot,0.9998
/home/victor-e/maize-disease-detection/data/processed/Gray_Leaf_Spot/Mendeley_1819maize_train_leaf spot.JPG,Gray_Leaf_Spot,0.4344
/home/victor-e/maize-disease-detection/data/processed/Gray_Leaf_Spot/Mendeley_2540maize_train_leaf spot.JPG,Gray_Leaf_Spot,0.6336
/home/victor-e/maize-disease-detection/data/processed/Gray_Leaf_Spot/Mendeley_2251maize_train_leaf spot.JPG,Gray_Leaf_Spot,0.3562
/home/victor-e/maize-disease-detection/data/processed/Gray_Leaf_Spot/Mendeley_1046maize_valid_leaf spot.JPG,Gray_Leaf_Spot,0.3637
/home/victor-e/maize-disease-detection/data/processed/Gray_Leaf_Spot/Mendeley_108maize_train_leaf spot.JPG,Gray_Leaf_Spot,0.6451
/home/victor-e/maize-disease-detection/data/processed/Gray_Leaf_Spot/Mendeley_112maize_train_leaf spot.JPG,Gray_Leaf_Spot,0.6244
/home/victor-e/maize-disease-detection/data/processed/Gray_Leaf_Spot/Mendeley_1228maize_valid_leaf spot.JPG,Gray_Leaf_Spot,0.5217
/home/victor-e/maize-disease-detection/data/processed/Gray_Leaf_Spot/Mendeley_370maize_valid_leaf spot.JPG,Gray_Leaf_Spot,0.4366
/home/victor-e/maize-disease-detection/data/processed/Gray_Leaf_Spot/Mendeley_1246maize_valid_leaf spot.JPG,Gray_Leaf_Spot,0.2417
/home/victor-e/maize-disease-detection/data/processed/Gray_Leaf_Spot/Mendeley_1112maize_train_leaf spot.JPG,Gray_Leaf_Spot,0.6829
/home/victor-e/maize-disease-detection/data/processed/Gray_Leaf_Spot/Mendeley_156maize_train_leaf spot.JPG,Gray_Leaf_Spot,0.1211
/home/victor-e/maize-disease-detection/data/processed/Gray_Leaf_Spot/Mendeley_2661maize_train_leaf spot.JPG,Gray_Leaf_Spot,0.2668
/home/victor-e/maize-disease-detection/data/processed/Gray_Leaf_Spot/Mendeley_1098maize_valid_leaf spot.JPG,Gray_Leaf_Spot,0.8114
/home/victor-e/maize-disease-detection/data/processed/Gray_Leaf_Spot/Mendeley_2279maize_train_leaf spot.JPG,Gray_Leaf_Spot,0.9169
/home/victor-e/maize-disease-detection/data/processed/Gray_Leaf_Spot/Mendeley_164maize_valid_leaf spot.JPG,Gray_Leaf_Spot,0.6737
/home/victor-e/maize-disease-detection/data/processed/Gray_Leaf_Spot/Mendeley_2659maize_train_leaf spot.JPG,Gray_Leaf_Spot,0.4023
/home/victor-e/maize-disease-detection/data/processed/Gray_Leaf_Spot/Mendeley_567maize_valid_leaf spot.JPG,Gray_Leaf_Spot,0.4899
/home/victor-e/maize-disease-detection/data/processed/Gray_Leaf_Spot/Mendeley_69maize_valid_leaf spot.JPG,Gray_Leaf_Spot,0.189
/home/victor-e/maize-disease-detection/data/processed/Gray_Leaf_Spot/Mendeley_1366maize_train_leaf spot.JPG,Gray_Leaf_Spot,0.9605
/home/victor-e/maize-disease-detection/data/processed/Gray_Leaf_Spot/Mendeley_2016maize_train_leaf spot.JPG,Gray_Leaf_Spot,0.6391
/home/victor-e/maize-disease-detection/data/processed/Gray_Leaf_Spot/Mendeley_2453maize_train_leaf spot.JPG,Gray_Leaf_Spot,0.3054
/home/victor-e/maize-disease-detection/data/processed/Gray_Leaf_Spot/Mendeley_130maize_valid_leaf spot.JPG,Gray_Leaf_Spot,0.6694
/home/victor-e/maize-disease-detection/data/processed/Gray_Leaf_Spot/Mendeley_2452maize_train_leaf spot.JPG,Gray_Leaf_Spot,0.1951
/home/victor-e/maize-disease-detection/data/processed/Gray_Leaf_Spot/Mendeley_1803maize_train_leaf spot.JPG,Gray_Leaf_Spot,0.1039
/home/victor-e/maize-disease-detection/data/processed/Gray_Leaf_Spot/Mendeley_3707maize_train_leaf spot.JPG,Gray_Leaf_Spot,0.4892
/home/victor-e/maize-disease-detection/data/processed/Gray_Leaf_Spot/Mendeley_665maize_valid_leaf spot.JPG,Gray_Leaf_Spot,0.2772
/home/victor-e/maize-disease-detection/data/processed/Gray_Leaf_Spot/Mendeley_2725maize_train_leaf spot.JPG,Gray_Leaf_Spot,0.7473
/home/victor-e/maize-disease-detection/data/processed/Gray_Leaf_Spot/Mendeley_159maize_train_leaf spot.JPG,Gray_Leaf_Spot,0.0909
/home/victor-e/maize-disease-detection/data/processed/Gray_Leaf_Spot/Mendeley_711maize_valid_leaf spot.JPG,Gray_Leaf_Spot,0.6003
/home/victor-e/maize-disease-detection/data/processed/Gray_Leaf_Spot/Mendeley_31maize_valid_leaf spot.JPG,Gray_Leaf_Spot,0.0
/home/victor-e/maize-disease-detection/data/processed/Gray_Leaf_Spot/Mendeley_1941maize_train_leaf spot.JPG,Gray_Leaf_Spot,0.9986
/home/victor-e/maize-disease-detection/data/processed/Gray_Leaf_Spot/Mendeley_1067maize_valid_leaf spot.JPG,Gray_Leaf_Spot,0.7829
/home/victor-e/maize-disease-detection/data/processed/Gray_Leaf_Spot/Mendeley_1547maize_train_leaf spot.JPG,Gray_Leaf_Spot,0.0874
/home/victor-e/maize-disease-detection/data/processed/Gray_Leaf_Spot/Mendeley_1286maize_train_leaf spot.JPG,Gray_Leaf_Spot,0.9755
/home/victor-e/maize-disease-detection/data/processed/Gray_Leaf_Spot/Mendeley_832maize_valid_leaf spot.JPG,Gray_Leaf_Spot,0.9889
/home/victor-e/maize-disease-detection/data/processed/Gray_Leaf_Spot/Mendeley_428maize_valid_leaf spot.JPG,Gray_Leaf_Spot,0.7846
/home/victor-e/maize-disease-detection/data/processed/Gray_Leaf_Spot/Mendeley_689maize_valid_leaf spot.JPG,Gray_Leaf_Spot,0.1216
/home/victor-e/maize-disease-detection/data/processed/Gray_Leaf_Spot/Mendeley_1225maize_valid_leaf spot.JPG,Gray_Leaf_Spot,0.4685
/home/victor-e/maize-disease-detection/data/processed/Gray_Leaf_Spot/Mendeley_1598maize_train_leaf spot.JPG,Gray_Leaf_Spot,0.2016
/home/victor-e/maize-disease-detection/data/processed/Gray_Leaf_Spot/Mendeley_356maize_train_leaf spot.JPG,Gray_Leaf_Spot,0.2387
/home/victor-e/maize-disease-detection/data/processed/Gray_Leaf_Spot/Mendeley_1863maize_train_leaf spot.JPG,Gray_Leaf_Spot,0.5431
/home/victor-e/maize-disease-detection/data/processed/Gray_Leaf_Spot/Mendeley_1272maize_train_leaf spot.JPG,Gray_Leaf_Spot,0.9988
/home/victor-e/maize-disease-detection/data/processed/Gray_Leaf_Spot/Mendeley_866maize_valid_leaf spot.JPG,Gray_Leaf_Spot,0.9256
/home/victor-e/maize-disease-detection/data/processed/Gray_Leaf_Spot/Mendeley_942maize_valid_leaf spot.JPG,Gray_Leaf_Spot,0.7311
/home/victor-e/maize-disease-detection/data/processed/Gray_Leaf_Spot/Mendeley_1620maize_train_leaf spot.JPG,Gray_Leaf_Spot,0.5757
/home/victor-e/maize-disease-detection/data/processed/Gray_Leaf_Spot/Mendeley_1859maize_train_leaf spot.JPG,Gray_Leaf_Spot,0.4181
/home/victor-e/maize-disease-detection/data/processed/Gray_Leaf_Spot/Mendeley_555maize_valid_leaf spot.JPG,Gray_Leaf_Spot,0.9986
/home/victor-e/maize-disease-detection/data/processed/Gray_Leaf_Spot/Mendeley_2446maize_train_leaf spot.JPG,Gray_Leaf_Spot,0.4282
/home/victor-e/maize-disease-detection/data/processed/Gray_Leaf_Spot/Mendeley_1746maize_train_leaf spot.JPG,Gray_Leaf_Spot,0.3975
/home/victor-e/maize-disease-detection/data/processed/Gray_Leaf_Spot/Mendeley_2071maize_train_leaf spot.JPG,Gray_Leaf_Spot,0.7353
/home/victor-e/maize-disease-detection/data/processed/Gray_Leaf_Spot/Mendeley_1194maize_valid_leaf spot.JPG,Gray_Leaf_Spot,0.489
/home/victor-e/maize-disease-detection/data/processed/Gray_Leaf_Spot/Mendeley_187maize_train_leaf spot.JPG,Gray_Leaf_Spot,0.1118
/home/victor-e/maize-disease-detection/data/processed/Gray_Leaf_Spot/Mendeley_1754maize_train_leaf spot.JPG,Gray_Leaf_Spot,0.3602
/home/victor-e/maize-disease-detection/data/processed/Gray_Leaf_Spot/Mendeley_207maize_train_leaf spot.JPG,Gray_Leaf_Spot,0.0749
/home/victor-e/maize-disease-detection/data/processed/Gray_Leaf_Spot/Mendeley_1862maize_train_leaf spot.JPG,Gray_Leaf_Spot,0.5453
/home/victor-e/maize-disease-detection/data/processed/Gray_Leaf_Spot/Mendeley_1041maize_valid_leaf spot.JPG,Gray_Leaf_Spot,0.6613
/home/victor-e/maize-disease-detection/data/processed/Gray_Leaf_Spot/Mendeley_1075maize_train_leaf spot.JPG,Gray_Leaf_Spot,0.92
/home/victor-e/maize-disease-detection/data/processed/Gray_Leaf_Spot/Mendeley_1026maize_train_leaf spot.JPG,Gray_Leaf_Spot,0.7189
/home/victor-e/maize-disease-detection/data/processed/Gray_Leaf_Spot/Mendeley_425maize_valid_leaf spot.JPG,Gray_Leaf_Spot,0.5893
/home/victor-e/maize-disease-detection/data/processed/Gray_Leaf_Spot/Mendeley_871maize_valid_leaf spot.JPG,Gray_Leaf_Spot,0.2242
/home/victor-e/maize-disease-detection/data/processed/Gray_Leaf_Spot/Mendeley_1352maize_train_leaf spot.JPG,Gray_Leaf_Spot,0.6588
/home/victor-e/maize-disease-detection/data/processed/Gray_Leaf_Spot/Mendeley_2498maize_train_leaf spot.JPG,Gray_Leaf_Spot,0.5454
/home/victor-e/maize-disease-detection/data/processed/Gray_Leaf_Spot/Mendeley_1996maize_train_leaf spot.JPG,Gray_Leaf_Spot,0.6992
/home/victor-e/maize-disease-detection/data/processed/Gray_Leaf_Spot/Mendeley_1833maize_train_leaf spot.JPG,Gray_Leaf_Spot,0.364
/home/victor-e/maize-disease-detection/data/processed/Gray_Leaf_Spot/Mendeley_1892maize_train_leaf spot.JPG,Gray_Leaf_Spot,0.1596
/home/victor-e/maize-disease-detection/data/processed/Gray_Leaf_Spot/Mendeley_601maize_valid_leaf spot.JPG,Gray_Leaf_Spot,0.0249
/home/victor-e/maize-disease-detection/data/processed/Gray_Leaf_Spot/Mendeley_1141maize_valid_leaf spot.JPG,Gray_Leaf_Spot,0.0416
/home/victor-e/maize-disease-detection/data/processed/Gray_Leaf_Spot/Mendeley_1760maize_train_leaf spot.JPG,Gray_Leaf_Spot,0.6054
/home/victor-e/maize-disease-detection/data/processed/Gray_Leaf_Spot/Mendeley_177maize_valid_leaf spot.JPG,Gray_Leaf_Spot,0.3274
/home/victor-e/maize-disease-detection/data/processed/Gray_Leaf_Spot/Mendeley_2580maize_train_leaf spot.JPG,Gray_Leaf_Spot,0.2904
/home/victor-e/maize-disease-detection/data/processed/Gray_Leaf_Spot/Mendeley_1861maize_train_leaf spot.JPG,Gray_Leaf_Spot,0.4389
/home/victor-e/maize-disease-detection/data/processed/Gray_Leaf_Spot/Mendeley_21maize_train_leaf spot.JPG,Gray_Leaf_Spot,0.2059
/home/victor-e/maize-disease-detection/data/processed/Gray_Leaf_Spot/Mendeley_1086maize_valid_leaf spot.JPG,Gray_Leaf_Spot,0.8778
/home/victor-e/maize-disease-detection/data/processed/Gray_Leaf_Spot/Mendeley_985maize_valid_leaf spot.JPG,Gray_Leaf_Spot,0.7965
/home/victor-e/maize-disease-detection/data/processed/Gray_Leaf_Spot/Mendeley_1817maize_train_leaf spot.JPG,Gray_Leaf_Spot,0.5049
/home/victor-e/maize-disease-detection/data/processed/Gray_Leaf_Spot/Mendeley_1295maize_train_leaf spot.JPG,Gray_Leaf_Spot,0.8594
/home/victor-e/maize-disease-detection/data/processed/Gray_Leaf_Spot/Mendeley_2750maize_train_leaf spot.JPG,Gray_Leaf_Spot,0.3548
/home/victor-e/maize-disease-detection/data/processed/Gray_Leaf_Spot/Mendeley_2266maize_train_leaf spot.JPG,Gray_Leaf_Spot,0.8987
/home/victor-e/maize-disease-detection/data/processed/Gray_Leaf_Spot/Mendeley_170maize_valid_leaf spot.JPG,Gray_Leaf_Spot,0.5769
/home/victor-e/maize-disease-detection/data/processed/Gray_Leaf_Spot/Mendeley_1851maize_train_leaf spot.JPG,Gray_Leaf_Spot,0.0781
/home/victor-e/maize-disease-detection/data/processed/Gray_Leaf_Spot/Mendeley_1181maize_train_leaf spot.JPG,Gray_Leaf_Spot,0.1781
/home/victor-e/maize-disease-detection/data/processed/Gray_Leaf_Spot/Mendeley_1230maize_valid_leaf spot.JPG,Gray_Leaf_Spot,0.1563
/home/victor-e/maize-disease-detection/data/processed/Gray_Leaf_Spot/Mendeley_234maize_train_leaf spot.JPG,Gray_Leaf_Spot,0.2313
/home/victor-e/maize-disease-detection/data/processed/Gray_Leaf_Spot/Mendeley_2702maize_train_leaf spot.JPG,Gray_Leaf_Spot,0.4219
/home/victor-e/maize-disease-detection/data/processed/Gray_Leaf_Spot/Mendeley_1657maize_train_leaf spot.JPG,Gray_Leaf_Spot,0.0189
/home/victor-e/maize-disease-detection/data/processed/Gray_Leaf_Spot/Mendeley_1367maize_train_leaf spot.JPG,Gray_Leaf_Spot,0.9579
/home/victor-e/maize-disease-detection/data/processed/Gray_Leaf_Spot/Mendeley_1207maize_valid_leaf spot.JPG,Gray_Leaf_Spot,0.3297
/home/victor-e/maize-disease-detection/data/processed/Gray_Leaf_Spot/Mendeley_1977maize_train_leaf spot.JPG,Gray_Leaf_Spot,0.0105
/home/victor-e/maize-disease-detection/data/processed/Gray_Leaf_Spot/Mendeley_1327maize_train_leaf spot.JPG,Gray_Leaf_Spot,0.9618
/home/victor-e/maize-disease-detection/data/processed/Gray_Leaf_Spot/Mendeley_1149maize_valid_leaf spot.JPG,Gray_Leaf_Spot,0.2396
/home/victor-e/maize-disease-detection/data/processed/Gray_Leaf_Spot/Mendeley_1151maize_valid_leaf spot.JPG,Gray_Leaf_Spot,0.317
/home/victor-e/maize-disease-detection/data/processed/Gray_Leaf_Spot/Mendeley_1297maize_train_leaf spot.JPG,Gray_Leaf_Spot,0.7602
/home/victor-e/maize-disease-detection/data/processed/Gray_Leaf_Spot/Mendeley_1140maize_valid_leaf spot.JPG,Gray_Leaf_Spot,0.1295
/home/victor-e/maize-disease-detection/data/processed/Gray_Leaf_Spot/Mendeley_806maize_valid_leaf spot.JPG,Gray_Leaf_Spot,0.1462
/home/victor-e/maize-disease-detection/data/processed/Gray_Leaf_Spot/Mendeley_236maize_train_leaf spot.JPG,Gray_Leaf_Spot,0.6636
/home/victor-e/maize-disease-detection/data/processed/Gray_Leaf_Spot/Mendeley_217maize_valid_leaf spot.JPG,Gray_Leaf_Spot,0.3673
/home/victor-e/maize-disease-detection/data/processed/Gray_Leaf_Spot/Mendeley_954maize_valid_leaf spot.JPG,Gray_Leaf_Spot,0.932
/home/victor-e/maize-disease-detection/data/processed/Gray_Leaf_Spot/Mendeley_56maize_valid_leaf spot.JPG,Gray_Leaf_Spot,0.1442
/home/victor-e/maize-disease-detection/data/processed/Gray_Leaf_Spot/Mendeley_55maize_valid_leaf spot.JPG,Gray_Leaf_Spot,0.4694
/home/victor-e/maize-disease-detection/data/processed/Gray_Leaf_Spot/Mendeley_1119maize_train_leaf spot.JPG,Gray_Leaf_Spot,0.9135
/home/victor-e/maize-disease-detection/data/processed/Gray_Leaf_Spot/Mendeley_846maize_valid_leaf spot.JPG,Gray_Leaf_Spot,0.7252
/home/victor-e/maize-disease-detection/data/processed/Gray_Leaf_Spot/Mendeley_1772maize_train_leaf spot.JPG,Gray_Leaf_Spot,0.1257
/home/victor-e/maize-disease-detection/data/processed/Gray_Leaf_Spot/Mendeley_185maize_valid_leaf spot.JPG,Gray_Leaf_Spot,0.1029
/home/victor-e/maize-disease-detection/data/processed/Gray_Leaf_Spot/Mendeley_81maize_valid_leaf spot.JPG,Gray_Leaf_Spot,0.1728
/home/victor-e/maize-disease-detection/data/processed/Gray_Leaf_Spot/Mendeley_759maize_valid_leaf spot.JPG,Gray_Leaf_Spot,0.6238
/home/victor-e/maize-disease-detection/data/processed/Gray_Leaf_Spot/Mendeley_851maize_valid_leaf spot.JPG,Gray_Leaf_Spot,0.1426
/home/victor-e/maize-disease-detection/data/processed/Gray_Leaf_Spot/Mendeley_1364maize_train_leaf spot.JPG,Gray_Leaf_Spot,0.98
/home/victor-e/maize-disease-detection/data/processed/Gray_Leaf_Spot/Mendeley_1654maize_train_leaf spot.JPG,Gray_Leaf_Spot,0.3325
/home/victor-e/maize-disease-detection/data/processed/Gray_Leaf_Spot/Mendeley_363maize_valid_leaf spot.JPG,Gray_Leaf_Spot,0.2417
/home/victor-e/maize-disease-detection/data/processed/Gray_Leaf_Spot/Mendeley_2816maize_train_leaf spot.JPG,Gray_Leaf_Spot,0.1912
/home/victor-e/maize-disease-detection/data/processed/Gray_Leaf_Spot/Mendeley_2297maize_train_leaf spot.JPG,Gray_Leaf_Spot,0.9201
/home/victor-e/maize-disease-detection/data/processed/Gray_Leaf_Spot/Mendeley_999maize_valid_leaf spot.JPG,Gray_Leaf_Spot,0.6669
/home/victor-e/maize-disease-detection/data/processed/Gray_Leaf_Spot/Mendeley_1318maize_train_leaf spot.JPG,Gray_Leaf_Spot,0.8726
/home/victor-e/maize-disease-detection/data/processed/Gray_Leaf_Spot/Mendeley_1115maize_train_leaf spot.JPG,Gray_Leaf_Spot,0.6659
/home/victor-e/maize-disease-detection/data/processed/Gray_Leaf_Spot/Mendeley_2265maize_train_leaf spot.JPG,Gray_Leaf_Spot,0.8773
/home/victor-e/maize-disease-detection/data/processed/Gray_Leaf_Spot/Mendeley_445maize_valid_leaf spot.JPG,Gray_Leaf_Spot,0.0687
/home/victor-e/maize-disease-detection/data/processed/Gray_Leaf_Spot/Mendeley_1473maize_train_leaf spot.JPG,Gray_Leaf_Spot,0.362
/home/victor-e/maize-disease-detection/data/processed/Gray_Leaf_Spot/Mendeley_1476maize_train_leaf spot.JPG,Gray_Leaf_Spot,0.6238
/home/victor-e/maize-disease-detection/data/processed/Gray_Leaf_Spot/Mendeley_86maize_valid_leaf spot.JPG,Gray_Leaf_Spot,0.6712
/home/victor-e/maize-disease-detection/data/processed/Gray_Leaf_Spot/Mendeley_1993maize_train_leaf spot.JPG,Gray_Leaf_Spot,0.3155
/home/victor-e/maize-disease-detection/data/processed/Gray_Leaf_Spot/Mendeley_705maize_valid_leaf spot.JPG,Gray_Leaf_Spot,0.2433
/home/victor-e/maize-disease-detection/data/processed/Gray_Leaf_Spot/Mendeley_2289maize_train_leaf spot.JPG,Gray_Leaf_Spot,0.1182
/home/victor-e/maize-disease-detection/data/processed/Gray_Leaf_Spot/Mendeley_2726maize_train_leaf spot.JPG,Gray_Leaf_Spot,0.8436
/home/victor-e/maize-disease-detection/data/processed/Gray_Leaf_Spot/Mendeley_2842maize_train_leaf spot.JPG,Gray_Leaf_Spot,0.5911
/home/victor-e/maize-disease-detection/data/processed/Gray_Leaf_Spot/Mendeley_107maize_train_leaf spot.JPG,Gray_Leaf_Spot,0.3953
/home/victor-e/maize-disease-detection/data/processed/Gray_Leaf_Spot/Mendeley_238maize_train_leaf spot.JPG,Gray_Leaf_Spot,0.6731
/home/victor-e/maize-disease-detection/data/processed/Gray_Leaf_Spot/Mendeley_1119maize_valid_leaf spot.JPG,Gray_Leaf_Spot,0.5036
/home/victor-e/maize-disease-detection/data/processed/Gray_Leaf_Spot/Mendeley_1710maize_train_leaf spot.JPG,Gray_Leaf_Spot,0.299
/home/victor-e/maize-disease-detection/data/processed/Gray_Leaf_Spot/Mendeley_2871maize_train_leaf spot.JPG,Gray_Leaf_Spot,0.6268
/home/victor-e/maize-disease-detection/data/processed/Gray_Leaf_Spot/Mendeley_527maize_valid_leaf spot.JPG,Gray_Leaf_Spot,0.3746
/home/victor-e/maize-disease-detection/data/processed/Gray_Leaf_Spot/Mendeley_76maize_valid_leaf spot.JPG,Gray_Leaf_Spot,0.4081
/home/victor-e/maize-disease-detection/data/processed/Gray_Leaf_Spot/Mendeley_2433maize_train_leaf spot.JPG,Gray_Leaf_Spot,0.7826
/home/victor-e/maize-disease-detection/data/processed/Gray_Leaf_Spot/Mendeley_1392maize_train_leaf spot.JPG,Gray_Leaf_Spot,0.6572
/home/victor-e/maize-disease-detection/data/processed/Gray_Leaf_Spot/Mendeley_2283maize_train_leaf spot.JPG,Gray_Leaf_Spot,0.2488
/home/victor-e/maize-disease-detection/data/processed/Gray_Leaf_Spot/Mendeley_1614maize_train_leaf spot.JPG,Gray_Leaf_Spot,0.2995
/home/victor-e/maize-disease-detection/data/processed/Gray_Leaf_Spot/Mendeley_2671maize_train_leaf spot.JPG,Gray_Leaf_Spot,0.5899
/home/victor-e/maize-disease-detection/data/processed/Gray_Leaf_Spot/Mendeley_1218maize_train_leaf spot.JPG,Gray_Leaf_Spot,0.5769
/home/victor-e/maize-disease-detection/data/processed/Gray_Leaf_Spot/Mendeley_963maize_valid_leaf spot.JPG,Gray_Leaf_Spot,0.6085
/home/victor-e/maize-disease-detection/data/processed/Gray_Leaf_Spot/Mendeley_2113maize_train_leaf spot.JPG,Gray_Leaf_Spot,0.2935
/home/victor-e/maize-disease-detection/data/processed/Gray_Leaf_Spot/Mendeley_2833maize_train_leaf spot.JPG,Gray_Leaf_Spot,0.8756
/home/victor-e/maize-disease-detection/data/processed/Gray_Leaf_Spot/Mendeley_1206maize_valid_leaf spot.JPG,Gray_Leaf_Spot,0.315
/home/victor-e/maize-disease-detection/data/processed/Gray_Leaf_Spot/Mendeley_163maize_train_leaf spot.JPG,Gray_Leaf_Spot,0.0447
/home/victor-e/maize-disease-detection/data/processed/Gray_Leaf_Spot/Mendeley_930maize_valid_leaf spot.JPG,Gray_Leaf_Spot,0.8665
/home/victor-e/maize-disease-detection/data/processed/Gray_Leaf_Spot/Mendeley_2116maize_train_leaf spot.JPG,Gray_Leaf_Spot,0.4923
/home/victor-e/maize-disease-detection/data/processed/Gray_Leaf_Spot/Mendeley_1857maize_train_leaf spot.JPG,Gray_Leaf_Spot,0.3685
/home/victor-e/maize-disease-detection/data/processed/Gray_Leaf_Spot/Mendeley_2722maize_train_leaf spot.JPG,Gray_Leaf_Spot,0.8291
/home/victor-e/maize-disease-detection/data/processed/Gray_Leaf_Spot/Mendeley_1980maize_train_leaf spot.JPG,Gray_Leaf_Spot,0.5688
/home/victor-e/maize-disease-detection/data/processed/Gray_Leaf_Spot/Mendeley_2632maize_train_leaf spot.JPG,Gray_Leaf_Spot,0.5323
/home/victor-e/maize-disease-detection/data/processed/Gray_Leaf_Spot/Mendeley_2212maize_train_leaf spot.JPG,Gray_Leaf_Spot,0.0823
/home/victor-e/maize-disease-detection/data/processed/Gray_Leaf_Spot/Mendeley_128maize_valid_leaf spot.JPG,Gray_Leaf_Spot,0.8703
/home/victor-e/maize-disease-detection/data/processed/Gray_Leaf_Spot/Mendeley_1273maize_train_leaf spot.JPG,Gray_Leaf_Spot,0.9977
/home/victor-e/maize-disease-detection/data/processed/Gray_Leaf_Spot/Mendeley_1697maize_train_leaf spot.JPG,Gray_Leaf_Spot,0.5308
/home/victor-e/maize-disease-detection/data/processed/Gray_Leaf_Spot/Mendeley_105maize_train_leaf spot.JPG,Gray_Leaf_Spot,0.1736
/home/victor-e/maize-disease-detection/data/processed/Gray_Leaf_Spot/Mendeley_611maize_valid_leaf spot.JPG,Gray_Leaf_Spot,0.2336
/home/victor-e/maize-disease-detection/data/processed/Gray_Leaf_Spot/Mendeley_485maize_valid_leaf spot.JPG,Gray_Leaf_Spot,0.9566
/home/victor-e/maize-disease-detection/data/processed/Gray_Leaf_Spot/Mendeley_1906maize_train_leaf spot.JPG,Gray_Leaf_Spot,0.4929
/home/victor-e/maize-disease-detection/data/processed/Gray_Leaf_Spot/Mendeley_1321maize_train_leaf spot.JPG,Gray_Leaf_Spot,0.8256
/home/victor-e/maize-disease-detection/data/processed/Gray_Leaf_Spot/Mendeley_1080maize_valid_leaf spot.JPG,Gray_Leaf_Spot,0.8971
/home/victor-e/maize-disease-detection/data/processed/Gray_Leaf_Spot/Mendeley_978maize_valid_leaf spot.JPG,Gray_Leaf_Spot,0.9227
/home/victor-e/maize-disease-detection/data/processed/Gray_Leaf_Spot/Mendeley_1983maize_train_leaf spot.JPG,Gray_Leaf_Spot,0.5638
/home/victor-e/maize-disease-detection/data/processed/Gray_Leaf_Spot/Mendeley_1159maize_valid_leaf spot.JPG,Gray_Leaf_Spot,0.2114
/home/victor-e/maize-disease-detection/data/processed/Gray_Leaf_Spot/Mendeley_1544maize_train_leaf spot.JPG,Gray_Leaf_Spot,0.1012
/home/victor-e/maize-disease-detection/data/processed/Gray_Leaf_Spot/Mendeley_348maize_train_leaf spot.JPG,Gray_Leaf_Spot,0.8867
/home/victor-e/maize-disease-detection/data/processed/Gray_Leaf_Spot/Mendeley_277maize_valid_leaf spot.JPG,Gray_Leaf_Spot,0.5304
/home/victor-e/maize-disease-detection/data/processed/Gray_Leaf_Spot/Mendeley_1124maize_valid_leaf spot.JPG,Gray_Leaf_Spot,0.5401
/home/victor-e/maize-disease-detection/data/processed/Gray_Leaf_Spot/Mendeley_1112maize_valid_leaf spot.JPG,Gray_Leaf_Spot,0.2512
/home/victor-e/maize-disease-detection/data/processed/Gray_Leaf_Spot/Mendeley_627maize_valid_leaf spot.JPG,Gray_Leaf_Spot,0.5082
/home/victor-e/maize-disease-detection/data/processed/Gray_Leaf_Spot/Mendeley_1950maize_train_leaf spot.JPG,Gray_Leaf_Spot,0.456
/home/victor-e/maize-disease-detection/data/processed/Gray_Leaf_Spot/Mendeley_1265maize_train_leaf spot.JPG,Gray_Leaf_Spot,0.9236
/home/victor-e/maize-disease-detection/data/processed/Gray_Leaf_Spot/Mendeley_1812maize_train_leaf spot.JPG,Gray_Leaf_Spot,0.6822
/home/victor-e/maize-disease-detection/data/processed/Gray_Leaf_Spot/Mendeley_1198maize_valid_leaf spot.JPG,Gray_Leaf_Spot,0.147
/home/victor-e/maize-disease-detection/data/processed/Gray_Leaf_Spot/Mendeley_2590maize_train_leaf spot.JPG,Gray_Leaf_Spot,0.6466
/home/victor-e/maize-disease-detection/data/processed/Gray_Leaf_Spot/Mendeley_2600maize_train_leaf spot.JPG,Gray_Leaf_Spot,0.5889
/home/victor-e/maize-disease-detection/data/processed/Gray_Leaf_Spot/Mendeley_123maize_valid_leaf spot.JPG,Gray_Leaf_Spot,0.3113
/home/victor-e/maize-disease-detection/data/processed/Gray_Leaf_Spot/Mendeley_2086maize_train_leaf spot.JPG,Gray_Leaf_Spot,0.4429
/home/victor-e/maize-disease-detection/data/processed/Gray_Leaf_Spot/Mendeley_2532maize_train_leaf spot.JPG,Gray_Leaf_Spot,0.28
/home/victor-e/maize-disease-detection/data/processed/Gray_Leaf_Spot/Mendeley_1729maize_train_leaf spot.JPG,Gray_Leaf_Spot,0.4779
/home/victor-e/maize-disease-detection/data/processed/Gray_Leaf_Spot/Mendeley_35maize_train_leaf spot.JPG,Gray_Leaf_Spot,0.9153
/home/victor-e/maize-disease-detection/data/processed/Gray_Leaf_Spot/Mendeley_1655maize_train_leaf spot.JPG,Gray_Leaf_Spot,0.2831
/home/victor-e/maize-disease-detection/data/processed/Gray_Leaf_Spot/Mendeley_2744maize_train_leaf spot.JPG,Gray_Leaf_Spot,0.9361
/home/victor-e/maize-disease-detection/data/processed/Gray_Leaf_Spot/Mendeley_2517maize_train_leaf spot.JPG,Gray_Leaf_Spot,0.6429
/home/victor-e/maize-disease-detection/data/processed/Gray_Leaf_Spot/Mendeley_1023maize_valid_leaf spot.JPG,Gray_Leaf_Spot,0.2903
/home/victor-e/maize-disease-detection/data/processed/Gray_Leaf_Spot/Mendeley_1257maize_train_leaf spot.JPG,Gray_Leaf_Spot,0.9124
/home/victor-e/maize-disease-detection/data/processed/Gray_Leaf_Spot/Mendeley_53maize_valid_leaf spot.JPG,Gray_Leaf_Spot,0.2333
/home/victor-e/maize-disease-detection/data/processed/Gray_Leaf_Spot/Mendeley_487maize_valid_leaf spot.JPG,Gray_Leaf_Spot,0.9744
/home/victor-e/maize-disease-detection/data/processed/Gray_Leaf_Spot/Mendeley_2384maize_train_leaf spot.JPG,Gray_Leaf_Spot,0.3019
/home/victor-e/maize-disease-detection/data/processed/Gray_Leaf_Spot/Mendeley_887maize_valid_leaf spot.JPG,Gray_Leaf_Spot,0.9074
/home/victor-e/maize-disease-detection/data/processed/Gray_Leaf_Spot/Mendeley_1070maize_valid_leaf spot.JPG,Gray_Leaf_Spot,0.6729
/home/victor-e/maize-disease-detection/data/processed/Gray_Leaf_Spot/Mendeley_95maize_valid_leaf spot.JPG,Gray_Leaf_Spot,0.2031
/home/victor-e/maize-disease-detection/data/processed/Gray_Leaf_Spot/Mendeley_2332maize_train_leaf spot.JPG,Gray_Leaf_Spot,0.1127
/home/victor-e/maize-disease-detection/data/processed/Gray_Leaf_Spot/Mendeley_1408maize_train_leaf spot.JPG,Gray_Leaf_Spot,0.5544
/home/victor-e/maize-disease-detection/data/processed/Gray_Leaf_Spot/Mendeley_1540maize_train_leaf spot.JPG,Gray_Leaf_Spot,0.5523
/home/victor-e/maize-disease-detection/data/processed/Gray_Leaf_Spot/Mendeley_262maize_valid_leaf spot.JPG,Gray_Leaf_Spot,0.2022
/home/victor-e/maize-disease-detection/data/processed/Gray_Leaf_Spot/Mendeley_102maize_train_leaf spot.JPG,Gray_Leaf_Spot,0.6631
/home/victor-e/maize-disease-detection/data/processed/Gray_Leaf_Spot/Mendeley_1738maize_train_leaf spot.JPG,Gray_Leaf_Spot,0.7566
/home/victor-e/maize-disease-detection/data/processed/Gray_Leaf_Spot/Mendeley_560maize_valid_leaf spot.JPG,Gray_Leaf_Spot,0.831
/home/victor-e/maize-disease-detection/data/processed/Gray_Leaf_Spot/Mendeley_1394maize_train_leaf spot.JPG,Gray_Leaf_Spot,0.6399
/home/victor-e/maize-disease-detection/data/processed/Gray_Leaf_Spot/Mendeley_13maize_valid_leaf spot.JPG,Gray_Leaf_Spot,0.0506
/home/victor-e/maize-disease-detection/data/processed/Gray_Leaf_Spot/Mendeley_186maize_train_leaf spot.JPG,Gray_Leaf_Spot,0.1672
/home/victor-e/maize-disease-detection/data/processed/Gray_Leaf_Spot/Mendeley_2091maize_train_leaf spot.JPG,Gray_Leaf_Spot,0.408
/home/victor-e/maize-disease-detection/data/processed/Gray_Leaf_Spot/Mendeley_1217maize_valid_leaf spot.JPG,Gray_Leaf_Spot,0.2678
/home/victor-e/maize-disease-detection/data/processed/Gray_Leaf_Spot/Mendeley_1061maize_valid_leaf spot.JPG,Gray_Leaf_Spot,0.3028
/home/victor-e/maize-disease-detection/data/processed/Gray_Leaf_Spot/Mendeley_319maize_train_leaf spot.JPG,Gray_Leaf_Spot,0.66
/home/victor-e/maize-disease-detection/data/processed/Gray_Leaf_Spot/Mendeley_1031maize_valid_leaf spot.JPG,Gray_Leaf_Spot,0.0469
/home/victor-e/maize-disease-detection/data/processed/Gray_Leaf_Spot/Mendeley_297maize_valid_leaf spot.JPG,Gray_Leaf_Spot,0.1435
/home/victor-e/maize-disease-detection/data/processed/Gray_Leaf_Spot/Mendeley_2097maize_train_leaf spot.JPG,Gray_Leaf_Spot,0.5491
/home/victor-e/maize-disease-detection/data/processed/Gray_Leaf_Spot/Mendeley_30maize_valid_leaf spot.JPG,Gray_Leaf_Spot,0.1192
/home/victor-e/maize-disease-detection/data/processed/Gray_Leaf_Spot/Mendeley_512maize_valid_leaf spot.JPG,Gray_Leaf_Spot,0.9259
/home/victor-e/maize-disease-detection/data/processed/Gray_Leaf_Spot/Mendeley_2209maize_train_leaf spot.JPG,Gray_Leaf_Spot,0.0651
/home/victor-e/maize-disease-detection/data/processed/Gray_Leaf_Spot/Mendeley_988maize_valid_leaf spot.JPG,Gray_Leaf_Spot,0.6135
/home/victor-e/maize-disease-detection/data/processed/Gray_Leaf_Spot/Mendeley_1028maize_valid_leaf spot.JPG,Gray_Leaf_Spot,0.6298
/home/victor-e/maize-disease-detection/data/processed/Gray_Leaf_Spot/Mendeley_1147maize_valid_leaf spot.JPG,Gray_Leaf_Spot,0.7462
/home/victor-e/maize-disease-detection/data/processed/Gray_Leaf_Spot/Mendeley_270maize_train_leaf spot.JPG,Gray_Leaf_Spot,0.2627
/home/victor-e/maize-disease-detection/data/processed/Gray_Leaf_Spot/Mendeley_334maize_valid_leaf spot.JPG,Gray_Leaf_Spot,0.9492
/home/victor-e/maize-disease-detection/data/processed/Gray_Leaf_Spot/Mendeley_2352maize_train_leaf spot.JPG,Gray_Leaf_Spot,0.3843
/home/victor-e/maize-disease-detection/data/processed/Gray_Leaf_Spot/Mendeley_1647maize_train_leaf spot.JPG,Gray_Leaf_Spot,0.1708
/home/victor-e/maize-disease-detection/data/processed/Gray_Leaf_Spot/Mendeley_614maize_valid_leaf spot.JPG,Gray_Leaf_Spot,0.4093
/home/victor-e/maize-disease-detection/data/processed/Gray_Leaf_Spot/Mendeley_1468maize_train_leaf spot.JPG,Gray_Leaf_Spot,0.8435
/home/victor-e/maize-disease-detection/data/processed/Gray_Leaf_Spot/Mendeley_2486maize_train_leaf spot.JPG,Gray_Leaf_Spot,0.3166
/home/victor-e/maize-disease-detection/data/processed/Gray_Leaf_Spot/Mendeley_1911maize_train_leaf spot.JPG,Gray_Leaf_Spot,0.8954
/home/victor-e/maize-disease-detection/data/processed/Gray_Leaf_Spot/Mendeley_1069maize_valid_leaf spot.JPG,Gray_Leaf_Spot,0.1548
/home/victor-e/maize-disease-detection/data/processed/Gray_Leaf_Spot/Mendeley_2390maize_train_leaf spot.JPG,Gray_Leaf_Spot,0.4467
/home/victor-e/maize-disease-detection/data/processed/Gray_Leaf_Spot/Mendeley_78maize_valid_leaf spot.JPG,Gray_Leaf_Spot,0.3989
/home/victor-e/maize-disease-detection/data/processed/Gray_Leaf_Spot/Mendeley_2667maize_train_leaf spot.JPG,Gray_Leaf_Spot,0.9058
/home/victor-e/maize-disease-detection/data/processed/Gray_Leaf_Spot/Mendeley_1515maize_train_leaf spot.JPG,Gray_Leaf_Spot,0.85
/home/victor-e/maize-disease-detection/data/processed/Gray_Leaf_Spot/Mendeley_244maize_train_leaf spot.JPG,Gray_Leaf_Spot,0.1231
/home/victor-e/maize-disease-detection/data/processed/Gray_Leaf_Spot/Mendeley_2449maize_train_leaf spot.JPG,Gray_Leaf_Spot,0.3595
/home/victor-e/maize-disease-detection/data/processed/Gray_Leaf_Spot/Mendeley_2313maize_train_leaf spot.JPG,Gray_Leaf_Spot,0.0392
/home/victor-e/maize-disease-detection/data/processed/Gray_Leaf_Spot/Mendeley_2244maize_train_leaf spot.JPG,Gray_Leaf_Spot,0.4711
/home/victor-e/maize-disease-detection/data/processed/Gray_Leaf_Spot/Mendeley_2003maize_train_leaf spot.JPG,Gray_Leaf_Spot,0.6907
/home/victor-e/maize-disease-detection/data/processed/Gray_Leaf_Spot/Mendeley_1536maize_train_leaf spot.JPG,Gray_Leaf_Spot,0.3152
/home/victor-e/maize-disease-detection/data/processed/Gray_Leaf_Spot/Mendeley_265maize_valid_leaf spot.JPG,Gray_Leaf_Spot,0.7602
/home/victor-e/maize-disease-detection/data/processed/Gray_Leaf_Spot/Mendeley_2626maize_train_leaf spot.JPG,Gray_Leaf_Spot,0.8989
/home/victor-e/maize-disease-detection/data/processed/Gray_Leaf_Spot/Mendeley_1943maize_train_leaf spot.JPG,Gray_Leaf_Spot,0.8954
/home/victor-e/maize-disease-detection/data/processed/Gray_Leaf_Spot/Mendeley_1153maize_valid_leaf spot.JPG,Gray_Leaf_Spot,0.5072
/home/victor-e/maize-disease-detection/data/processed/Gray_Leaf_Spot/Mendeley_14maize_valid_leaf spot.JPG,Gray_Leaf_Spot,0.6378
/home/victor-e/maize-disease-detection/data/processed/Gray_Leaf_Spot/Mendeley_2834maize_train_leaf spot.JPG,Gray_Leaf_Spot,0.9271
/home/victor-e/maize-disease-detection/data/processed/Gray_Leaf_Spot/Mendeley_96maize_valid_leaf spot.JPG,Gray_Leaf_Spot,0.0979
/home/victor-e/maize-disease-detection/data/processed/Gray_Leaf_Spot/Mendeley_12maize_train_leaf spot.JPG,Gray_Leaf_Spot,0.2384
/home/victor-e/maize-disease-detection/data/processed/Gray_Leaf_Spot/Mendeley_1282maize_train_leaf spot.JPG,Gray_Leaf_Spot,0.9494
/home/victor-e/maize-disease-detection/data/processed/Gray_Leaf_Spot/Mendeley_1336maize_train_leaf spot.JPG,Gray_Leaf_Spot,0.9405
/home/victor-e/maize-disease-detection/data/processed/Gray_Leaf_Spot/Mendeley_435maize_valid_leaf spot.JPG,Gray_Leaf_Spot,0.3037
/home/victor-e/maize-disease-detection/data/processed/Gray_Leaf_Spot/Mendeley_2732maize_train_leaf spot.JPG,Gray_Leaf_Spot,0.7546
/home/victor-e/maize-disease-detection/data/processed/Gray_Leaf_Spot/Mendeley_1324maize_train_leaf spot.JPG,Gray_Leaf_Spot,0.9808
/home/victor-e/maize-disease-detection/data/processed/Gray_Leaf_Spot/Mendeley_127maize_train_leaf spot.JPG,Gray_Leaf_Spot,0.5568
/home/victor-e/maize-disease-detection/data/processed/Gray_Leaf_Spot/Mendeley_2500maize_train_leaf spot.JPG,Gray_Leaf_Spot,0.5409
/home/victor-e/maize-disease-detection/data/processed/Gray_Leaf_Spot/Mendeley_2165maize_train_leaf spot.JPG,Gray_Leaf_Spot,0.4929
/home/victor-e/maize-disease-detection/data/processed/Gray_Leaf_Spot/Mendeley_2469maize_train_leaf spot.JPG,Gray_Leaf_Spot,0.0305
/home/victor-e/maize-disease-detection/data/processed/Gray_Leaf_Spot/Mendeley_26maize_train_leaf spot.JPG,Gray_Leaf_Spot,0.2739
/home/victor-e/maize-disease-detection/data/processed/Gray_Leaf_Spot/Mendeley_293maize_valid_leaf spot.JPG,Gray_Leaf_Spot,0.8167
/home/victor-e/maize-disease-detection/data/processed/Gray_Leaf_Spot/Mendeley_149maize_train_leaf spot.JPG,Gray_Leaf_Spot,0.0421
/home/victor-e/maize-disease-detection/data/processed/Gray_Leaf_Spot/Mendeley_2004maize_train_leaf spot.JPG,Gray_Leaf_Spot,0.4245
/home/victor-e/maize-disease-detection/data/processed/Gray_Leaf_Spot/Mendeley_1076maize_valid_leaf spot.JPG,Gray_Leaf_Spot,0.168
/home/victor-e/maize-disease-detection/data/processed/Gray_Leaf_Spot/Mendeley_368maize_valid_leaf spot.JPG,Gray_Leaf_Spot,0.8496
/home/victor-e/maize-disease-detection/data/processed/Gray_Leaf_Spot/Mendeley_824maize_valid_leaf spot.JPG,Gray_Leaf_Spot,0.2013
/home/victor-e/maize-disease-detection/data/processed/Gray_Leaf_Spot/Mendeley_1658maize_train_leaf spot.JPG,Gray_Leaf_Spot,0.1395
/home/victor-e/maize-disease-detection/data/processed/Gray_Leaf_Spot/Mendeley_966maize_valid_leaf spot.JPG,Gray_Leaf_Spot,0.7449
/home/victor-e/maize-disease-detection/data/processed/Gray_Leaf_Spot/Mendeley_662maize_valid_leaf spot.JPG,Gray_Leaf_Spot,0.732
/home/victor-e/maize-disease-detection/data/processed/Gray_Leaf_Spot/Mendeley_1401maize_train_leaf spot.JPG,Gray_Leaf_Spot,0.1903
/home/victor-e/maize-disease-detection/data/processed/Gray_Leaf_Spot/Mendeley_1948maize_train_leaf spot.JPG,Gray_Leaf_Spot,0.4523
/home/victor-e/maize-disease-detection/data/processed/Gray_Leaf_Spot/Mendeley_510maize_valid_leaf spot.JPG,Gray_Leaf_Spot,0.7961
/home/victor-e/maize-disease-detection/data/processed/Gray_Leaf_Spot/Mendeley_2797maize_train_leaf spot.JPG,Gray_Leaf_Spot,0.2352
/home/victor-e/maize-disease-detection/data/processed/Gray_Leaf_Spot/Mendeley_1355maize_train_leaf spot.JPG,Gray_Leaf_Spot,0.5953
/home/victor-e/maize-disease-detection/data/processed/Gray_Leaf_Spot/Mendeley_2287maize_train_leaf spot.JPG,Gray_Leaf_Spot,0.261
/home/victor-e/maize-disease-detection/data/processed/Gray_Leaf_Spot/Mendeley_1523maize_train_leaf spot.JPG,Gray_Leaf_Spot,0.7703
/home/victor-e/maize-disease-detection/data/processed/Gray_Leaf_Spot/Mendeley_2031maize_train_leaf spot.JPG,Gray_Leaf_Spot,0.5708
/home/victor-e/maize-disease-detection/data/processed/Gray_Leaf_Spot/Mendeley_1458maize_train_leaf spot.JPG,Gray_Leaf_Spot,0.9721
/home/victor-e/maize-disease-detection/data/processed/Gray_Leaf_Spot/Mendeley_283maize_train_leaf spot.JPG,Gray_Leaf_Spot,0.3279
/home/victor-e/maize-disease-detection/data/processed/Gray_Leaf_Spot/Mendeley_1519maize_train_leaf spot.JPG,Gray_Leaf_Spot,0.5887
/home/victor-e/maize-disease-detection/data/processed/Gray_Leaf_Spot/Mendeley_1402maize_train_leaf spot.JPG,Gray_Leaf_Spot,0.4886
/home/victor-e/maize-disease-detection/data/processed/Gray_Leaf_Spot/Mendeley_958maize_valid_leaf spot.JPG,Gray_Leaf_Spot,0.7481
/home/victor-e/maize-disease-detection/data/processed/Gray_Leaf_Spot/Mendeley_1114maize_train_leaf spot.JPG,Gray_Leaf_Spot,0.6772
/home/victor-e/maize-disease-detection/data/processed/Gray_Leaf_Spot/Mendeley_452maize_valid_leaf spot.JPG,Gray_Leaf_Spot,0.3442
/home/victor-e/maize-disease-detection/data/processed/Gray_Leaf_Spot/Mendeley_1887maize_train_leaf spot.JPG,Gray_Leaf_Spot,0.467
/home/victor-e/maize-disease-detection/data/processed/Gray_Leaf_Spot/Mendeley_2238maize_train_leaf spot.JPG,Gray_Leaf_Spot,0.3742
/home/victor-e/maize-disease-detection/data/processed/Gray_Leaf_Spot/Mendeley_1043maize_valid_leaf spot.JPG,Gray_Leaf_Spot,0.0627
/home/victor-e/maize-disease-detection/data/processed/Gray_Leaf_Spot/Mendeley_2423maize_train_leaf spot.JPG,Gray_Leaf_Spot,0.1829
/home/victor-e/maize-disease-detection/data/processed/Gray_Leaf_Spot/Mendeley_1176maize_valid_leaf spot.JPG,Gray_Leaf_Spot,0.5215
/home/victor-e/maize-disease-detection/data/processed/Gray_Leaf_Spot/Mendeley_392maize_valid_leaf spot.JPG,Gray_Leaf_Spot,0.8267
/home/victor-e/maize-disease-detection/data/processed/Gray_Leaf_Spot/Mendeley_2552maize_train_leaf spot.JPG,Gray_Leaf_Spot,0.3412
/home/victor-e/maize-disease-detection/data/processed/Gray_Leaf_Spot/Mendeley_2547maize_train_leaf spot.JPG,Gray_Leaf_Spot,0.4358
/home/victor-e/maize-disease-detection/data/processed/Gray_Leaf_Spot/Mendeley_543maize_valid_leaf spot.JPG,Gray_Leaf_Spot,0.9428
/home/victor-e/maize-disease-detection/data/processed/Gray_Leaf_Spot/Mendeley_9maize_valid_leaf spot.JPG,Gray_Leaf_Spot,0.5686
/home/victor-e/maize-disease-detection/data/processed/Gray_Leaf_Spot/Mendeley_791maize_valid_leaf spot.JPG,Gray_Leaf_Spot,0.3314
/home/victor-e/maize-disease-detection/data/processed/Gray_Leaf_Spot/Mendeley_778maize_valid_leaf spot.JPG,Gray_Leaf_Spot,0.1176
/home/victor-e/maize-disease-detection/data/processed/Gray_Leaf_Spot/Mendeley_307maize_train_leaf spot.JPG,Gray_Leaf_Spot,0.2578
/home/victor-e/maize-disease-detection/data/processed/Gray_Leaf_Spot/Mendeley_2456maize_train_leaf spot.JPG,Gray_Leaf_Spot,0.3484
/home/victor-e/maize-disease-detection/data/processed/Gray_Leaf_Spot/Mendeley_1306maize_train_leaf spot.JPG,Gray_Leaf_Spot,0.7771
/home/victor-e/maize-disease-detection/data/processed/Gray_Leaf_Spot/Mendeley_2350maize_train_leaf spot.JPG,Gray_Leaf_Spot,0.3751
/home/victor-e/maize-disease-detection/data/processed/Gray_Leaf_Spot/Mendeley_57maize_valid_leaf spot.JPG,Gray_Leaf_Spot,0.0421
/home/victor-e/maize-disease-detection/data/processed/Gray_Leaf_Spot/Mendeley_2687maize_train_leaf spot.JPG,Gray_Leaf_Spot,0.3156
/home/victor-e/maize-disease-detection/data/processed/Gray_Leaf_Spot/Mendeley_489maize_valid_leaf spot.JPG,Gray_Leaf_Spot,0.8959
/home/victor-e/maize-disease-detection/data/processed/Gray_Leaf_Spot/Mendeley_817maize_valid_leaf spot.JPG,Gray_Leaf_Spot,0.3054
/home/victor-e/maize-disease-detection/data/processed/Gray_Leaf_Spot/Mendeley_1186maize_train_leaf spot.JPG,Gray_Leaf_Spot,0.6021
/home/victor-e/maize-disease-detection/data/processed/Gray_Leaf_Spot/Mendeley_1279maize_train_leaf spot.JPG,Gray_Leaf_Spot,0.9975
/home/victor-e/maize-disease-detection/data/processed/Gray_Leaf_Spot/Mendeley_1033maize_valid_leaf spot.JPG,Gray_Leaf_Spot,0.0659
/home/victor-e/maize-disease-detection/data/processed/Gray_Leaf_Spot/Mendeley_2369maize_train_leaf spot.JPG,Gray_Leaf_Spot,0.0
/home/victor-e/maize-disease-detection/data/processed/Gray_Leaf_Spot/Mendeley_2088maize_train_leaf spot.JPG,Gray_Leaf_Spot,0.4744
/home/victor-e/maize-disease-detection/data/processed/Gray_Leaf_Spot/Mendeley_1989maize_train_leaf spot.JPG,Gray_Leaf_Spot,0.1555
/home/victor-e/maize-disease-detection/data/processed/Gray_Leaf_Spot/Mendeley_1058maize_valid_leaf spot.JPG,Gray_Leaf_Spot,0.5763
/home/victor-e/maize-disease-detection/data/processed/Gray_Leaf_Spot/Mendeley_2146maize_train_leaf spot.JPG,Gray_Leaf_Spot,0.8217
/home/victor-e/maize-disease-detection/data/processed/Gray_Leaf_Spot/Mendeley_2746maize_train_leaf spot.JPG,Gray_Leaf_Spot,0.9145
/home/victor-e/maize-disease-detection/data/processed/Gray_Leaf_Spot/Mendeley_1846maize_train_leaf spot.JPG,Gray_Leaf_Spot,0.3627
/home/victor-e/maize-disease-detection/data/processed/Gray_Leaf_Spot/Mendeley_3717maize_train_leaf spot.JPG,Gray_Leaf_Spot,0.4471
/home/victor-e/maize-disease-detection/data/processed/Gray_Leaf_Spot/Mendeley_1953maize_train_leaf spot.JPG,Gray_Leaf_Spot,0.4672
/home/victor-e/maize-disease-detection/data/processed/Gray_Leaf_Spot/Mendeley_1935maize_train_leaf spot.JPG,Gray_Leaf_Spot,0.2358
/home/victor-e/maize-disease-detection/data/processed/Gray_Leaf_Spot/Mendeley_770maize_valid_leaf spot.JPG,Gray_Leaf_Spot,0.2912
/home/victor-e/maize-disease-detection/data/processed/Gray_Leaf_Spot/Mendeley_2179maize_train_leaf spot.JPG,Gray_Leaf_Spot,0.8787
/home/victor-e/maize-disease-detection/data/processed/Gray_Leaf_Spot/Mendeley_1161maize_train_leaf spot.JPG,Gray_Leaf_Spot,0.5248
/home/victor-e/maize-disease-detection/data/processed/Gray_Leaf_Spot/Mendeley_214maize_valid_leaf spot.JPG,Gray_Leaf_Spot,0.8794
/home/victor-e/maize-disease-detection/data/processed/Gray_Leaf_Spot/Mendeley_1354maize_train_leaf spot.JPG,Gray_Leaf_Spot,0.5991
/home/victor-e/maize-disease-detection/data/processed/Gray_Leaf_Spot/Mendeley_63maize_valid_leaf spot.JPG,Gray_Leaf_Spot,0.156
/home/victor-e/maize-disease-detection/data/processed/Gray_Leaf_Spot/Mendeley_1040maize_train_leaf spot.JPG,Gray_Leaf_Spot,0.7846
/home/victor-e/maize-disease-detection/data/processed/Gray_Leaf_Spot/Mendeley_1122maize_valid_leaf spot.JPG,Gray_Leaf_Spot,0.8901
/home/victor-e/maize-disease-detection/data/processed/Gray_Leaf_Spot/Mendeley_1343maize_train_leaf spot.JPG,Gray_Leaf_Spot,0.7755
/home/victor-e/maize-disease-detection/data/processed/Gray_Leaf_Spot/Mendeley_2054maize_train_leaf spot.JPG,Gray_Leaf_Spot,0.4635
/home/victor-e/maize-disease-detection/data/processed/Gray_Leaf_Spot/Mendeley_519maize_valid_leaf spot.JPG,Gray_Leaf_Spot,0.9422
/home/victor-e/maize-disease-detection/data/processed/Gray_Leaf_Spot/Mendeley_1762maize_train_leaf spot.JPG,Gray_Leaf_Spot,0.5331
/home/victor-e/maize-disease-detection/data/processed/Gray_Leaf_Spot/Mendeley_207maize_valid_leaf spot.JPG,Gray_Leaf_Spot,0.0615
/home/victor-e/maize-disease-detection/data/processed/Gray_Leaf_Spot/Mendeley_1096maize_train_leaf spot.JPG,Gray_Leaf_Spot,0.2763
/home/victor-e/maize-disease-detection/data/processed/Gray_Leaf_Spot/Mendeley_2551maize_train_leaf spot.JPG,Gray_Leaf_Spot,0.3188
/home/victor-e/maize-disease-detection/data/processed/Gray_Leaf_Spot/Mendeley_2014maize_train_leaf spot.JPG,Gray_Leaf_Spot,0.5617
/home/victor-e/maize-disease-detection/data/processed/Gray_Leaf_Spot/Mendeley_1221maize_valid_leaf spot.JPG,Gray_Leaf_Spot,0.4844
/home/victor-e/maize-disease-detection/data/processed/Gray_Leaf_Spot/Mendeley_257maize_train_leaf spot.JPG,Gray_Leaf_Spot,0.0056
/home/victor-e/maize-disease-detection/data/processed/Gray_Leaf_Spot/Mendeley_243maize_train_leaf spot.JPG,Gray_Leaf_Spot,0.0521
/home/victor-e/maize-disease-detection/data/processed/Gray_Leaf_Spot/Mendeley_2107maize_train_leaf spot.JPG,Gray_Leaf_Spot,0.6119
/home/victor-e/maize-disease-detection/data/processed/Gray_Leaf_Spot/Mendeley_951maize_valid_leaf spot.JPG,Gray_Leaf_Spot,0.3845
/home/victor-e/maize-disease-detection/data/processed/Gray_Leaf_Spot/Mendeley_3705maize_train_leaf spot.JPG,Gray_Leaf_Spot,0.3889
/home/victor-e/maize-disease-detection/data/processed/Gray_Leaf_Spot/Mendeley_2039maize_train_leaf spot.JPG,Gray_Leaf_Spot,0.4152
/home/victor-e/maize-disease-detection/data/processed/Gray_Leaf_Spot/Mendeley_2799maize_train_leaf spot.JPG,Gray_Leaf_Spot,0.4026
/home/victor-e/maize-disease-detection/data/processed/Gray_Leaf_Spot/Mendeley_1411maize_train_leaf spot.JPG,Gray_Leaf_Spot,0.5154
/home/victor-e/maize-disease-detection/data/processed/Gray_Leaf_Spot/Mendeley_1435maize_train_leaf spot.JPG,Gray_Leaf_Spot,0.9439
/home/victor-e/maize-disease-detection/data/processed/Gray_Leaf_Spot/Mendeley_1852maize_train_leaf spot.JPG,Gray_Leaf_Spot,0.3461
/home/victor-e/maize-disease-detection/data/processed/Gray_Leaf_Spot/Mendeley_803maize_valid_leaf spot.JPG,Gray_Leaf_Spot,0.5373
/home/victor-e/maize-disease-detection/data/processed/Gray_Leaf_Spot/Mendeley_865maize_valid_leaf spot.JPG,Gray_Leaf_Spot,0.2401
/home/victor-e/maize-disease-detection/data/processed/Gray_Leaf_Spot/Mendeley_1440maize_train_leaf spot.JPG,Gray_Leaf_Spot,0.8707
/home/victor-e/maize-disease-detection/data/processed/Gray_Leaf_Spot/Mendeley_604maize_valid_leaf spot.JPG,Gray_Leaf_Spot,0.2881
/home/victor-e/maize-disease-detection/data/processed/Gray_Leaf_Spot/Mendeley_1715maize_train_leaf spot.JPG,Gray_Leaf_Spot,0.241
/home/victor-e/maize-disease-detection/data/processed/Gray_Leaf_Spot/Mendeley_2436maize_train_leaf spot.JPG,Gray_Leaf_Spot,0.3539
/home/victor-e/maize-disease-detection/data/processed/Gray_Leaf_Spot/Mendeley_2103maize_train_leaf spot.JPG,Gray_Leaf_Spot,0.4464
/home/victor-e/maize-disease-detection/data/processed/Gray_Leaf_Spot/Mendeley_1638maize_train_leaf spot.JPG,Gray_Leaf_Spot,0.0383
/home/victor-e/maize-disease-detection/data/processed/Gray_Leaf_Spot/Mendeley_2688maize_train_leaf spot.JPG,Gray_Leaf_Spot,0.2888
/home/victor-e/maize-disease-detection/data/processed/Gray_Leaf_Spot/Mendeley_166maize_train_leaf spot.JPG,Gray_Leaf_Spot,0.2266
/home/victor-e/maize-disease-detection/data/processed/Gray_Leaf_Spot/Mendeley_1062maize_train_leaf spot.JPG,Gray_Leaf_Spot,0.6628
/home/victor-e/maize-disease-detection/data/processed/Gray_Leaf_Spot/Mendeley_2544maize_train_leaf spot.JPG,Gray_Leaf_Spot,0.4513
/home/victor-e/maize-disease-detection/data/processed/Gray_Leaf_Spot/Mendeley_241maize_valid_leaf spot.JPG,Gray_Leaf_Spot,0.3411
/home/victor-e/maize-disease-detection/data/processed/Gray_Leaf_Spot/Mendeley_1079maize_valid_leaf spot.JPG,Gray_Leaf_Spot,0.5056
/home/victor-e/maize-disease-detection/data/processed/Gray_Leaf_Spot/Mendeley_1907maize_train_leaf spot.JPG,Gray_Leaf_Spot,0.4557
/home/victor-e/maize-disease-detection/data/processed/Gray_Leaf_Spot/Mendeley_992maize_valid_leaf spot.JPG,Gray_Leaf_Spot,0.5174
/home/victor-e/maize-disease-detection/data/processed/Gray_Leaf_Spot/Mendeley_1486maize_train_leaf spot.JPG,Gray_Leaf_Spot,0.9942
/home/victor-e/maize-disease-detection/data/processed/Gray_Leaf_Spot/Mendeley_1221maize_train_leaf spot.JPG,Gray_Leaf_Spot,0.4608
/home/victor-e/maize-disease-detection/data/processed/Gray_Leaf_Spot/Mendeley_1379maize_train_leaf spot.JPG,Gray_Leaf_Spot,0.8426
/home/victor-e/maize-disease-detection/data/processed/Gray_Leaf_Spot/Mendeley_451maize_valid_leaf spot.JPG,Gray_Leaf_Spot,0.5308
/home/victor-e/maize-disease-detection/data/processed/Gray_Leaf_Spot/Mendeley_1000maize_valid_leaf spot.JPG,Gray_Leaf_Spot,0.6085
/home/victor-e/maize-disease-detection/data/processed/Gray_Leaf_Spot/Mendeley_1506maize_train_leaf spot.JPG,Gray_Leaf_Spot,0.773
/home/victor-e/maize-disease-detection/data/processed/Gray_Leaf_Spot/Mendeley_323maize_valid_leaf spot.JPG,Gray_Leaf_Spot,0.44
/home/victor-e/maize-disease-detection/data/processed/Gray_Leaf_Spot/Mendeley_1132maize_train_leaf spot.JPG,Gray_Leaf_Spot,0.4127
/home/victor-e/maize-disease-detection/data/processed/Gray_Leaf_Spot/Mendeley_1992maize_train_leaf spot.JPG,Gray_Leaf_Spot,0.4937
/home/victor-e/maize-disease-detection/data/processed/Gray_Leaf_Spot/Mendeley_660maize_valid_leaf spot.JPG,Gray_Leaf_Spot,0.5164
/home/victor-e/maize-disease-detection/data/processed/Gray_Leaf_Spot/Mendeley_331maize_valid_leaf spot.JPG,Gray_Leaf_Spot,0.9765
/home/victor-e/maize-disease-detection/data/processed/Gray_Leaf_Spot/Mendeley_1650maize_train_leaf spot.JPG,Gray_Leaf_Spot,0.3981
/home/victor-e/maize-disease-detection/data/processed/Gray_Leaf_Spot/Mendeley_2609maize_train_leaf spot.JPG,Gray_Leaf_Spot,0.3705
/home/victor-e/maize-disease-detection/data/processed/Gray_Leaf_Spot/Mendeley_300maize_train_leaf spot.JPG,Gray_Leaf_Spot,0.1915
/home/victor-e/maize-disease-detection/data/processed/Gray_Leaf_Spot/Mendeley_1686maize_train_leaf spot.JPG,Gray_Leaf_Spot,0.3657
/home/victor-e/maize-disease-detection/data/processed/Gray_Leaf_Spot/Mendeley_693maize_valid_leaf spot.JPG,Gray_Leaf_Spot,0.7079
/home/victor-e/maize-disease-detection/data/processed/Gray_Leaf_Spot/Mendeley_2302maize_train_leaf spot.JPG,Gray_Leaf_Spot,0.7663
/home/victor-e/maize-disease-detection/data/processed/Gray_Leaf_Spot/Mendeley_218maize_train_leaf spot.JPG,Gray_Leaf_Spot,0.126
/home/victor-e/maize-disease-detection/data/processed/Gray_Leaf_Spot/Mendeley_2678maize_train_leaf spot.JPG,Gray_Leaf_Spot,0.6272
/home/victor-e/maize-disease-detection/data/processed/Gray_Leaf_Spot/Mendeley_1115maize_valid_leaf spot.JPG,Gray_Leaf_Spot,0.8355
/home/victor-e/maize-disease-detection/data/processed/Gray_Leaf_Spot/Mendeley_269maize_train_leaf spot.JPG,Gray_Leaf_Spot,0.2155
/home/victor-e/maize-disease-detection/data/processed/Gray_Leaf_Spot/Mendeley_1587maize_train_leaf spot.JPG,Gray_Leaf_Spot,0.0701
/home/victor-e/maize-disease-detection/data/processed/Gray_Leaf_Spot/Mendeley_1088maize_valid_leaf spot.JPG,Gray_Leaf_Spot,0.6599
/home/victor-e/maize-disease-detection/data/processed/Gray_Leaf_Spot/Mendeley_1224maize_valid_leaf spot.JPG,Gray_Leaf_Spot,0.5028
/home/victor-e/maize-disease-detection/data/processed/Gray_Leaf_Spot/Mendeley_1798maize_train_leaf spot.JPG,Gray_Leaf_Spot,0.8068
/home/victor-e/maize-disease-detection/data/processed/Gray_Leaf_Spot/Mendeley_1584maize_train_leaf spot.JPG,Gray_Leaf_Spot,0.0815
/home/victor-e/maize-disease-detection/data/processed/Gray_Leaf_Spot/Mendeley_1204maize_valid_leaf spot.JPG,Gray_Leaf_Spot,0.1257
/home/victor-e/maize-disease-detection/data/processed/Gray_Leaf_Spot/Mendeley_1289maize_train_leaf spot.JPG,Gray_Leaf_Spot,0.9908
/home/victor-e/maize-disease-detection/data/processed/Gray_Leaf_Spot/Mendeley_150maize_train_leaf spot.JPG,Gray_Leaf_Spot,0.1899
/home/victor-e/maize-disease-detection/data/processed/Gray_Leaf_Spot/Mendeley_1034maize_valid_leaf spot.JPG,Gray_Leaf_Spot,0.3963
/home/victor-e/maize-disease-detection/data/processed/Gray_Leaf_Spot/Mendeley_1146maize_train_leaf spot.JPG,Gray_Leaf_Spot,0.7849
/home/victor-e/maize-disease-detection/data/processed/Gray_Leaf_Spot/Mendeley_1009maize_valid_leaf spot.JPG,Gray_Leaf_Spot,0.5542
/home/victor-e/maize-disease-detection/data/processed/Gray_Leaf_Spot/Mendeley_603maize_valid_leaf spot.JPG,Gray_Leaf_Spot,0.169
/home/victor-e/maize-disease-detection/data/processed/Gray_Leaf_Spot/Mendeley_1256maize_train_leaf spot.JPG,Gray_Leaf_Spot,0.9648
/home/victor-e/maize-disease-detection/data/processed/Gray_Leaf_Spot/Mendeley_2370maize_train_leaf spot.JPG,Gray_Leaf_Spot,0.1048
/home/victor-e/maize-disease-detection/data/processed/Gray_Leaf_Spot/Mendeley_949maize_valid_leaf spot.JPG,Gray_Leaf_Spot,0.5684
/home/victor-e/maize-disease-detection/data/processed/Gray_Leaf_Spot/Mendeley_2574maize_train_leaf spot.JPG,Gray_Leaf_Spot,0.7248
/home/victor-e/maize-disease-detection/data/processed/Gray_Leaf_Spot/Mendeley_1277maize_train_leaf spot.JPG,Gray_Leaf_Spot,1.0
/home/victor-e/maize-disease-detection/data/processed/Gray_Leaf_Spot/Mendeley_1910maize_train_leaf spot.JPG,Gray_Leaf_Spot,0.9342
/home/victor-e/maize-disease-detection/data/processed/Gray_Leaf_Spot/Mendeley_2846maize_train_leaf spot.JPG,Gray_Leaf_Spot,0.7557
/home/victor-e/maize-disease-detection/data/processed/Gray_Leaf_Spot/Mendeley_1856maize_train_leaf spot.JPG,Gray_Leaf_Spot,0.484
/home/victor-e/maize-disease-detection/data/processed/Gray_Leaf_Spot/Mendeley_1051maize_valid_leaf spot.JPG,Gray_Leaf_Spot,0.1125
/home/victor-e/maize-disease-detection/data/processed/Gray_Leaf_Spot/Mendeley_153maize_train_leaf spot.JPG,Gray_Leaf_Spot,0.3339
/home/victor-e/maize-disease-detection/data/processed/Gray_Leaf_Spot/Mendeley_338maize_valid_leaf spot.JPG,Gray_Leaf_Spot,0.801
/home/victor-e/maize-disease-detection/data/processed/Gray_Leaf_Spot/Mendeley_2689maize_train_leaf spot.JPG,Gray_Leaf_Spot,0.4962
/home/victor-e/maize-disease-detection/data/processed/Gray_Leaf_Spot/Mendeley_34maize_train_leaf spot.JPG,Gray_Leaf_Spot,0.9117
/home/victor-e/maize-disease-detection/data/processed/Gray_Leaf_Spot/Mendeley_1578maize_train_leaf spot.JPG,Gray_Leaf_Spot,0.3827
/home/victor-e/maize-disease-detection/data/processed/Gray_Leaf_Spot/Mendeley_246maize_valid_leaf spot.JPG,Gray_Leaf_Spot,0.4833
/home/victor-e/maize-disease-detection/data/processed/Gray_Leaf_Spot/Mendeley_2114maize_train_leaf spot.JPG,Gray_Leaf_Spot,0.5673
/home/victor-e/maize-disease-detection/data/processed/Gray_Leaf_Spot/Mendeley_1099maize_train_leaf spot.JPG,Gray_Leaf_Spot,0.2511
/home/victor-e/maize-disease-detection/data/processed/Gray_Leaf_Spot/Mendeley_2847maize_train_leaf spot.JPG,Gray_Leaf_Spot,0.725
/home/victor-e/maize-disease-detection/data/processed/Gray_Leaf_Spot/Mendeley_1049maize_valid_leaf spot.JPG,Gray_Leaf_Spot,0.3668
/home/victor-e/maize-disease-detection/data/processed/Gray_Leaf_Spot/Mendeley_2621maize_train_leaf spot.JPG,Gray_Leaf_Spot,0.5728
/home/victor-e/maize-disease-detection/data/processed/Gray_Leaf_Spot/Mendeley_229maize_train_leaf spot.JPG,Gray_Leaf_Spot,0.0574
/home/victor-e/maize-disease-detection/data/processed/Gray_Leaf_Spot/Mendeley_1530maize_train_leaf spot.JPG,Gray_Leaf_Spot,0.5159
/home/victor-e/maize-disease-detection/data/processed/Gray_Leaf_Spot/Mendeley_2700maize_train_leaf spot.JPG,Gray_Leaf_Spot,0.3872
/home/victor-e/maize-disease-detection/data/processed/Gray_Leaf_Spot/Mendeley_2252maize_train_leaf spot.JPG,Gray_Leaf_Spot,0.2476
/home/victor-e/maize-disease-detection/data/processed/Gray_Leaf_Spot/Mendeley_85maize_valid_leaf spot.JPG,Gray_Leaf_Spot,0.2125
/home/victor-e/maize-disease-detection/data/processed/Gray_Leaf_Spot/Mendeley_2293maize_train_leaf spot.JPG,Gray_Leaf_Spot,0.1092
/home/victor-e/maize-disease-detection/data/processed/Gray_Leaf_Spot/Mendeley_74maize_valid_leaf spot.JPG,Gray_Leaf_Spot,0.1435
/home/victor-e/maize-disease-detection/data/processed/Gray_Leaf_Spot/Mendeley_1323maize_train_leaf spot.JPG,Gray_Leaf_Spot,0.842
/home/victor-e/maize-disease-detection/data/processed/Gray_Leaf_Spot/Mendeley_800maize_valid_leaf spot.JPG,Gray_Leaf_Spot,0.2692
/home/victor-e/maize-disease-detection/data/processed/Gray_Leaf_Spot/Mendeley_830maize_valid_leaf spot.JPG,Gray_Leaf_Spot,0.539
/home/victor-e/maize-disease-detection/data/processed/Gray_Leaf_Spot/Mendeley_915maize_valid_leaf spot.JPG,Gray_Leaf_Spot,0.4497
/home/victor-e/maize-disease-detection/data/processed/Gray_Leaf_Spot/Mendeley_202maize_valid_leaf spot.JPG,Gray_Leaf_Spot,0.3614
/home/victor-e/maize-disease-detection/data/processed/Gray_Leaf_Spot/Mendeley_2399maize_train_leaf spot.JPG,Gray_Leaf_Spot,0.3875
/home/victor-e/maize-disease-detection/data/processed/Gray_Leaf_Spot/Mendeley_708maize_valid_leaf spot.JPG,Gray_Leaf_Spot,0.3477
/home/victor-e/maize-disease-detection/data/processed/Gray_Leaf_Spot/Mendeley_787maize_valid_leaf spot.JPG,Gray_Leaf_Spot,0.0149
/home/victor-e/maize-disease-detection/data/processed/Gray_Leaf_Spot/Mendeley_977maize_valid_leaf spot.JPG,Gray_Leaf_Spot,0.6109
/home/victor-e/maize-disease-detection/data/processed/Gray_Leaf_Spot/Mendeley_132maize_train_leaf spot.JPG,Gray_Leaf_Spot,0.1033
/home/victor-e/maize-disease-detection/data/processed/Gray_Leaf_Spot/Mendeley_218maize_valid_leaf spot.JPG,Gray_Leaf_Spot,0.1634
/home/victor-e/maize-disease-detection/data/processed/Gray_Leaf_Spot/Mendeley_2067maize_train_leaf spot.JPG,Gray_Leaf_Spot,0.5278
/home/victor-e/maize-disease-detection/data/processed/Gray_Leaf_Spot/Mendeley_259maize_train_leaf spot.JPG,Gray_Leaf_Spot,0.1292
/home/victor-e/maize-disease-detection/data/processed/Gray_Leaf_Spot/Mendeley_529maize_valid_leaf spot.JPG,Gray_Leaf_Spot,0.0669
/home/victor-e/maize-disease-detection/data/processed/Gray_Leaf_Spot/Mendeley_2019maize_train_leaf spot.JPG,Gray_Leaf_Spot,0.5951
/home/victor-e/maize-disease-detection/data/processed/Gray_Leaf_Spot/Mendeley_2622maize_train_leaf spot.JPG,Gray_Leaf_Spot,0.77
/home/victor-e/maize-disease-detection/data/processed/Gray_Leaf_Spot/Mendeley_235maize_train_leaf spot.JPG,Gray_Leaf_Spot,0.1626
/home/victor-e/maize-disease-detection/data/processed/Gray_Leaf_Spot/Mendeley_1824maize_train_leaf spot.JPG,Gray_Leaf_Spot,0.6075
/home/victor-e/maize-disease-detection/data/processed/Gray_Leaf_Spot/Mendeley_798maize_valid_leaf spot.JPG,Gray_Leaf_Spot,0.3019
/home/victor-e/maize-disease-detection/data/processed/Gray_Leaf_Spot/Mendeley_1571maize_train_leaf spot.JPG,Gray_Leaf_Spot,0.1245
/home/victor-e/maize-disease-detection/data/processed/Gray_Leaf_Spot/Mendeley_260maize_valid_leaf spot.JPG,Gray_Leaf_Spot,0.5851
/home/victor-e/maize-disease-detection/data/processed/Gray_Leaf_Spot/Mendeley_2276maize_train_leaf spot.JPG,Gray_Leaf_Spot,0.9401
/home/victor-e/maize-disease-detection/data/processed/Gray_Leaf_Spot/Mendeley_1583maize_train_leaf spot.JPG,Gray_Leaf_Spot,0.0871
/home/victor-e/maize-disease-detection/data/processed/Gray_Leaf_Spot/Mendeley_2007maize_train_leaf spot.JPG,Gray_Leaf_Spot,0.3817
/home/victor-e/maize-disease-detection/data/processed/Gray_Leaf_Spot/Mendeley_2735maize_train_leaf spot.JPG,Gray_Leaf_Spot,0.7435
/home/victor-e/maize-disease-detection/data/processed/Gray_Leaf_Spot/Mendeley_91maize_valid_leaf spot.JPG,Gray_Leaf_Spot,0.5189
/home/victor-e/maize-disease-detection/data/processed/Gray_Leaf_Spot/Mendeley_2253maize_train_leaf spot.JPG,Gray_Leaf_Spot,0.0611
/home/victor-e/maize-disease-detection/data/processed/Gray_Leaf_Spot/Mendeley_1341maize_train_leaf spot.JPG,Gray_Leaf_Spot,0.7509
/home/victor-e/maize-disease-detection/data/processed/Gray_Leaf_Spot/Mendeley_1393maize_train_leaf spot.JPG,Gray_Leaf_Spot,0.5564
/home/victor-e/maize-disease-detection/data/processed/Gray_Leaf_Spot/Mendeley_132maize_valid_leaf spot.JPG,Gray_Leaf_Spot,0.1915
/home/victor-e/maize-disease-detection/data/processed/Gray_Leaf_Spot/Mendeley_1302maize_train_leaf spot.JPG,Gray_Leaf_Spot,0.7313
/home/victor-e/maize-disease-detection/data/processed/Gray_Leaf_Spot/Mendeley_204maize_train_leaf spot.JPG,Gray_Leaf_Spot,0.0888
/home/victor-e/maize-disease-detection/data/processed/Gray_Leaf_Spot/Mendeley_373maize_valid_leaf spot.JPG,Gray_Leaf_Spot,0.5589
/home/victor-e/maize-disease-detection/data/processed/Gray_Leaf_Spot/Mendeley_1916maize_train_leaf spot.JPG,Gray_Leaf_Spot,0.6356
/home/victor-e/maize-disease-detection/data/processed/Gray_Leaf_Spot/Mendeley_43maize_valid_leaf spot.JPG,Gray_Leaf_Spot,0.5165
/home/victor-e/maize-disease-detection/data/processed/Gray_Leaf_Spot/Mendeley_924maize_valid_leaf spot.JPG,Gray_Leaf_Spot,0.7395
/home/victor-e/maize-disease-detection/data/processed/Gray_Leaf_Spot/Mendeley_1187maize_train_leaf spot.JPG,Gray_Leaf_Spot,0.5834
/home/victor-e/maize-disease-detection/data/processed/Gray_Leaf_Spot/Mendeley_302maize_valid_leaf spot.JPG,Gray_Leaf_Spot,0.9356
/home/victor-e/maize-disease-detection/data/processed/Gray_Leaf_Spot/Mendeley_1142maize_train_leaf spot.JPG,Gray_Leaf_Spot,0.9168
/home/victor-e/maize-disease-detection/data/processed/Gray_Leaf_Spot/Mendeley_1253maize_valid_leaf spot.JPG,Gray_Leaf_Spot,0.5015
/home/victor-e/maize-disease-detection/data/processed/Gray_Leaf_Spot/Mendeley_1546maize_train_leaf spot.JPG,Gray_Leaf_Spot,0.1387
/home/victor-e/maize-disease-detection/data/processed/Gray_Leaf_Spot/Mendeley_142maize_valid_leaf spot.JPG,Gray_Leaf_Spot,0.7302
/home/victor-e/maize-disease-detection/data/processed/Gray_Leaf_Spot/Mendeley_2416maize_train_leaf spot.JPG,Gray_Leaf_Spot,0.1462
/home/victor-e/maize-disease-detection/data/processed/Gray_Leaf_Spot/Mendeley_1932maize_train_leaf spot.JPG,Gray_Leaf_Spot,0.2499
/home/victor-e/maize-disease-detection/data/processed/Gray_Leaf_Spot/Mendeley_2711maize_train_leaf spot.JPG,Gray_Leaf_Spot,0.5887
/home/victor-e/maize-disease-detection/data/processed/Gray_Leaf_Spot/Mendeley_270maize_valid_leaf spot.JPG,Gray_Leaf_Spot,0.6088
/home/victor-e/maize-disease-detection/data/processed/Gray_Leaf_Spot/Mendeley_1033maize_train_leaf spot.JPG,Gray_Leaf_Spot,0.9693
/home/victor-e/maize-disease-detection/data/processed/Gray_Leaf_Spot/Mendeley_2491maize_train_leaf spot.JPG,Gray_Leaf_Spot,0.3518
/home/victor-e/maize-disease-detection/data/processed/Gray_Leaf_Spot/Mendeley_867maize_valid_leaf spot.JPG,Gray_Leaf_Spot,0.9346
/home/victor-e/maize-disease-detection/data/processed/Gray_Leaf_Spot/Mendeley_1235maize_valid_leaf spot.JPG,Gray_Leaf_Spot,0.8268
/home/victor-e/maize-disease-detection/data/processed/Gray_Leaf_Spot/Mendeley_2815maize_train_leaf spot.JPG,Gray_Leaf_Spot,0.4097
/home/victor-e/maize-disease-detection/data/processed/Gray_Leaf_Spot/Mendeley_2049maize_train_leaf spot.JPG,Gray_Leaf_Spot,0.8814
/home/victor-e/maize-disease-detection/data/processed/Gray_Leaf_Spot/Mendeley_1825maize_train_leaf spot.JPG,Gray_Leaf_Spot,0.4182
/home/victor-e/maize-disease-detection/data/processed/Gray_Leaf_Spot/Mendeley_2692maize_train_leaf spot.JPG,Gray_Leaf_Spot,0.378
/home/victor-e/maize-disease-detection/data/processed/Gray_Leaf_Spot/Mendeley_1238maize_train_leaf spot.JPG,Gray_Leaf_Spot,0.7858
/home/victor-e/maize-disease-detection/data/processed/Gray_Leaf_Spot/Mendeley_20maize_train_leaf spot.JPG,Gray_Leaf_Spot,0.2733
/home/victor-e/maize-disease-detection/data/processed/Gray_Leaf_Spot/Mendeley_781maize_valid_leaf spot.JPG,Gray_Leaf_Spot,0.1367
/home/victor-e/maize-disease-detection/data/processed/Gray_Leaf_Spot/Mendeley_974maize_valid_leaf spot.JPG,Gray_Leaf_Spot,0.7684
/home/victor-e/maize-disease-detection/data/processed/Gray_Leaf_Spot/Mendeley_1260maize_valid_leaf spot.JPG,Gray_Leaf_Spot,0.6085
/home/victor-e/maize-disease-detection/data/processed/Gray_Leaf_Spot/Mendeley_114maize_valid_leaf spot.JPG,Gray_Leaf_Spot,0.2202
/home/victor-e/maize-disease-detection/data/processed/Gray_Leaf_Spot/Mendeley_562maize_valid_leaf spot.JPG,Gray_Leaf_Spot,0.4635
/home/victor-e/maize-disease-detection/data/processed/Gray_Leaf_Spot/Mendeley_1290maize_train_leaf spot.JPG,Gray_Leaf_Spot,0.9914
/home/victor-e/maize-disease-detection/data/processed/Gray_Leaf_Spot/Mendeley_1631maize_train_leaf spot.JPG,Gray_Leaf_Spot,0.1533
/home/victor-e/maize-disease-detection/data/processed/Gray_Leaf_Spot/Mendeley_173maize_train_leaf spot.JPG,Gray_Leaf_Spot,0.536
/home/victor-e/maize-disease-detection/data/processed/Gray_Leaf_Spot/Mendeley_2082maize_train_leaf spot.JPG,Gray_Leaf_Spot,0.9113
/home/victor-e/maize-disease-detection/data/processed/Gray_Leaf_Spot/Mendeley_1174maize_valid_leaf spot.JPG,Gray_Leaf_Spot,0.5279
/home/victor-e/maize-disease-detection/data/processed/Gray_Leaf_Spot/Mendeley_582maize_valid_leaf spot.JPG,Gray_Leaf_Spot,0.26
/home/victor-e/maize-disease-detection/data/processed/Gray_Leaf_Spot/Mendeley_62maize_valid_leaf spot.JPG,Gray_Leaf_Spot,0.2213
/home/victor-e/maize-disease-detection/data/processed/Gray_Leaf_Spot/Mendeley_1909maize_train_leaf spot.JPG,Gray_Leaf_Spot,0.9331
/home/victor-e/maize-disease-detection/data/processed/Gray_Leaf_Spot/Mendeley_279maize_train_leaf spot.JPG,Gray_Leaf_Spot,0.216
/home/victor-e/maize-disease-detection/data/processed/Gray_Leaf_Spot/Mendeley_1920maize_train_leaf spot.JPG,Gray_Leaf_Spot,0.7166
/home/victor-e/maize-disease-detection/data/processed/Gray_Leaf_Spot/Mendeley_2157maize_train_leaf spot.JPG,Gray_Leaf_Spot,0.4538
/home/victor-e/maize-disease-detection/data/processed/Gray_Leaf_Spot/Mendeley_2085maize_train_leaf spot.JPG,Gray_Leaf_Spot,0.412
/home/victor-e/maize-disease-detection/data/processed/Gray_Leaf_Spot/Mendeley_2036maize_train_leaf spot.JPG,Gray_Leaf_Spot,0.4416
/home/victor-e/maize-disease-detection/data/processed/Gray_Leaf_Spot/Mendeley_2005maize_train_leaf spot.JPG,Gray_Leaf_Spot,0.339
/home/victor-e/maize-disease-detection/data/processed/Gray_Leaf_Spot/Mendeley_1319maize_train_leaf spot.JPG,Gray_Leaf_Spot,0.8715
/home/victor-e/maize-disease-detection/data/processed/Gray_Leaf_Spot/Mendeley_3714maize_train_leaf spot.JPG,Gray_Leaf_Spot,0.1352
/home/victor-e/maize-disease-detection/data/processed/Gray_Leaf_Spot/Mendeley_225maize_train_leaf spot.JPG,Gray_Leaf_Spot,0.3995
/home/victor-e/maize-disease-detection/data/processed/Gray_Leaf_Spot/Mendeley_438maize_valid_leaf spot.JPG,Gray_Leaf_Spot,0.9169
/home/victor-e/maize-disease-detection/data/processed/Gray_Leaf_Spot/Mendeley_1617maize_train_leaf spot.JPG,Gray_Leaf_Spot,0.3162
/home/victor-e/maize-disease-detection/data/processed/Gray_Leaf_Spot/Mendeley_1072maize_train_leaf spot.JPG,Gray_Leaf_Spot,0.9387
/home/victor-e/maize-disease-detection/data/processed/Gray_Leaf_Spot/Mendeley_1365maize_train_leaf spot.JPG,Gray_Leaf_Spot,0.9422
/home/victor-e/maize-disease-detection/data/processed/Gray_Leaf_Spot/Mendeley_2479maize_train_leaf spot.JPG,Gray_Leaf_Spot,0.9765
/home/victor-e/maize-disease-detection/data/processed/Gray_Leaf_Spot/Mendeley_1155maize_valid_leaf spot.JPG,Gray_Leaf_Spot,0.4258
/home/victor-e/maize-disease-detection/data/processed/Gray_Leaf_Spot/Mendeley_1939maize_train_leaf spot.JPG,Gray_Leaf_Spot,0.1486
/home/victor-e/maize-disease-detection/data/processed/Gray_Leaf_Spot/Mendeley_1190maize_valid_leaf spot.JPG,Gray_Leaf_Spot,0.5946
/home/victor-e/maize-disease-detection/data/processed/Gray_Leaf_Spot/Mendeley_47maize_valid_leaf spot.JPG,Gray_Leaf_Spot,0.5223
/home/victor-e/maize-disease-detection/data/processed/Gray_Leaf_Spot/Mendeley_1113maize_valid_leaf spot.JPG,Gray_Leaf_Spot,0.0398
/home/victor-e/maize-disease-detection/data/processed/Gray_Leaf_Spot/Mendeley_786maize_valid_leaf spot.JPG,Gray_Leaf_Spot,0.1284
/home/victor-e/maize-disease-detection/data/processed/Gray_Leaf_Spot/Mendeley_2468maize_train_leaf spot.JPG,Gray_Leaf_Spot,0.1956
/home/victor-e/maize-disease-detection/data/processed/Gray_Leaf_Spot/Mendeley_2381maize_train_leaf spot.JPG,Gray_Leaf_Spot,0.3114
/home/victor-e/maize-disease-detection/data/processed/Gray_Leaf_Spot/Mendeley_1865maize_train_leaf spot.JPG,Gray_Leaf_Spot,0.6892
/home/victor-e/maize-disease-detection/data/processed/Gray_Leaf_Spot/Mendeley_1418maize_train_leaf spot.JPG,Gray_Leaf_Spot,0.4646
/home/victor-e/maize-disease-detection/data/processed/Gray_Leaf_Spot/Mendeley_2295maize_train_leaf spot.JPG,Gray_Leaf_Spot,0.2994
/home/victor-e/maize-disease-detection/data/processed/Gray_Leaf_Spot/Mendeley_659maize_valid_leaf spot.JPG,Gray_Leaf_Spot,0.6388
/home/victor-e/maize-disease-detection/data/processed/Gray_Leaf_Spot/Mendeley_2338maize_train_leaf spot.JPG,Gray_Leaf_Spot,0.387
/home/victor-e/maize-disease-detection/data/processed/Gray_Leaf_Spot/Mendeley_2075maize_train_leaf spot.JPG,Gray_Leaf_Spot,0.7027
/home/victor-e/maize-disease-detection/data/processed/Gray_Leaf_Spot/Mendeley_2487maize_train_leaf spot.JPG,Gray_Leaf_Spot,0.2173
/home/victor-e/maize-disease-detection/data/processed/Gray_Leaf_Spot/Mendeley_2882maize_train_leaf spot.JPG,Gray_Leaf_Spot,0.3549
/home/victor-e/maize-disease-detection/data/processed/Gray_Leaf_Spot/Mendeley_1141maize_train_leaf spot.JPG,Gray_Leaf_Spot,0.9234
/home/victor-e/maize-disease-detection/data/processed/Gray_Leaf_Spot/Mendeley_891maize_valid_leaf spot.JPG,Gray_Leaf_Spot,0.7454
/home/victor-e/maize-disease-detection/data/processed/Gray_Leaf_Spot/Mendeley_801maize_valid_leaf spot.JPG,Gray_Leaf_Spot,0.1008
/home/victor-e/maize-disease-detection/data/processed/Gray_Leaf_Spot/Mendeley_1104maize_valid_leaf spot.JPG,Gray_Leaf_Spot,0.8281
/home/victor-e/maize-disease-detection/data/processed/Gray_Leaf_Spot/Mendeley_106maize_train_leaf spot.JPG,Gray_Leaf_Spot,0.4776
/home/victor-e/maize-disease-detection/data/processed/Gray_Leaf_Spot/Mendeley_2827maize_train_leaf spot.JPG,Gray_Leaf_Spot,0.625
/home/victor-e/maize-disease-detection/data/processed/Gray_Leaf_Spot/Mendeley_727maize_valid_leaf spot.JPG,Gray_Leaf_Spot,0.5495
/home/victor-e/maize-disease-detection/data/processed/Gray_Leaf_Spot/Mendeley_863maize_valid_leaf spot.JPG,Gray_Leaf_Spot,0.5728
/home/victor-e/maize-disease-detection/data/processed/Gray_Leaf_Spot/Mendeley_51maize_valid_leaf spot.JPG,Gray_Leaf_Spot,0.447
/home/victor-e/maize-disease-detection/data/processed/Gray_Leaf_Spot/Mendeley_574maize_valid_leaf spot.JPG,Gray_Leaf_Spot,0.5292
/home/victor-e/maize-disease-detection/data/processed/Gray_Leaf_Spot/Mendeley_1103maize_train_leaf spot.JPG,Gray_Leaf_Spot,0.4522
/home/victor-e/maize-disease-detection/data/processed/Gray_Leaf_Spot/Mendeley_1708maize_train_leaf spot.JPG,Gray_Leaf_Spot,0.3293
/home/victor-e/maize-disease-detection/data/processed/Gray_Leaf_Spot/Mendeley_1801maize_train_leaf spot.JPG,Gray_Leaf_Spot,0.0
/home/victor-e/maize-disease-detection/data/processed/Gray_Leaf_Spot/Mendeley_417maize_valid_leaf spot.JPG,Gray_Leaf_Spot,0.9622
/home/victor-e/maize-disease-detection/data/processed/Gray_Leaf_Spot/Mendeley_2359maize_train_leaf spot.JPG,Gray_Leaf_Spot,0.3544
/home/victor-e/maize-disease-detection/data/processed/Gray_Leaf_Spot/Mendeley_1125maize_valid_leaf spot.JPG,Gray_Leaf_Spot,0.4707
/home/victor-e/maize-disease-detection/data/processed/Gray_Leaf_Spot/Mendeley_1293maize_train_leaf spot.JPG,Gray_Leaf_Spot,0.8456
/home/victor-e/maize-disease-detection/data/processed/Gray_Leaf_Spot/Mendeley_1847maize_train_leaf spot.JPG,Gray_Leaf_Spot,0.3208
/home/victor-e/maize-disease-detection/data/processed/Gray_Leaf_Spot/Mendeley_1870maize_train_leaf spot.JPG,Gray_Leaf_Spot,0.905
/home/victor-e/maize-disease-detection/data/processed/Gray_Leaf_Spot/Mendeley_2291maize_train_leaf spot.JPG,Gray_Leaf_Spot,0.1008
/home/victor-e/maize-disease-detection/data/processed/Gray_Leaf_Spot/Mendeley_2341maize_train_leaf spot.JPG,Gray_Leaf_Spot,0.0149
/home/victor-e/maize-disease-detection/data/processed/Gray_Leaf_Spot/Mendeley_2442maize_train_leaf spot.JPG,Gray_Leaf_Spot,0.3975
/home/victor-e/maize-disease-detection/data/processed/Gray_Leaf_Spot/Mendeley_997maize_valid_leaf spot.JPG,Gray_Leaf_Spot,0.6511
/home/victor-e/maize-disease-detection/data/processed/Gray_Leaf_Spot/Mendeley_2888maize_train_leaf spot.JPG,Gray_Leaf_Spot,0.5422
/home/victor-e/maize-disease-detection/data/processed/Gray_Leaf_Spot/Mendeley_75maize_valid_leaf spot.JPG,Gray_Leaf_Spot,0.2157
/home/victor-e/maize-disease-detection/data/processed/Gray_Leaf_Spot/Mendeley_1369maize_train_leaf spot.JPG,Gray_Leaf_Spot,0.9874
/home/victor-e/maize-disease-detection/data/processed/Gray_Leaf_Spot/Mendeley_1449maize_train_leaf spot.JPG,Gray_Leaf_Spot,0.1786
/home/victor-e/maize-disease-detection/data/processed/Gray_Leaf_Spot/Mendeley_1645maize_train_leaf spot.JPG,Gray_Leaf_Spot,0.1367
/home/victor-e/maize-disease-detection/data/processed/Gray_Leaf_Spot/Mendeley_1278maize_train_leaf spot.JPG,Gray_Leaf_Spot,0.9914
/home/victor-e/maize-disease-detection/data/processed/Gray_Leaf_Spot/Mendeley_2839maize_train_leaf spot.JPG,Gray_Leaf_Spot,0.7705
/home/victor-e/maize-disease-detection/data/processed/Gray_Leaf_Spot/Mendeley_960maize_valid_leaf spot.JPG,Gray_Leaf_Spot,0.7494
/home/victor-e/maize-disease-detection/data/processed/Gray_Leaf_Spot/Mendeley_195maize_train_leaf spot.JPG,Gray_Leaf_Spot,0.3393
/home/victor-e/maize-disease-detection/data/processed/Gray_Leaf_Spot/Mendeley_1437maize_train_leaf spot.JPG,Gray_Leaf_Spot,0.8207
/home/victor-e/maize-disease-detection/data/processed/Gray_Leaf_Spot/Mendeley_2497maize_train_leaf spot.JPG,Gray_Leaf_Spot,0.4889
/home/victor-e/maize-disease-detection/data/processed/Gray_Leaf_Spot/Mendeley_2768maize_train_leaf spot.JPG,Gray_Leaf_Spot,0.4643
/home/victor-e/maize-disease-detection/data/processed/Gray_Leaf_Spot/Mendeley_523maize_valid_leaf spot.JPG,Gray_Leaf_Spot,0.869
/home/victor-e/maize-disease-detection/data/processed/Gray_Leaf_Spot/Mendeley_2499maize_train_leaf spot.JPG,Gray_Leaf_Spot,0.5002
/home/victor-e/maize-disease-detection/data/processed/Gray_Leaf_Spot/Mendeley_1140maize_train_leaf spot.JPG,Gray_Leaf_Spot,0.9365
/home/victor-e/maize-disease-detection/data/processed/Gray_Leaf_Spot/Mendeley_134maize_valid_leaf spot.JPG,Gray_Leaf_Spot,0.634
/home/victor-e/maize-disease-detection/data/processed/Gray_Leaf_Spot/Mendeley_1903maize_train_leaf spot.JPG,Gray_Leaf_Spot,0.4612
/home/victor-e/maize-disease-detection/data/processed/Gray_Leaf_Spot/Mendeley_947maize_valid_leaf spot.JPG,Gray_Leaf_Spot,0.768
/home/victor-e/maize-disease-detection/data/processed/Gray_Leaf_Spot/Mendeley_1925maize_train_leaf spot.JPG,Gray_Leaf_Spot,0.1763
/home/victor-e/maize-disease-detection/data/processed/Gray_Leaf_Spot/Mendeley_1827maize_train_leaf spot.JPG,Gray_Leaf_Spot,0.5584
/home/victor-e/maize-disease-detection/data/processed/Gray_Leaf_Spot/Mendeley_301maize_train_leaf spot.JPG,Gray_Leaf_Spot,0.0799
/home/victor-e/maize-disease-detection/data/processed/Gray_Leaf_Spot/Mendeley_2543maize_train_leaf spot.JPG,Gray_Leaf_Spot,0.5935
/home/victor-e/maize-disease-detection/data/processed/Gray_Leaf_Spot/Mendeley_585maize_valid_leaf spot.JPG,Gray_Leaf_Spot,0.6091
/home/victor-e/maize-disease-detection/data/processed/Gray_Leaf_Spot/Mendeley_1195maize_valid_leaf spot.JPG,Gray_Leaf_Spot,0.4826
/home/victor-e/maize-disease-detection/data/processed/Gray_Leaf_Spot/Mendeley_224maize_valid_leaf spot.JPG,Gray_Leaf_Spot,0.5865
/home/victor-e/maize-disease-detection/data/processed/Gray_Leaf_Spot/Mendeley_395maize_valid_leaf spot.JPG,Gray_Leaf_Spot,0.4256
/home/victor-e/maize-disease-detection/data/processed/Gray_Leaf_Spot/Mendeley_436maize_valid_leaf spot.JPG,Gray_Leaf_Spot,0.7179
/home/victor-e/maize-disease-detection/data/processed/Gray_Leaf_Spot/Mendeley_2329maize_train_leaf spot.JPG,Gray_Leaf_Spot,0.5995
/home/victor-e/maize-disease-detection/data/processed/Gray_Leaf_Spot/Mendeley_1362maize_train_leaf spot.JPG,Gray_Leaf_Spot,0.4973
/home/victor-e/maize-disease-detection/data/processed/Gray_Leaf_Spot/Mendeley_1877maize_train_leaf spot.JPG,Gray_Leaf_Spot,0.6388
/home/victor-e/maize-disease-detection/data/processed/Gray_Leaf_Spot/Mendeley_1038maize_valid_leaf spot.JPG,Gray_Leaf_Spot,0.4036
/home/victor-e/maize-disease-detection/data/processed/Gray_Leaf_Spot/Mendeley_2144maize_train_leaf spot.JPG,Gray_Leaf_Spot,0.8392
/home/victor-e/maize-disease-detection/data/processed/Gray_Leaf_Spot/Mendeley_335maize_valid_leaf spot.JPG,Gray_Leaf_Spot,0.9415
/home/victor-e/maize-disease-detection/data/processed/Gray_Leaf_Spot/Mendeley_2665maize_train_leaf spot.JPG,Gray_Leaf_Spot,0.9147
/home/victor-e/maize-disease-detection/data/processed/Gray_Leaf_Spot/Mendeley_2187maize_train_leaf spot.JPG,Gray_Leaf_Spot,0.4382
/home/victor-e/maize-disease-detection/data/processed/Gray_Leaf_Spot/Mendeley_587maize_valid_leaf spot.JPG,Gray_Leaf_Spot,0.3162
/home/victor-e/maize-disease-detection/data/processed/Gray_Leaf_Spot/Mendeley_2225maize_train_leaf spot.JPG,Gray_Leaf_Spot,0.9348
/home/victor-e/maize-disease-detection/data/processed/Gray_Leaf_Spot/Mendeley_1837maize_train_leaf spot.JPG,Gray_Leaf_Spot,0.5473
/home/victor-e/maize-disease-detection/data/processed/Gray_Leaf_Spot/Mendeley_1143maize_train_leaf spot.JPG,Gray_Leaf_Spot,0.9077
/home/victor-e/maize-disease-detection/data/processed/Gray_Leaf_Spot/Mendeley_643maize_valid_leaf spot.JPG,Gray_Leaf_Spot,0.5049
/home/victor-e/maize-disease-detection/data/processed/Gray_Leaf_Spot/Mendeley_1034maize_train_leaf spot.JPG,Gray_Leaf_Spot,0.9515
/home/victor-e/maize-disease-detection/data/processed/Gray_Leaf_Spot/Mendeley_932maize_valid_leaf spot.JPG,Gray_Leaf_Spot,0.4947
/home/victor-e/maize-disease-detection/data/processed/Gray_Leaf_Spot/Mendeley_1078maize_valid_leaf spot.JPG,Gray_Leaf_Spot,0.5769
/home/victor-e/maize-disease-detection/data/processed/Gray_Leaf_Spot/Mendeley_2117maize_train_leaf spot.JPG,Gray_Leaf_Spot,0.6396
/home/victor-e/maize-disease-detection/data/processed/Gray_Leaf_Spot/Mendeley_1132maize_valid_leaf spot.JPG,Gray_Leaf_Spot,0.6038
/home/victor-e/maize-disease-detection/data/processed/Gray_Leaf_Spot/Mendeley_1975maize_train_leaf spot.JPG,Gray_Leaf_Spot,0.9197
/home/victor-e/maize-disease-detection/data/processed/Gray_Leaf_Spot/Mendeley_440maize_valid_leaf spot.JPG,Gray_Leaf_Spot,0.9323
/home/victor-e/maize-disease-detection/data/processed/Gray_Leaf_Spot/Mendeley_299maize_train_leaf spot.JPG,Gray_Leaf_Spot,0.615
/home/victor-e/maize-disease-detection/data/processed/Gray_Leaf_Spot/Mendeley_2060maize_train_leaf spot.JPG,Gray_Leaf_Spot,0.3477
/home/victor-e/maize-disease-detection/data/processed/Gray_Leaf_Spot/Mendeley_1238maize_valid_leaf spot.JPG,Gray_Leaf_Spot,0.28
/home/victor-e/maize-disease-detection/data/processed/Gray_Leaf_Spot/Mendeley_3719maize_train_leaf spot.JPG,Gray_Leaf_Spot,0.6197
/home/victor-e/maize-disease-detection/data/processed/Gray_Leaf_Spot/Mendeley_222maize_train_leaf spot.JPG,Gray_Leaf_Spot,0.4848
/home/victor-e/maize-disease-detection/data/processed/Gray_Leaf_Spot/Mendeley_2454maize_train_leaf spot.JPG,Gray_Leaf_Spot,0.2739
/home/victor-e/maize-disease-detection/data/processed/Gray_Leaf_Spot/Mendeley_2738maize_train_leaf spot.JPG,Gray_Leaf_Spot,0.6178
/home/victor-e/maize-disease-detection/data/processed/Gray_Leaf_Spot/Mendeley_2868maize_train_leaf spot.JPG,Gray_Leaf_Spot,0.6513
/home/victor-e/maize-disease-detection/data/processed/Gray_Leaf_Spot/Mendeley_1643maize_train_leaf spot.JPG,Gray_Leaf_Spot,0.2522
/home/victor-e/maize-disease-detection/data/processed/Gray_Leaf_Spot/Mendeley_1253maize_train_leaf spot.JPG,Gray_Leaf_Spot,0.9744
/home/victor-e/maize-disease-detection/data/processed/Gray_Leaf_Spot/Mendeley_1496maize_train_leaf spot.JPG,Gray_Leaf_Spot,0.9154
/home/victor-e/maize-disease-detection/data/processed/Gray_Leaf_Spot/Mendeley_1799maize_train_leaf spot.JPG,Gray_Leaf_Spot,0.7888
/home/victor-e/maize-disease-detection/data/processed/Gray_Leaf_Spot/Mendeley_1472maize_train_leaf spot.JPG,Gray_Leaf_Spot,0.5016
/home/victor-e/maize-disease-detection/data/processed/Gray_Leaf_Spot/Mendeley_1013maize_valid_leaf spot.JPG,Gray_Leaf_Spot,0.9643
/home/victor-e/maize-disease-detection/data/processed/Gray_Leaf_Spot/Mendeley_1100maize_train_leaf spot.JPG,Gray_Leaf_Spot,0.4755
/home/victor-e/maize-disease-detection/data/processed/Gray_Leaf_Spot/Mendeley_210maize_valid_leaf spot.JPG,Gray_Leaf_Spot,0.2904
/home/victor-e/maize-disease-detection/data/processed/Gray_Leaf_Spot/Mendeley_752maize_valid_leaf spot.JPG,Gray_Leaf_Spot,0.1707
/home/victor-e/maize-disease-detection/data/processed/Gray_Leaf_Spot/Mendeley_541maize_valid_leaf spot.JPG,Gray_Leaf_Spot,0.5049
/home/victor-e/maize-disease-detection/data/processed/Gray_Leaf_Spot/Mendeley_1820maize_train_leaf spot.JPG,Gray_Leaf_Spot,0.4747
/home/victor-e/maize-disease-detection/data/processed/Gray_Leaf_Spot/Mendeley_2553maize_train_leaf spot.JPG,Gray_Leaf_Spot,0.1479
/home/victor-e/maize-disease-detection/data/processed/Gray_Leaf_Spot/Mendeley_1737maize_train_leaf spot.JPG,Gray_Leaf_Spot,0.7317
/home/victor-e/maize-disease-detection/data/processed/Gray_Leaf_Spot/Mendeley_1204maize_train_leaf spot.JPG,Gray_Leaf_Spot,0.9274
/home/victor-e/maize-disease-detection/data/processed/Gray_Leaf_Spot/Mendeley_88maize_valid_leaf spot.JPG,Gray_Leaf_Spot,0.1151
/home/victor-e/maize-disease-detection/data/processed/Gray_Leaf_Spot/Mendeley_357maize_valid_leaf spot.JPG,Gray_Leaf_Spot,0.0885
/home/victor-e/maize-disease-detection/data/processed/Gray_Leaf_Spot/Mendeley_120maize_train_leaf spot.JPG,Gray_Leaf_Spot,0.074
/home/victor-e/maize-disease-detection/data/processed/Gray_Leaf_Spot/Mendeley_2503maize_train_leaf spot.JPG,Gray_Leaf_Spot,0.5263
/home/victor-e/maize-disease-detection/data/processed/Gray_Leaf_Spot/Mendeley_1509maize_train_leaf spot.JPG,Gray_Leaf_Spot,0.9371
/home/victor-e/maize-disease-detection/data/processed/Gray_Leaf_Spot/Mendeley_1701maize_train_leaf spot.JPG,Gray_Leaf_Spot,0.3285
/home/victor-e/maize-disease-detection/data/processed/Gray_Leaf_Spot/Mendeley_2175maize_train_leaf spot.JPG,Gray_Leaf_Spot,0.5373
/home/victor-e/maize-disease-detection/data/processed/Gray_Leaf_Spot/Mendeley_991maize_valid_leaf spot.JPG,Gray_Leaf_Spot,0.031
/home/victor-e/maize-disease-detection/data/processed/Gray_Leaf_Spot/Mendeley_2207maize_train_leaf spot.JPG,Gray_Leaf_Spot,0.081
/home/victor-e/maize-disease-detection/data/processed/Gray_Leaf_Spot/Mendeley_2271maize_train_leaf spot.JPG,Gray_Leaf_Spot,0.1203
/home/victor-e/maize-disease-detection/data/processed/Gray_Leaf_Spot/Mendeley_169maize_valid_leaf spot.JPG,Gray_Leaf_Spot,0.3003
/home/victor-e/maize-disease-detection/data/processed/Gray_Leaf_Spot/Mendeley_1150maize_train_leaf spot.JPG,Gray_Leaf_Spot,0.6003
/home/victor-e/maize-disease-detection/data/processed/Gray_Leaf_Spot/Mendeley_1091maize_valid_leaf spot.JPG,Gray_Leaf_Spot,0.8851
/home/victor-e/maize-disease-detection/data/processed/Gray_Leaf_Spot/Mendeley_2697maize_train_leaf spot.JPG,Gray_Leaf_Spot,0.392
/home/victor-e/maize-disease-detection/data/processed/Gray_Leaf_Spot/Mendeley_1308maize_train_leaf spot.JPG,Gray_Leaf_Spot,0.9938
/home/victor-e/maize-disease-detection/data/processed/Gray_Leaf_Spot/Mendeley_1097maize_valid_leaf spot.JPG,Gray_Leaf_Spot,0.4279
/home/victor-e/maize-disease-detection/data/processed/Gray_Leaf_Spot/Mendeley_873maize_valid_leaf spot.JPG,Gray_Leaf_Spot,0.333
/home/victor-e/maize-disease-detection/data/processed/Gray_Leaf_Spot/Mendeley_268maize_valid_leaf spot.JPG,Gray_Leaf_Spot,0.6578
/home/victor-e/maize-disease-detection/data/processed/Gray_Leaf_Spot/Mendeley_326maize_valid_leaf spot.JPG,Gray_Leaf_Spot,0.6806
/home/victor-e/maize-disease-detection/data/processed/Gray_Leaf_Spot/Mendeley_2026maize_train_leaf spot.JPG,Gray_Leaf_Spot,0.6307
/home/victor-e/maize-disease-detection/data/processed/Gray_Leaf_Spot/Mendeley_192maize_valid_leaf spot.JPG,Gray_Leaf_Spot,0.1326
/home/victor-e/maize-disease-detection/data/processed/Gray_Leaf_Spot/Mendeley_655maize_valid_leaf spot.JPG,Gray_Leaf_Spot,0.4389
/home/victor-e/maize-disease-detection/data/processed/Gray_Leaf_Spot/Mendeley_2194maize_train_leaf spot.JPG,Gray_Leaf_Spot,0.6299
/home/victor-e/maize-disease-detection/data/processed/Gray_Leaf_Spot/Mendeley_2047maize_train_leaf spot.JPG,Gray_Leaf_Spot,0.5284
/home/victor-e/maize-disease-detection/data/processed/Gray_Leaf_Spot/Mendeley_1056maize_valid_leaf spot.JPG,Gray_Leaf_Spot,0.5562
/home/victor-e/maize-disease-detection/data/processed/Gray_Leaf_Spot/Mendeley_1262maize_train_leaf spot.JPG,Gray_Leaf_Spot,0.9264
/home/victor-e/maize-disease-detection/data/processed/Gray_Leaf_Spot/Mendeley_365maize_train_leaf spot.JPG,Gray_Leaf_Spot,0.8635
/home/victor-e/maize-disease-detection/data/processed/Gray_Leaf_Spot/Mendeley_521maize_valid_leaf spot.JPG,Gray_Leaf_Spot,0.7977
/home/victor-e/maize-disease-detection/data/processed/Gray_Leaf_Spot/Mendeley_2686maize_train_leaf spot.JPG,Gray_Leaf_Spot,0.414
/home/victor-e/maize-disease-detection/data/processed/Gray_Leaf_Spot/Mendeley_317maize_train_leaf spot.JPG,Gray_Leaf_Spot,0.6172
/home/victor-e/maize-disease-detection/data/processed/Gray_Leaf_Spot/Mendeley_415maize_valid_leaf spot.JPG,Gray_Leaf_Spot,0.7511
/home/victor-e/maize-disease-detection/data/processed/Gray_Leaf_Spot/Mendeley_1010maize_valid_leaf spot.JPG,Gray_Leaf_Spot,0.4866
/home/victor-e/maize-disease-detection/data/processed/Gray_Leaf_Spot/Mendeley_1964maize_train_leaf spot.JPG,Gray_Leaf_Spot,0.4929
/home/victor-e/maize-disease-detection/data/processed/Gray_Leaf_Spot/Mendeley_1926maize_train_leaf spot.JPG,Gray_Leaf_Spot,0.469
/home/victor-e/maize-disease-detection/data/processed/Gray_Leaf_Spot/Mendeley_293maize_train_leaf spot.JPG,Gray_Leaf_Spot,0.0936
/home/victor-e/maize-disease-detection/data/processed/Gray_Leaf_Spot/Mendeley_3702maize_train_leaf spot.JPG,Gray_Leaf_Spot,0.5269
/home/victor-e/maize-disease-detection/data/processed/Gray_Leaf_Spot/Mendeley_1391maize_train_leaf spot.JPG,Gray_Leaf_Spot,0.9255
/home/victor-e/maize-disease-detection/data/processed/Gray_Leaf_Spot/Mendeley_327maize_valid_leaf spot.JPG,Gray_Leaf_Spot,0.6593
/home/victor-e/maize-disease-detection/data/processed/Gray_Leaf_Spot/Mendeley_1684maize_train_leaf spot.JPG,Gray_Leaf_Spot,0.3642
/home/victor-e/maize-disease-detection/data/processed/Gray_Leaf_Spot/Mendeley_1048maize_valid_leaf spot.JPG,Gray_Leaf_Spot,0.5116
/home/victor-e/maize-disease-detection/data/processed/Gray_Leaf_Spot/Mendeley_2653maize_train_leaf spot.JPG,Gray_Leaf_Spot,0.1556
/home/victor-e/maize-disease-detection/data/processed/Gray_Leaf_Spot/Mendeley_2224maize_train_leaf spot.JPG,Gray_Leaf_Spot,0.9085
/home/victor-e/maize-disease-detection/data/processed/Gray_Leaf_Spot/Mendeley_1545maize_train_leaf spot.JPG,Gray_Leaf_Spot,0.0804
/home/victor-e/maize-disease-detection/data/processed/Gray_Leaf_Spot/Mendeley_532maize_valid_leaf spot.JPG,Gray_Leaf_Spot,0.5806
/home/victor-e/maize-disease-detection/data/processed/Gray_Leaf_Spot/Mendeley_964maize_valid_leaf spot.JPG,Gray_Leaf_Spot,0.5935
/home/victor-e/maize-disease-detection/data/processed/Gray_Leaf_Spot/Mendeley_2018maize_train_leaf spot.JPG,Gray_Leaf_Spot,0.6412
/home/victor-e/maize-disease-detection/data/processed/Gray_Leaf_Spot/Mendeley_273maize_valid_leaf spot.JPG,Gray_Leaf_Spot,0.9359
/home/victor-e/maize-disease-detection/data/processed/Gray_Leaf_Spot/Mendeley_1961maize_train_leaf spot.JPG,Gray_Leaf_Spot,0.4486
/home/victor-e/maize-disease-detection/data/processed/Gray_Leaf_Spot/Mendeley_2872maize_train_leaf spot.JPG,Gray_Leaf_Spot,0.4947
/home/victor-e/maize-disease-detection/data/processed/Gray_Leaf_Spot/Mendeley_2402maize_train_leaf spot.JPG,Gray_Leaf_Spot,0.6027
/home/victor-e/maize-disease-detection/data/processed/Gray_Leaf_Spot/Mendeley_augmented_Corn_Gray_Spot (149).JPG,Gray_Leaf_Spot,0.6491
/home/victor-e/maize-disease-detection/data/processed/Gray_Leaf_Spot/Mendeley_14maize_train_leaf spot.JPG,Gray_Leaf_Spot,0.2882
/home/victor-e/maize-disease-detection/data/processed/Gray_Leaf_Spot/Mendeley_2489maize_train_leaf spot.JPG,Gray_Leaf_Spot,0.5098
/home/victor-e/maize-disease-detection/data/processed/Gray_Leaf_Spot/Mendeley_2724maize_train_leaf spot.JPG,Gray_Leaf_Spot,0.8543
/home/victor-e/maize-disease-detection/data/processed/Gray_Leaf_Spot/Mendeley_761maize_valid_leaf spot.JPG,Gray_Leaf_Spot,0.1481
/home/victor-e/maize-disease-detection/data/processed/Gray_Leaf_Spot/Mendeley_1834maize_train_leaf spot.JPG,Gray_Leaf_Spot,0.456
/home/victor-e/maize-disease-detection/data/processed/Gray_Leaf_Spot/Mendeley_312maize_valid_leaf spot.JPG,Gray_Leaf_Spot,0.9173
/home/victor-e/maize-disease-detection/data/processed/Gray_Leaf_Spot/Mendeley_526maize_valid_leaf spot.JPG,Gray_Leaf_Spot,0.5787
/home/victor-e/maize-disease-detection/data/processed/Gray_Leaf_Spot/Mendeley_351maize_valid_leaf spot.JPG,Gray_Leaf_Spot,0.5321
/home/victor-e/maize-disease-detection/data/processed/Gray_Leaf_Spot/Mendeley_31maize_train_leaf spot.JPG,Gray_Leaf_Spot,0.6824
/home/victor-e/maize-disease-detection/data/processed/Gray_Leaf_Spot/Mendeley_402maize_valid_leaf spot.JPG,Gray_Leaf_Spot,0.3647
/home/victor-e/maize-disease-detection/data/processed/Gray_Leaf_Spot/Mendeley_2739maize_train_leaf spot.JPG,Gray_Leaf_Spot,0.593
/home/victor-e/maize-disease-detection/data/processed/Gray_Leaf_Spot/Mendeley_266maize_valid_leaf spot.JPG,Gray_Leaf_Spot,0.644
/home/victor-e/maize-disease-detection/data/processed/Gray_Leaf_Spot/Mendeley_110maize_valid_leaf spot.JPG,Gray_Leaf_Spot,0.1414
/home/victor-e/maize-disease-detection/data/processed/Gray_Leaf_Spot/Mendeley_2651maize_train_leaf spot.JPG,Gray_Leaf_Spot,0.3635
/home/victor-e/maize-disease-detection/data/processed/Gray_Leaf_Spot/Mendeley_432maize_valid_leaf spot.JPG,Gray_Leaf_Spot,0.673
/home/victor-e/maize-disease-detection/data/processed/Gray_Leaf_Spot/Mendeley_2035maize_train_leaf spot.JPG,Gray_Leaf_Spot,0.456
/home/victor-e/maize-disease-detection/data/processed/Gray_Leaf_Spot/Mendeley_1178maize_valid_leaf spot.JPG,Gray_Leaf_Spot,0.74
/home/victor-e/maize-disease-detection/data/processed/Gray_Leaf_Spot/Mendeley_2233maize_train_leaf spot.JPG,Gray_Leaf_Spot,0.2378
/home/victor-e/maize-disease-detection/data/processed/Gray_Leaf_Spot/Mendeley_3710maize_train_leaf spot.JPG,Gray_Leaf_Spot,0.5771
/home/victor-e/maize-disease-detection/data/processed/Gray_Leaf_Spot/Mendeley_1157maize_valid_leaf spot.JPG,Gray_Leaf_Spot,0.7235
/home/victor-e/maize-disease-detection/data/processed/Gray_Leaf_Spot/Mendeley_1123maize_train_leaf spot.JPG,Gray_Leaf_Spot,0.5946
/home/victor-e/maize-disease-detection/data/processed/Gray_Leaf_Spot/Mendeley_2377maize_train_leaf spot.JPG,Gray_Leaf_Spot,0.2094
/home/victor-e/maize-disease-detection/data/processed/Gray_Leaf_Spot/Mendeley_782maize_valid_leaf spot.JPG,Gray_Leaf_Spot,0.4817
/home/victor-e/maize-disease-detection/data/processed/Gray_Leaf_Spot/Mendeley_2040maize_train_leaf spot.JPG,Gray_Leaf_Spot,0.4725
/home/victor-e/maize-disease-detection/data/processed/Gray_Leaf_Spot/Mendeley_1641maize_train_leaf spot.JPG,Gray_Leaf_Spot,0.2234
/home/victor-e/maize-disease-detection/data/processed/Gray_Leaf_Spot/Mendeley_685maize_valid_leaf spot.JPG,Gray_Leaf_Spot,0.8958
/home/victor-e/maize-disease-detection/data/processed/Gray_Leaf_Spot/Mendeley_2217maize_train_leaf spot.JPG,Gray_Leaf_Spot,0.1163
/home/victor-e/maize-disease-detection/data/processed/Gray_Leaf_Spot/Mendeley_1835maize_train_leaf spot.JPG,Gray_Leaf_Spot,0.4297
/home/victor-e/maize-disease-detection/data/processed/Gray_Leaf_Spot/Mendeley_1175maize_valid_leaf spot.JPG,Gray_Leaf_Spot,0.4827
/home/victor-e/maize-disease-detection/data/processed/Gray_Leaf_Spot/Mendeley_774maize_valid_leaf spot.JPG,Gray_Leaf_Spot,0.71
/home/victor-e/maize-disease-detection/data/processed/Gray_Leaf_Spot/Mendeley_2122maize_train_leaf spot.JPG,Gray_Leaf_Spot,0.6694
/home/victor-e/maize-disease-detection/data/processed/Gray_Leaf_Spot/Mendeley_1923maize_train_leaf spot.JPG,Gray_Leaf_Spot,0.6941
/home/victor-e/maize-disease-detection/data/processed/Gray_Leaf_Spot/Mendeley_2173maize_train_leaf spot.JPG,Gray_Leaf_Spot,0.4439
/home/victor-e/maize-disease-detection/data/processed/Gray_Leaf_Spot/Mendeley_1552maize_train_leaf spot.JPG,Gray_Leaf_Spot,0.0659
/home/victor-e/maize-disease-detection/data/processed/Gray_Leaf_Spot/Mendeley_2228maize_train_leaf spot.JPG,Gray_Leaf_Spot,0.1388
/home/victor-e/maize-disease-detection/data/processed/Gray_Leaf_Spot/Mendeley_1507maize_train_leaf spot.JPG,Gray_Leaf_Spot,0.7697
/home/victor-e/maize-disease-detection/data/processed/Gray_Leaf_Spot/Mendeley_2635maize_train_leaf spot.JPG,Gray_Leaf_Spot,0.4883
/home/victor-e/maize-disease-detection/data/processed/Gray_Leaf_Spot/Mendeley_692maize_valid_leaf spot.JPG,Gray_Leaf_Spot,0.7251
/home/victor-e/maize-disease-detection/data/processed/Gray_Leaf_Spot/Mendeley_2837maize_train_leaf spot.JPG,Gray_Leaf_Spot,0.5703
/home/victor-e/maize-disease-detection/data/processed/Gray_Leaf_Spot/Mendeley_2229maize_train_leaf spot.JPG,Gray_Leaf_Spot,0.0043
/home/victor-e/maize-disease-detection/data/processed/Gray_Leaf_Spot/Mendeley_805maize_valid_leaf spot.JPG,Gray_Leaf_Spot,0.3101
/home/victor-e/maize-disease-detection/data/processed/Gray_Leaf_Spot/Mendeley_1776maize_train_leaf spot.JPG,Gray_Leaf_Spot,0.3118
/home/victor-e/maize-disease-detection/data/processed/Gray_Leaf_Spot/Mendeley_2566maize_train_leaf spot.JPG,Gray_Leaf_Spot,0.4482
/home/victor-e/maize-disease-detection/data/processed/Gray_Leaf_Spot/Mendeley_2874maize_train_leaf spot.JPG,Gray_Leaf_Spot,0.5463
/home/victor-e/maize-disease-detection/data/processed/Gray_Leaf_Spot/Mendeley_615maize_valid_leaf spot.JPG,Gray_Leaf_Spot,0.3155
/home/victor-e/maize-disease-detection/data/processed/Gray_Leaf_Spot/Mendeley_2625maize_train_leaf spot.JPG,Gray_Leaf_Spot,0.869
/home/victor-e/maize-disease-detection/data/processed/Gray_Leaf_Spot/Mendeley_414maize_valid_leaf spot.JPG,Gray_Leaf_Spot,0.6738
/home/victor-e/maize-disease-detection/data/processed/Gray_Leaf_Spot/Mendeley_1232maize_train_leaf spot.JPG,Gray_Leaf_Spot,0.6906
/home/victor-e/maize-disease-detection/data/processed/Gray_Leaf_Spot/Mendeley_1120maize_valid_leaf spot.JPG,Gray_Leaf_Spot,0.5492
/home/victor-e/maize-disease-detection/data/processed/Gray_Leaf_Spot/Mendeley_1284maize_train_leaf spot.JPG,Gray_Leaf_Spot,0.9699
/home/victor-e/maize-disease-detection/data/processed/Gray_Leaf_Spot/Mendeley_885maize_valid_leaf spot.JPG,Gray_Leaf_Spot,0.392
/home/victor-e/maize-disease-detection/data/processed/Gray_Leaf_Spot/Mendeley_788maize_valid_leaf spot.JPG,Gray_Leaf_Spot,0.387
/home/victor-e/maize-disease-detection/data/processed/Gray_Leaf_Spot/Mendeley_1135maize_valid_leaf spot.JPG,Gray_Leaf_Spot,0.6594
/home/victor-e/maize-disease-detection/data/processed/Gray_Leaf_Spot/Mendeley_283maize_valid_leaf spot.JPG,Gray_Leaf_Spot,0.6979
/home/victor-e/maize-disease-detection/data/processed/Gray_Leaf_Spot/Mendeley_242maize_valid_leaf spot.JPG,Gray_Leaf_Spot,0.2361
/home/victor-e/maize-disease-detection/data/processed/Gray_Leaf_Spot/Mendeley_2215maize_train_leaf spot.JPG,Gray_Leaf_Spot,0.0641
/home/victor-e/maize-disease-detection/data/processed/Gray_Leaf_Spot/Mendeley_2132maize_train_leaf spot.JPG,Gray_Leaf_Spot,0.6571
/home/victor-e/maize-disease-detection/data/processed/Gray_Leaf_Spot/Mendeley_2392maize_train_leaf spot.JPG,Gray_Leaf_Spot,0.2692
/home/victor-e/maize-disease-detection/data/processed/Gray_Leaf_Spot/Mendeley_700maize_valid_leaf spot.JPG,Gray_Leaf_Spot,0.6023
/home/victor-e/maize-disease-detection/data/processed/Gray_Leaf_Spot/Mendeley_2321maize_train_leaf spot.JPG,Gray_Leaf_Spot,0.1367
/home/victor-e/maize-disease-detection/data/processed/Gray_Leaf_Spot/Mendeley_663maize_valid_leaf spot.JPG,Gray_Leaf_Spot,0.7292
/home/victor-e/maize-disease-detection/data/processed/Gray_Leaf_Spot/Mendeley_7maize_valid_leaf spot.JPG,Gray_Leaf_Spot,0.5036
/home/victor-e/maize-disease-detection/data/processed/Gray_Leaf_Spot/Mendeley_588maize_valid_leaf spot.JPG,Gray_Leaf_Spot,0.5024
/home/victor-e/maize-disease-detection/data/processed/Gray_Leaf_Spot/Mendeley_2476maize_train_leaf spot.JPG,Gray_Leaf_Spot,0.9895
/home/victor-e/maize-disease-detection/data/processed/Gray_Leaf_Spot/Mendeley_2300maize_train_leaf spot.JPG,Gray_Leaf_Spot,0.8053
/home/victor-e/maize-disease-detection/data/processed/Gray_Leaf_Spot/Mendeley_1200maize_train_leaf spot.JPG,Gray_Leaf_Spot,0.852
/home/victor-e/maize-disease-detection/data/processed/Gray_Leaf_Spot/Mendeley_2778maize_train_leaf spot.JPG,Gray_Leaf_Spot,0.5171
/home/victor-e/maize-disease-detection/data/processed/Gray_Leaf_Spot/Mendeley_2507maize_train_leaf spot.JPG,Gray_Leaf_Spot,0.5244
/home/victor-e/maize-disease-detection/data/processed/Gray_Leaf_Spot/Mendeley_228maize_valid_leaf spot.JPG,Gray_Leaf_Spot,0.3988
/home/victor-e/maize-disease-detection/data/processed/Gray_Leaf_Spot/Mendeley_595maize_valid_leaf spot.JPG,Gray_Leaf_Spot,0.1367
/home/victor-e/maize-disease-detection/data/processed/Gray_Leaf_Spot/Mendeley_1209maize_valid_leaf spot.JPG,Gray_Leaf_Spot,0.8013
/home/victor-e/maize-disease-detection/data/processed/Gray_Leaf_Spot/Mendeley_344maize_train_leaf spot.JPG,Gray_Leaf_Spot,0.8586
/home/victor-e/maize-disease-detection/data/processed/Gray_Leaf_Spot/Mendeley_2199maize_train_leaf spot.JPG,Gray_Leaf_Spot,0.0938
/home/victor-e/maize-disease-detection/data/processed/Gray_Leaf_Spot/Mendeley_1233maize_valid_leaf spot.JPG,Gray_Leaf_Spot,0.6209
/home/victor-e/maize-disease-detection/data/processed/Gray_Leaf_Spot/Mendeley_1097maize_train_leaf spot.JPG,Gray_Leaf_Spot,0.0687
/home/victor-e/maize-disease-detection/data/processed/Gray_Leaf_Spot/Mendeley_1370maize_train_leaf spot.JPG,Gray_Leaf_Spot,0.9704
/home/victor-e/maize-disease-detection/data/processed/Gray_Leaf_Spot/Mendeley_1029maize_train_leaf spot.JPG,Gray_Leaf_Spot,0.6122
/home/victor-e/maize-disease-detection/data/processed/Gray_Leaf_Spot/Mendeley_1873maize_train_leaf spot.JPG,Gray_Leaf_Spot,0.096
/home/victor-e/maize-disease-detection/data/processed/Gray_Leaf_Spot/Mendeley_2760maize_train_leaf spot.JPG,Gray_Leaf_Spot,0.5354
/home/victor-e/maize-disease-detection/data/processed/Gray_Leaf_Spot/Mendeley_198maize_train_leaf spot.JPG,Gray_Leaf_Spot,0.5932
/home/victor-e/maize-disease-detection/data/processed/Gray_Leaf_Spot/Mendeley_1242maize_valid_leaf spot.JPG,Gray_Leaf_Spot,0.7584
/home/victor-e/maize-disease-detection/data/processed/Gray_Leaf_Spot/Mendeley_847maize_valid_leaf spot.JPG,Gray_Leaf_Spot,0.5582
/home/victor-e/maize-disease-detection/data/processed/Gray_Leaf_Spot/Mendeley_1202maize_train_leaf spot.JPG,Gray_Leaf_Spot,0.8402
/home/victor-e/maize-disease-detection/data/processed/Gray_Leaf_Spot/Mendeley_1371maize_train_leaf spot.JPG,Gray_Leaf_Spot,0.9717
/home/victor-e/maize-disease-detection/data/processed/Gray_Leaf_Spot/Mendeley_296maize_train_leaf spot.JPG,Gray_Leaf_Spot,0.6225
/home/victor-e/maize-disease-detection/data/processed/Gray_Leaf_Spot/Mendeley_284maize_valid_leaf spot.JPG,Gray_Leaf_Spot,0.1761
/home/victor-e/maize-disease-detection/data/processed/Gray_Leaf_Spot/Mendeley_123maize_train_leaf spot.JPG,Gray_Leaf_Spot,0.0647
/home/victor-e/maize-disease-detection/data/processed/Gray_Leaf_Spot/Mendeley_368maize_train_leaf spot.JPG,Gray_Leaf_Spot,0.5923
/home/victor-e/maize-disease-detection/data/processed/Gray_Leaf_Spot/Mendeley_802maize_valid_leaf spot.JPG,Gray_Leaf_Spot,0.5686
/home/victor-e/maize-disease-detection/data/processed/Gray_Leaf_Spot/Mendeley_1004maize_valid_leaf spot.JPG,Gray_Leaf_Spot,0.7077
/home/victor-e/maize-disease-detection/data/processed/Gray_Leaf_Spot/Mendeley_506maize_valid_leaf spot.JPG,Gray_Leaf_Spot,0.9808
/home/victor-e/maize-disease-detection/data/processed/Gray_Leaf_Spot/Mendeley_337maize_valid_leaf spot.JPG,Gray_Leaf_Spot,0.4739
/home/victor-e/maize-disease-detection/data/processed/Gray_Leaf_Spot/Mendeley_1569maize_train_leaf spot.JPG,Gray_Leaf_Spot,0.1464
/home/victor-e/maize-disease-detection/data/processed/Gray_Leaf_Spot/Mendeley_150maize_valid_leaf spot.JPG,Gray_Leaf_Spot,0.8422
/home/victor-e/maize-disease-detection/data/processed/Gray_Leaf_Spot/Mendeley_2752maize_train_leaf spot.JPG,Gray_Leaf_Spot,0.5703
/home/victor-e/maize-disease-detection/data/processed/Gray_Leaf_Spot/Mendeley_1481maize_train_leaf spot.JPG,Gray_Leaf_Spot,0.9866
/home/victor-e/maize-disease-detection/data/processed/Gray_Leaf_Spot/Mendeley_905maize_valid_leaf spot.JPG,Gray_Leaf_Spot,0.4453
/home/victor-e/maize-disease-detection/data/processed/Gray_Leaf_Spot/Mendeley_704maize_valid_leaf spot.JPG,Gray_Leaf_Spot,0.5525
/home/victor-e/maize-disease-detection/data/processed/Gray_Leaf_Spot/Mendeley_1475maize_train_leaf spot.JPG,Gray_Leaf_Spot,0.4778
/home/victor-e/maize-disease-detection/data/processed/Gray_Leaf_Spot/Mendeley_267maize_valid_leaf spot.JPG,Gray_Leaf_Spot,0.6192
/home/victor-e/maize-disease-detection/data/processed/Gray_Leaf_Spot/Mendeley_1602maize_train_leaf spot.JPG,Gray_Leaf_Spot,0.3423
/home/victor-e/maize-disease-detection/data/processed/Gray_Leaf_Spot/Mendeley_1039maize_valid_leaf spot.JPG,Gray_Leaf_Spot,0.3497
/home/victor-e/maize-disease-detection/data/processed/Gray_Leaf_Spot/Mendeley_278maize_train_leaf spot.JPG,Gray_Leaf_Spot,0.3087
/home/victor-e/maize-disease-detection/data/processed/Gray_Leaf_Spot/Mendeley_612maize_valid_leaf spot.JPG,Gray_Leaf_Spot,0.8737
/home/victor-e/maize-disease-detection/data/processed/Gray_Leaf_Spot/Mendeley_1169maize_valid_leaf spot.JPG,Gray_Leaf_Spot,0.6097
/home/victor-e/maize-disease-detection/data/processed/Gray_Leaf_Spot/Mendeley_2878maize_train_leaf spot.JPG,Gray_Leaf_Spot,0.4671
/home/victor-e/maize-disease-detection/data/processed/Gray_Leaf_Spot/Mendeley_1225maize_train_leaf spot.JPG,Gray_Leaf_Spot,0.4175
/home/victor-e/maize-disease-detection/data/processed/Gray_Leaf_Spot/Mendeley_1711maize_train_leaf spot.JPG,Gray_Leaf_Spot,0.2732
/home/victor-e/maize-disease-detection/data/processed/Gray_Leaf_Spot/Mendeley_211maize_valid_leaf spot.JPG,Gray_Leaf_Spot,0.2012
/home/victor-e/maize-disease-detection/data/processed/Gray_Leaf_Spot/Mendeley_1990maize_train_leaf spot.JPG,Gray_Leaf_Spot,0.3493
/home/victor-e/maize-disease-detection/data/processed/Gray_Leaf_Spot/Mendeley_45maize_valid_leaf spot.JPG,Gray_Leaf_Spot,0.8885
/home/victor-e/maize-disease-detection/data/processed/Gray_Leaf_Spot/Mendeley_2017maize_train_leaf spot.JPG,Gray_Leaf_Spot,0.6801
/home/victor-e/maize-disease-detection/data/processed/Gray_Leaf_Spot/Mendeley_493maize_valid_leaf spot.JPG,Gray_Leaf_Spot,0.9977
/home/victor-e/maize-disease-detection/data/processed/Gray_Leaf_Spot/Mendeley_2000maize_train_leaf spot.JPG,Gray_Leaf_Spot,0.7251
/home/victor-e/maize-disease-detection/data/processed/Gray_Leaf_Spot/Mendeley_157maize_train_leaf spot.JPG,Gray_Leaf_Spot,0.111
/home/victor-e/maize-disease-detection/data/processed/Gray_Leaf_Spot/Mendeley_2278maize_train_leaf spot.JPG,Gray_Leaf_Spot,0.918
/home/victor-e/maize-disease-detection/data/processed/Gray_Leaf_Spot/Mendeley_2273maize_train_leaf spot.JPG,Gray_Leaf_Spot,0.0039
/home/victor-e/maize-disease-detection/data/processed/Gray_Leaf_Spot/Mendeley_1514maize_train_leaf spot.JPG,Gray_Leaf_Spot,0.8736
/home/victor-e/maize-disease-detection/data/processed/Gray_Leaf_Spot/Mendeley_654maize_valid_leaf spot.JPG,Gray_Leaf_Spot,0.5742
/home/victor-e/maize-disease-detection/data/processed/Gray_Leaf_Spot/Mendeley_1060maize_train_leaf spot.JPG,Gray_Leaf_Spot,0.6539
/home/victor-e/maize-disease-detection/data/processed/Gray_Leaf_Spot/Mendeley_609maize_valid_leaf spot.JPG,Gray_Leaf_Spot,0.5308
/home/victor-e/maize-disease-detection/data/processed/Gray_Leaf_Spot/Mendeley_674maize_valid_leaf spot.JPG,Gray_Leaf_Spot,0.1615
/home/victor-e/maize-disease-detection/data/processed/Gray_Leaf_Spot/Mendeley_2427maize_train_leaf spot.JPG,Gray_Leaf_Spot,0.0985
/home/victor-e/maize-disease-detection/data/processed/Gray_Leaf_Spot/Mendeley_1182maize_valid_leaf spot.JPG,Gray_Leaf_Spot,0.2446
/home/victor-e/maize-disease-detection/data/processed/Gray_Leaf_Spot/Mendeley_364maize_train_leaf spot.JPG,Gray_Leaf_Spot,0.6599
/home/victor-e/maize-disease-detection/data/processed/Gray_Leaf_Spot/Mendeley_976maize_valid_leaf spot.JPG,Gray_Leaf_Spot,0.6113
/home/victor-e/maize-disease-detection/data/processed/Gray_Leaf_Spot/Mendeley_2756maize_train_leaf spot.JPG,Gray_Leaf_Spot,0.5477
/home/victor-e/maize-disease-detection/data/processed/Gray_Leaf_Spot/Mendeley_789maize_valid_leaf spot.JPG,Gray_Leaf_Spot,0.3912
/home/victor-e/maize-disease-detection/data/processed/Gray_Leaf_Spot/Mendeley_202maize_train_leaf spot.JPG,Gray_Leaf_Spot,0.1152
/home/victor-e/maize-disease-detection/data/processed/Gray_Leaf_Spot/Mendeley_755maize_valid_leaf spot.JPG,Gray_Leaf_Spot,0.0043
/home/victor-e/maize-disease-detection/data/processed/Gray_Leaf_Spot/Mendeley_208maize_train_leaf spot.JPG,Gray_Leaf_Spot,0.3794
/home/victor-e/maize-disease-detection/data/processed/Gray_Leaf_Spot/Mendeley_728maize_valid_leaf spot.JPG,Gray_Leaf_Spot,0.6571
/home/victor-e/maize-disease-detection/data/processed/Gray_Leaf_Spot/Mendeley_258maize_train_leaf spot.JPG,Gray_Leaf_Spot,0.2162
/home/victor-e/maize-disease-detection/data/processed/Gray_Leaf_Spot/Mendeley_332maize_valid_leaf spot.JPG,Gray_Leaf_Spot,0.4117
/home/victor-e/maize-disease-detection/data/processed/Gray_Leaf_Spot/Mendeley_117maize_train_leaf spot.JPG,Gray_Leaf_Spot,0.5884
/home/victor-e/maize-disease-detection/data/processed/Gray_Leaf_Spot/Mendeley_1213maize_valid_leaf spot.JPG,Gray_Leaf_Spot,0.9864
/home/victor-e/maize-disease-detection/data/processed/Gray_Leaf_Spot/Mendeley_2438maize_train_leaf spot.JPG,Gray_Leaf_Spot,0.4026
/home/victor-e/maize-disease-detection/data/processed/Gray_Leaf_Spot/Mendeley_1807maize_train_leaf spot.JPG,Gray_Leaf_Spot,0.4488
/home/victor-e/maize-disease-detection/data/processed/Gray_Leaf_Spot/Mendeley_1069maize_train_leaf spot.JPG,Gray_Leaf_Spot,0.7554
/home/victor-e/maize-disease-detection/data/processed/Gray_Leaf_Spot/Mendeley_1083maize_valid_leaf spot.JPG,Gray_Leaf_Spot,0.8119
/home/victor-e/maize-disease-detection/data/processed/Gray_Leaf_Spot/Mendeley_1258maize_train_leaf spot.JPG,Gray_Leaf_Spot,0.9354
/home/victor-e/maize-disease-detection/data/processed/Gray_Leaf_Spot/Mendeley_1214maize_valid_leaf spot.JPG,Gray_Leaf_Spot,0.9172
/home/victor-e/maize-disease-detection/data/processed/Gray_Leaf_Spot/Mendeley_408maize_valid_leaf spot.JPG,Gray_Leaf_Spot,0.5294
/home/victor-e/maize-disease-detection/data/processed/Gray_Leaf_Spot/Mendeley_307maize_valid_leaf spot.JPG,Gray_Leaf_Spot,0.5949
/home/victor-e/maize-disease-detection/data/processed/Gray_Leaf_Spot/Mendeley_2342maize_train_leaf spot.JPG,Gray_Leaf_Spot,0.2108
/home/victor-e/maize-disease-detection/data/processed/Gray_Leaf_Spot/Mendeley_1116maize_train_leaf spot.JPG,Gray_Leaf_Spot,0.9272
/home/victor-e/maize-disease-detection/data/processed/Gray_Leaf_Spot/Mendeley_1529maize_train_leaf spot.JPG,Gray_Leaf_Spot,0.299
/home/victor-e/maize-disease-detection/data/processed/Gray_Leaf_Spot/Mendeley_2831maize_train_leaf spot.JPG,Gray_Leaf_Spot,0.2623
/home/victor-e/maize-disease-detection/data/processed/Gray_Leaf_Spot/Mendeley_1888maize_train_leaf spot.JPG,Gray_Leaf_Spot,0.4214
/home/victor-e/maize-disease-detection/data/processed/Gray_Leaf_Spot/Mendeley_2864maize_train_leaf spot.JPG,Gray_Leaf_Spot,0.295
/home/victor-e/maize-disease-detection/data/processed/Gray_Leaf_Spot/Mendeley_2368maize_train_leaf spot.JPG,Gray_Leaf_Spot,0.11
/home/victor-e/maize-disease-detection/data/processed/Gray_Leaf_Spot/Mendeley_1570maize_train_leaf spot.JPG,Gray_Leaf_Spot,0.1837
/home/victor-e/maize-disease-detection/data/processed/Gray_Leaf_Spot/Mendeley_119maize_valid_leaf spot.JPG,Gray_Leaf_Spot,0.573
/home/victor-e/maize-disease-detection/data/processed/Gray_Leaf_Spot/Mendeley_2030maize_train_leaf spot.JPG,Gray_Leaf_Spot,0.5709
/home/victor-e/maize-disease-detection/data/processed/Gray_Leaf_Spot/Mendeley_2063maize_train_leaf spot.JPG,Gray_Leaf_Spot,0.3166
/home/victor-e/maize-disease-detection/data/processed/Gray_Leaf_Spot/Mendeley_1666maize_train_leaf spot.JPG,Gray_Leaf_Spot,0.5439
/home/victor-e/maize-disease-detection/data/processed/Gray_Leaf_Spot/Mendeley_2020maize_train_leaf spot.JPG,Gray_Leaf_Spot,0.4583
/home/victor-e/maize-disease-detection/data/processed/Gray_Leaf_Spot/Mendeley_928maize_valid_leaf spot.JPG,Gray_Leaf_Spot,0.4626
/home/victor-e/maize-disease-detection/data/processed/Gray_Leaf_Spot/Mendeley_1228maize_train_leaf spot.JPG,Gray_Leaf_Spot,0.6896
/home/victor-e/maize-disease-detection/data/processed/Gray_Leaf_Spot/Mendeley_2586maize_train_leaf spot.JPG,Gray_Leaf_Spot,0.3584
/home/victor-e/maize-disease-detection/data/processed/Gray_Leaf_Spot/Mendeley_466maize_valid_leaf spot.JPG,Gray_Leaf_Spot,0.847
/home/victor-e/maize-disease-detection/data/processed/Gray_Leaf_Spot/Mendeley_546maize_valid_leaf spot.JPG,Gray_Leaf_Spot,0.8435
/home/victor-e/maize-disease-detection/data/processed/Gray_Leaf_Spot/Mendeley_2109maize_train_leaf spot.JPG,Gray_Leaf_Spot,0.6796
/home/victor-e/maize-disease-detection/data/processed/Gray_Leaf_Spot/Mendeley_2897maize_train_leaf spot.JPG,Gray_Leaf_Spot,0.9134
/home/victor-e/maize-disease-detection/data/processed/Gray_Leaf_Spot/Mendeley_2655maize_train_leaf spot.JPG,Gray_Leaf_Spot,0.3456
/home/victor-e/maize-disease-detection/data/processed/Gray_Leaf_Spot/Mendeley_2118maize_train_leaf spot.JPG,Gray_Leaf_Spot,0.5283
/home/victor-e/maize-disease-detection/data/processed/Gray_Leaf_Spot/Mendeley_504maize_valid_leaf spot.JPG,Gray_Leaf_Spot,0.904
/home/victor-e/maize-disease-detection/data/processed/Gray_Leaf_Spot/Mendeley_125maize_train_leaf spot.JPG,Gray_Leaf_Spot,0.8885
/home/victor-e/maize-disease-detection/data/processed/Gray_Leaf_Spot/Mendeley_2357maize_train_leaf spot.JPG,Gray_Leaf_Spot,0.3314
/home/victor-e/maize-disease-detection/data/processed/Gray_Leaf_Spot/Mendeley_1211maize_valid_leaf spot.JPG,Gray_Leaf_Spot,0.6959
/home/victor-e/maize-disease-detection/data/processed/Gray_Leaf_Spot/Mendeley_1922maize_train_leaf spot.JPG,Gray_Leaf_Spot,0.7553
/home/victor-e/maize-disease-detection/data/processed/Gray_Leaf_Spot/Mendeley_2900maize_train_leaf spot.JPG,Gray_Leaf_Spot,0.4467
/home/victor-e/maize-disease-detection/data/processed/Gray_Leaf_Spot/Mendeley_2400maize_train_leaf spot.JPG,Gray_Leaf_Spot,0.5686
/home/victor-e/maize-disease-detection/data/processed/Gray_Leaf_Spot/Mendeley_1649maize_train_leaf spot.JPG,Gray_Leaf_Spot,0.3379
/home/victor-e/maize-disease-detection/data/processed/Gray_Leaf_Spot/Mendeley_1338maize_train_leaf spot.JPG,Gray_Leaf_Spot,0.9151
/home/victor-e/maize-disease-detection/data/processed/Gray_Leaf_Spot/Mendeley_16maize_valid_leaf spot.JPG,Gray_Leaf_Spot,0.1082
/home/victor-e/maize-disease-detection/data/processed/Gray_Leaf_Spot/Mendeley_246maize_train_leaf spot.JPG,Gray_Leaf_Spot,0.219
/home/victor-e/maize-disease-detection/data/processed/Gray_Leaf_Spot/Mendeley_2011maize_train_leaf spot.JPG,Gray_Leaf_Spot,0.5563
/home/victor-e/maize-disease-detection/data/processed/Gray_Leaf_Spot/Mendeley_709maize_valid_leaf spot.JPG,Gray_Leaf_Spot,0.1601
/home/victor-e/maize-disease-detection/data/processed/Gray_Leaf_Spot/Mendeley_145maize_valid_leaf spot.JPG,Gray_Leaf_Spot,0.4116
/home/victor-e/maize-disease-detection/data/processed/Gray_Leaf_Spot/Mendeley_1376maize_train_leaf spot.JPG,Gray_Leaf_Spot,0.8748
/home/victor-e/maize-disease-detection/data/processed/Gray_Leaf_Spot/Mendeley_3701maize_train_leaf spot.JPG,Gray_Leaf_Spot,0.5146
/home/victor-e/maize-disease-detection/data/processed/Gray_Leaf_Spot/Mendeley_71maize_valid_leaf spot.JPG,Gray_Leaf_Spot,0.0988
/home/victor-e/maize-disease-detection/data/processed/Gray_Leaf_Spot/Mendeley_1777maize_train_leaf spot.JPG,Gray_Leaf_Spot,0.2931
/home/victor-e/maize-disease-detection/data/processed/Gray_Leaf_Spot/Mendeley_1166maize_valid_leaf spot.JPG,Gray_Leaf_Spot,0.4349
/home/victor-e/maize-disease-detection/data/processed/Gray_Leaf_Spot/Mendeley_1242maize_train_leaf spot.JPG,Gray_Leaf_Spot,0.6403
/home/victor-e/maize-disease-detection/data/processed/Gray_Leaf_Spot/Mendeley_272maize_train_leaf spot.JPG,Gray_Leaf_Spot,0.5764
/home/victor-e/maize-disease-detection/data/processed/Gray_Leaf_Spot/Mendeley_1061maize_train_leaf spot.JPG,Gray_Leaf_Spot,0.3037
/home/victor-e/maize-disease-detection/data/processed/Gray_Leaf_Spot/Mendeley_2264maize_train_leaf spot.JPG,Gray_Leaf_Spot,0.9308
/home/victor-e/maize-disease-detection/data/processed/Gray_Leaf_Spot/Mendeley_1822maize_train_leaf spot.JPG,Gray_Leaf_Spot,0.4604
/home/victor-e/maize-disease-detection/data/processed/Gray_Leaf_Spot/Mendeley_1072maize_valid_leaf spot.JPG,Gray_Leaf_Spot,0.292
/home/victor-e/maize-disease-detection/data/processed/Gray_Leaf_Spot/Mendeley_2894maize_train_leaf spot.JPG,Gray_Leaf_Spot,0.6912
/home/victor-e/maize-disease-detection/data/processed/Gray_Leaf_Spot/Mendeley_1252maize_train_leaf spot.JPG,Gray_Leaf_Spot,0.961
/home/victor-e/maize-disease-detection/data/processed/Gray_Leaf_Spot/Mendeley_1627maize_train_leaf spot.JPG,Gray_Leaf_Spot,0.3772
/home/victor-e/maize-disease-detection/data/processed/Gray_Leaf_Spot/Mendeley_496maize_valid_leaf spot.JPG,Gray_Leaf_Spot,0.9969
/home/victor-e/maize-disease-detection/data/processed/Gray_Leaf_Spot/Mendeley_936maize_valid_leaf spot.JPG,Gray_Leaf_Spot,0.5422
/home/victor-e/maize-disease-detection/data/processed/Gray_Leaf_Spot/Mendeley_1520maize_train_leaf spot.JPG,Gray_Leaf_Spot,0.831
/home/victor-e/maize-disease-detection/data/processed/Gray_Leaf_Spot/Mendeley_196maize_train_leaf spot.JPG,Gray_Leaf_Spot,0.6015
/home/victor-e/maize-disease-detection/data/processed/Gray_Leaf_Spot/Mendeley_2821maize_train_leaf spot.JPG,Gray_Leaf_Spot,0.358
/home/victor-e/maize-disease-detection/data/processed/Gray_Leaf_Spot/Mendeley_1747maize_train_leaf spot.JPG,Gray_Leaf_Spot,0.2775
/home/victor-e/maize-disease-detection/data/processed/Gray_Leaf_Spot/Mendeley_2451maize_train_leaf spot.JPG,Gray_Leaf_Spot,0.4185
/home/victor-e/maize-disease-detection/data/processed/Gray_Leaf_Spot/Mendeley_507maize_valid_leaf spot.JPG,Gray_Leaf_Spot,0.9571
/home/victor-e/maize-disease-detection/data/processed/Gray_Leaf_Spot/Mendeley_1090maize_train_leaf spot.JPG,Gray_Leaf_Spot,0.4376
/home/victor-e/maize-disease-detection/data/processed/Gray_Leaf_Spot/Mendeley_321maize_valid_leaf spot.JPG,Gray_Leaf_Spot,0.9769
/home/victor-e/maize-disease-detection/data/processed/Gray_Leaf_Spot/Mendeley_1014maize_valid_leaf spot.JPG,Gray_Leaf_Spot,0.4613
/home/victor-e/maize-disease-detection/data/processed/Gray_Leaf_Spot/Mendeley_797maize_valid_leaf spot.JPG,Gray_Leaf_Spot,0.3114
/home/victor-e/maize-disease-detection/data/processed/Gray_Leaf_Spot/Mendeley_103maize_valid_leaf spot.JPG,Gray_Leaf_Spot,0.7293
/home/victor-e/maize-disease-detection/data/processed/Gray_Leaf_Spot/Mendeley_1778maize_train_leaf spot.JPG,Gray_Leaf_Spot,0.351
/home/victor-e/maize-disease-detection/data/processed/Gray_Leaf_Spot/Mendeley_906maize_valid_leaf spot.JPG,Gray_Leaf_Spot,0.5421
/home/victor-e/maize-disease-detection/data/processed/Gray_Leaf_Spot/Mendeley_2713maize_train_leaf spot.JPG,Gray_Leaf_Spot,0.5031
/home/victor-e/maize-disease-detection/data/processed/Gray_Leaf_Spot/Mendeley_353maize_train_leaf spot.JPG,Gray_Leaf_Spot,0.9293
/home/victor-e/maize-disease-detection/data/processed/Gray_Leaf_Spot/Mendeley_2065maize_train_leaf spot.JPG,Gray_Leaf_Spot,0.5387
/home/victor-e/maize-disease-detection/data/processed/Gray_Leaf_Spot/Mendeley_1582maize_train_leaf spot.JPG,Gray_Leaf_Spot,0.1888
/home/victor-e/maize-disease-detection/data/processed/Gray_Leaf_Spot/Mendeley_861maize_valid_leaf spot.JPG,Gray_Leaf_Spot,0.6575
/home/victor-e/maize-disease-detection/data/processed/Gray_Leaf_Spot/Mendeley_2406maize_train_leaf spot.JPG,Gray_Leaf_Spot,0.5029
/home/victor-e/maize-disease-detection/data/processed/Gray_Leaf_Spot/Mendeley_2076maize_train_leaf spot.JPG,Gray_Leaf_Spot,0.3616
/home/victor-e/maize-disease-detection/data/processed/Gray_Leaf_Spot/Mendeley_860maize_valid_leaf spot.JPG,Gray_Leaf_Spot,0.7172
/home/victor-e/maize-disease-detection/data/processed/Gray_Leaf_Spot/Mendeley_17maize_train_leaf spot.JPG,Gray_Leaf_Spot,0.5025
/home/victor-e/maize-disease-detection/data/processed/Gray_Leaf_Spot/Mendeley_744maize_valid_leaf spot.JPG,Gray_Leaf_Spot,0.6066
/home/victor-e/maize-disease-detection/data/processed/Gray_Leaf_Spot/Mendeley_1625maize_train_leaf spot.JPG,Gray_Leaf_Spot,0.5174
/home/victor-e/maize-disease-detection/data/processed/Gray_Leaf_Spot/Mendeley_2208maize_train_leaf spot.JPG,Gray_Leaf_Spot,0.1248
/home/victor-e/maize-disease-detection/data/processed/Gray_Leaf_Spot/Mendeley_1790maize_train_leaf spot.JPG,Gray_Leaf_Spot,0.5348
/home/victor-e/maize-disease-detection/data/processed/Gray_Leaf_Spot/Mendeley_2757maize_train_leaf spot.JPG,Gray_Leaf_Spot,0.5053
/home/victor-e/maize-disease-detection/data/processed/Gray_Leaf_Spot/Mendeley_945maize_valid_leaf spot.JPG,Gray_Leaf_Spot,0.3294
/home/victor-e/maize-disease-detection/data/processed/Gray_Leaf_Spot/Mendeley_883maize_valid_leaf spot.JPG,Gray_Leaf_Spot,0.2453
/home/victor-e/maize-disease-detection/data/processed/Gray_Leaf_Spot/Mendeley_1136maize_train_leaf spot.JPG,Gray_Leaf_Spot,0.2982
/home/victor-e/maize-disease-detection/data/processed/Gray_Leaf_Spot/Mendeley_2619maize_train_leaf spot.JPG,Gray_Leaf_Spot,0.7168
/home/victor-e/maize-disease-detection/data/processed/Gray_Leaf_Spot/Mendeley_1751maize_train_leaf spot.JPG,Gray_Leaf_Spot,0.5415
/home/victor-e/maize-disease-detection/data/processed/Gray_Leaf_Spot/Mendeley_2346maize_train_leaf spot.JPG,Gray_Leaf_Spot,0.4735
/home/victor-e/maize-disease-detection/data/processed/Gray_Leaf_Spot/Mendeley_1642maize_train_leaf spot.JPG,Gray_Leaf_Spot,0.251
/home/victor-e/maize-disease-detection/data/processed/Gray_Leaf_Spot/Mendeley_2327maize_train_leaf spot.JPG,Gray_Leaf_Spot,0.4469
/home/victor-e/maize-disease-detection/data/processed/Gray_Leaf_Spot/Mendeley_1639maize_train_leaf spot.JPG,Gray_Leaf_Spot,0.0311
/home/victor-e/maize-disease-detection/data/processed/Gray_Leaf_Spot/Mendeley_536maize_valid_leaf spot.JPG,Gray_Leaf_Spot,0.9561
/home/victor-e/maize-disease-detection/data/processed/Gray_Leaf_Spot/Mendeley_2331maize_train_leaf spot.JPG,Gray_Leaf_Spot,0.4546
/home/victor-e/maize-disease-detection/data/processed/Gray_Leaf_Spot/Mendeley_1566maize_train_leaf spot.JPG,Gray_Leaf_Spot,0.2365
/home/victor-e/maize-disease-detection/data/processed/Gray_Leaf_Spot/Mendeley_1267maize_train_leaf spot.JPG,Gray_Leaf_Spot,0.8779
/home/victor-e/maize-disease-detection/data/processed/Gray_Leaf_Spot/Mendeley_2741maize_train_leaf spot.JPG,Gray_Leaf_Spot,0.1764
/home/victor-e/maize-disease-detection/data/processed/Gray_Leaf_Spot/Mendeley_2455maize_train_leaf spot.JPG,Gray_Leaf_Spot,0.1594
/home/victor-e/maize-disease-detection/data/processed/Gray_Leaf_Spot/Mendeley_2865maize_train_leaf spot.JPG,Gray_Leaf_Spot,0.3105
/home/victor-e/maize-disease-detection/data/processed/Gray_Leaf_Spot/Mendeley_980maize_valid_leaf spot.JPG,Gray_Leaf_Spot,0.5451
/home/victor-e/maize-disease-detection/data/processed/Gray_Leaf_Spot/Mendeley_282maize_valid_leaf spot.JPG,Gray_Leaf_Spot,0.7179
/home/victor-e/maize-disease-detection/data/processed/Gray_Leaf_Spot/Mendeley_1145maize_valid_leaf spot.JPG,Gray_Leaf_Spot,0.4346
/home/victor-e/maize-disease-detection/data/processed/Gray_Leaf_Spot/Mendeley_420maize_valid_leaf spot.JPG,Gray_Leaf_Spot,0.7939
/home/victor-e/maize-disease-detection/data/processed/Gray_Leaf_Spot/Mendeley_1357maize_train_leaf spot.JPG,Gray_Leaf_Spot,0.1569
/home/victor-e/maize-disease-detection/data/processed/Gray_Leaf_Spot/Mendeley_1390maize_train_leaf spot.JPG,Gray_Leaf_Spot,0.9325
/home/victor-e/maize-disease-detection/data/processed/Gray_Leaf_Spot/Mendeley_65maize_valid_leaf spot.JPG,Gray_Leaf_Spot,0.0908
/home/victor-e/maize-disease-detection/data/processed/Gray_Leaf_Spot/Mendeley_2168maize_train_leaf spot.JPG,Gray_Leaf_Spot,0.6018
/home/victor-e/maize-disease-detection/data/processed/Gray_Leaf_Spot/Mendeley_98maize_valid_leaf spot.JPG,Gray_Leaf_Spot,0.6659
/home/victor-e/maize-disease-detection/data/processed/Gray_Leaf_Spot/Mendeley_1275maize_train_leaf spot.JPG,Gray_Leaf_Spot,0.9977
/home/victor-e/maize-disease-detection/data/processed/Gray_Leaf_Spot/Mendeley_222maize_valid_leaf spot.JPG,Gray_Leaf_Spot,0.3753
/home/victor-e/maize-disease-detection/data/processed/Gray_Leaf_Spot/Mendeley_2042maize_train_leaf spot.JPG,Gray_Leaf_Spot,0.5057
/home/victor-e/maize-disease-detection/data/processed/Gray_Leaf_Spot/Mendeley_198maize_valid_leaf spot.JPG,Gray_Leaf_Spot,0.1575
/home/victor-e/maize-disease-detection/data/processed/Gray_Leaf_Spot/Mendeley_1770maize_train_leaf spot.JPG,Gray_Leaf_Spot,0.3846
/home/victor-e/maize-disease-detection/data/processed/Gray_Leaf_Spot/Mendeley_1085maize_train_leaf spot.JPG,Gray_Leaf_Spot,0.7796
/home/victor-e/maize-disease-detection/data/processed/Gray_Leaf_Spot/Mendeley_957maize_valid_leaf spot.JPG,Gray_Leaf_Spot,0.3829
/home/victor-e/maize-disease-detection/data/processed/Gray_Leaf_Spot/Mendeley_2274maize_train_leaf spot.JPG,Gray_Leaf_Spot,0.2326
/home/victor-e/maize-disease-detection/data/processed/Gray_Leaf_Spot/Mendeley_345maize_valid_leaf spot.JPG,Gray_Leaf_Spot,0.1204
/home/victor-e/maize-disease-detection/data/processed/Gray_Leaf_Spot/Mendeley_295maize_valid_leaf spot.JPG,Gray_Leaf_Spot,0.7783
/home/victor-e/maize-disease-detection/data/processed/Gray_Leaf_Spot/Mendeley_2240maize_train_leaf spot.JPG,Gray_Leaf_Spot,0.2513
/home/victor-e/maize-disease-detection/data/processed/Gray_Leaf_Spot/Mendeley_1167maize_train_leaf spot.JPG,Gray_Leaf_Spot,0.6876
/home/victor-e/maize-disease-detection/data/processed/Gray_Leaf_Spot/Mendeley_944maize_valid_leaf spot.JPG,Gray_Leaf_Spot,0.5222
/home/victor-e/maize-disease-detection/data/processed/Gray_Leaf_Spot/Mendeley_1750maize_train_leaf spot.JPG,Gray_Leaf_Spot,0.5439
/home/victor-e/maize-disease-detection/data/processed/Gray_Leaf_Spot/Mendeley_290maize_valid_leaf spot.JPG,Gray_Leaf_Spot,0.8224
/home/victor-e/maize-disease-detection/data/processed/Gray_Leaf_Spot/Mendeley_1574maize_train_leaf spot.JPG,Gray_Leaf_Spot,0.5095
/home/victor-e/maize-disease-detection/data/processed/Gray_Leaf_Spot/Mendeley_2858maize_train_leaf spot.JPG,Gray_Leaf_Spot,0.7233
/home/victor-e/maize-disease-detection/data/processed/Gray_Leaf_Spot/Mendeley_25maize_valid_leaf spot.JPG,Gray_Leaf_Spot,0.465
/home/victor-e/maize-disease-detection/data/processed/Gray_Leaf_Spot/Mendeley_2421maize_train_leaf spot.JPG,Gray_Leaf_Spot,0.1081
/home/victor-e/maize-disease-detection/data/processed/Gray_Leaf_Spot/Mendeley_877maize_valid_leaf spot.JPG,Gray_Leaf_Spot,0.5003
/home/victor-e/maize-disease-detection/data/processed/Gray_Leaf_Spot/Mendeley_184maize_train_leaf spot.JPG,Gray_Leaf_Spot,0.1435
/home/victor-e/maize-disease-detection/data/processed/Gray_Leaf_Spot/Mendeley_2576maize_train_leaf spot.JPG,Gray_Leaf_Spot,0.3629
/home/victor-e/maize-disease-detection/data/processed/Gray_Leaf_Spot/Mendeley_188maize_train_leaf spot.JPG,Gray_Leaf_Spot,0.1795
/home/victor-e/maize-disease-detection/data/processed/Gray_Leaf_Spot/Mendeley_2119maize_train_leaf spot.JPG,Gray_Leaf_Spot,0.4766
/home/victor-e/maize-disease-detection/data/processed/Gray_Leaf_Spot/Mendeley_918maize_valid_leaf spot.JPG,Gray_Leaf_Spot,0.6606
/home/victor-e/maize-disease-detection/data/processed/Gray_Leaf_Spot/Mendeley_1921maize_train_leaf spot.JPG,Gray_Leaf_Spot,0.8045
/home/victor-e/maize-disease-detection/data/processed/Gray_Leaf_Spot/Mendeley_2360maize_train_leaf spot.JPG,Gray_Leaf_Spot,0.9566
/home/victor-e/maize-disease-detection/data/processed/Gray_Leaf_Spot/Mendeley_1138maize_train_leaf spot.JPG,Gray_Leaf_Spot,0.2943
/home/victor-e/maize-disease-detection/data/processed/Gray_Leaf_Spot/Mendeley_1303maize_train_leaf spot.JPG,Gray_Leaf_Spot,0.7281
/home/victor-e/maize-disease-detection/data/processed/Gray_Leaf_Spot/Mendeley_886maize_valid_leaf spot.JPG,Gray_Leaf_Spot,0.9499
/home/victor-e/maize-disease-detection/data/processed/Gray_Leaf_Spot/Mendeley_2160maize_train_leaf spot.JPG,Gray_Leaf_Spot,0.4504
/home/victor-e/maize-disease-detection/data/processed/Gray_Leaf_Spot/Mendeley_126maize_valid_leaf spot.JPG,Gray_Leaf_Spot,0.2624
/home/victor-e/maize-disease-detection/data/processed/Gray_Leaf_Spot/Mendeley_1028maize_train_leaf spot.JPG,Gray_Leaf_Spot,0.737
/home/victor-e/maize-disease-detection/data/processed/Gray_Leaf_Spot/Mendeley_2318maize_train_leaf spot.JPG,Gray_Leaf_Spot,0.915
/home/victor-e/maize-disease-detection/data/processed/Gray_Leaf_Spot/Mendeley_254maize_valid_leaf spot.JPG,Gray_Leaf_Spot,0.0663
/home/victor-e/maize-disease-detection/data/processed/Gray_Leaf_Spot/Mendeley_1184maize_train_leaf spot.JPG,Gray_Leaf_Spot,0.5987
/home/victor-e/maize-disease-detection/data/processed/Gray_Leaf_Spot/Mendeley_2262maize_train_leaf spot.JPG,Gray_Leaf_Spot,0.7849
/home/victor-e/maize-disease-detection/data/processed/Gray_Leaf_Spot/Mendeley_552maize_valid_leaf spot.JPG,Gray_Leaf_Spot,0.1527
/home/victor-e/maize-disease-detection/data/processed/Gray_Leaf_Spot/Mendeley_18maize_train_leaf spot.JPG,Gray_Leaf_Spot,0.5936
/home/victor-e/maize-disease-detection/data/processed/Gray_Leaf_Spot/Mendeley_2766maize_train_leaf spot.JPG,Gray_Leaf_Spot,0.4673
/home/victor-e/maize-disease-detection/data/processed/Gray_Leaf_Spot/Mendeley_2470maize_train_leaf spot.JPG,Gray_Leaf_Spot,0.2367
/home/victor-e/maize-disease-detection/data/processed/Gray_Leaf_Spot/Mendeley_537maize_valid_leaf spot.JPG,Gray_Leaf_Spot,1.0
/home/victor-e/maize-disease-detection/data/processed/Gray_Leaf_Spot/Mendeley_1068maize_valid_leaf spot.JPG,Gray_Leaf_Spot,0.4946
/home/victor-e/maize-disease-detection/data/processed/Gray_Leaf_Spot/Mendeley_2447maize_train_leaf spot.JPG,Gray_Leaf_Spot,0.3982
/home/victor-e/maize-disease-detection/data/processed/Gray_Leaf_Spot/Mendeley_1298maize_train_leaf spot.JPG,Gray_Leaf_Spot,0.8677
/home/victor-e/maize-disease-detection/data/processed/Gray_Leaf_Spot/Mendeley_329maize_train_leaf spot.JPG,Gray_Leaf_Spot,0.8669
/home/victor-e/maize-disease-detection/data/processed/Gray_Leaf_Spot/Mendeley_2080maize_train_leaf spot.JPG,Gray_Leaf_Spot,0.9466
/home/victor-e/maize-disease-detection/data/processed/Gray_Leaf_Spot/Mendeley_2064maize_train_leaf spot.JPG,Gray_Leaf_Spot,0.5845
/home/victor-e/maize-disease-detection/data/processed/Gray_Leaf_Spot/Mendeley_1854maize_train_leaf spot.JPG,Gray_Leaf_Spot,0.347
/home/victor-e/maize-disease-detection/data/processed/Gray_Leaf_Spot/Mendeley_1080maize_train_leaf spot.JPG,Gray_Leaf_Spot,0.918
/home/victor-e/maize-disease-detection/data/processed/Gray_Leaf_Spot/Mendeley_2163maize_train_leaf spot.JPG,Gray_Leaf_Spot,0.4278
/home/victor-e/maize-disease-detection/data/processed/Gray_Leaf_Spot/Mendeley_467maize_valid_leaf spot.JPG,Gray_Leaf_Spot,0.8164
/home/victor-e/maize-disease-detection/data/processed/Gray_Leaf_Spot/Mendeley_2703maize_train_leaf spot.JPG,Gray_Leaf_Spot,0.3787
/home/victor-e/maize-disease-detection/data/processed/Gray_Leaf_Spot/Mendeley_1589maize_train_leaf spot.JPG,Gray_Leaf_Spot,0.0504
/home/victor-e/maize-disease-detection/data/processed/Gray_Leaf_Spot/Mendeley_1419maize_train_leaf spot.JPG,Gray_Leaf_Spot,0.399
/home/victor-e/maize-disease-detection/data/processed/Gray_Leaf_Spot/Mendeley_1867maize_train_leaf spot.JPG,Gray_Leaf_Spot,0.8018
/home/victor-e/maize-disease-detection/data/processed/Gray_Leaf_Spot/Mendeley_987maize_valid_leaf spot.JPG,Gray_Leaf_Spot,0.1847
/home/victor-e/maize-disease-detection/data/processed/Gray_Leaf_Spot/Mendeley_2050maize_train_leaf spot.JPG,Gray_Leaf_Spot,0.9159
/home/victor-e/maize-disease-detection/data/processed/Gray_Leaf_Spot/Mendeley_484maize_valid_leaf spot.JPG,Gray_Leaf_Spot,0.9562
/home/victor-e/maize-disease-detection/data/processed/Gray_Leaf_Spot/Mendeley_1900maize_train_leaf spot.JPG,Gray_Leaf_Spot,0.493
/home/victor-e/maize-disease-detection/data/processed/Gray_Leaf_Spot/Mendeley_1944maize_train_leaf spot.JPG,Gray_Leaf_Spot,0.288
/home/victor-e/maize-disease-detection/data/processed/Gray_Leaf_Spot/Mendeley_630maize_valid_leaf spot.JPG,Gray_Leaf_Spot,0.3118
/home/victor-e/maize-disease-detection/data/processed/Gray_Leaf_Spot/Mendeley_2593maize_train_leaf spot.JPG,Gray_Leaf_Spot,0.5394
/home/victor-e/maize-disease-detection/data/processed/Gray_Leaf_Spot/Mendeley_2284maize_train_leaf spot.JPG,Gray_Leaf_Spot,0.2912
/home/victor-e/maize-disease-detection/data/processed/Gray_Leaf_Spot/Mendeley_1285maize_train_leaf spot.JPG,Gray_Leaf_Spot,0.9991
/home/victor-e/maize-disease-detection/data/processed/Gray_Leaf_Spot/Mendeley_2428maize_train_leaf spot.JPG,Gray_Leaf_Spot,0.3455
/home/victor-e/maize-disease-detection/data/processed/Gray_Leaf_Spot/Mendeley_968maize_valid_leaf spot.JPG,Gray_Leaf_Spot,0.8187
/home/victor-e/maize-disease-detection/data/processed/Gray_Leaf_Spot/Mendeley_888maize_valid_leaf spot.JPG,Gray_Leaf_Spot,0.6728
/home/victor-e/maize-disease-detection/data/processed/Gray_Leaf_Spot/Mendeley_426maize_valid_leaf spot.JPG,Gray_Leaf_Spot,0.9491
/home/victor-e/maize-disease-detection/data/processed/Gray_Leaf_Spot/Mendeley_642maize_valid_leaf spot.JPG,Gray_Leaf_Spot,0.4712
/home/victor-e/maize-disease-detection/data/processed/Gray_Leaf_Spot/Mendeley_481maize_valid_leaf spot.JPG,Gray_Leaf_Spot,0.239
/home/victor-e/maize-disease-detection/data/processed/Gray_Leaf_Spot/Mendeley_1683maize_train_leaf spot.JPG,Gray_Leaf_Spot,0.2279
/home/victor-e/maize-disease-detection/data/processed/Gray_Leaf_Spot/Mendeley_1927maize_train_leaf spot.JPG,Gray_Leaf_Spot,0.4481
/home/victor-e/maize-disease-detection/data/processed/Gray_Leaf_Spot/Mendeley_779maize_valid_leaf spot.JPG,Gray_Leaf_Spot,0.0392
/home/victor-e/maize-disease-detection/data/processed/Gray_Leaf_Spot/Mendeley_606maize_valid_leaf spot.JPG,Gray_Leaf_Spot,0.2723
/home/victor-e/maize-disease-detection/data/processed/Gray_Leaf_Spot/Mendeley_1128maize_valid_leaf spot.JPG,Gray_Leaf_Spot,0.454
/home/victor-e/maize-disease-detection/data/processed/Gray_Leaf_Spot/Mendeley_1251maize_valid_leaf spot.JPG,Gray_Leaf_Spot,0.5753
/home/victor-e/maize-disease-detection/data/processed/Gray_Leaf_Spot/Mendeley_2490maize_train_leaf spot.JPG,Gray_Leaf_Spot,0.3965
/home/victor-e/maize-disease-detection/data/processed/Gray_Leaf_Spot/Mendeley_2798maize_train_leaf spot.JPG,Gray_Leaf_Spot,0.4069
/home/victor-e/maize-disease-detection/data/processed/Gray_Leaf_Spot/Mendeley_1425maize_train_leaf spot.JPG,Gray_Leaf_Spot,0.9775
/home/victor-e/maize-disease-detection/data/processed/Gray_Leaf_Spot/Mendeley_2072maize_train_leaf spot.JPG,Gray_Leaf_Spot,0.7359
/home/victor-e/maize-disease-detection/data/processed/Gray_Leaf_Spot/Mendeley_1271maize_train_leaf spot.JPG,Gray_Leaf_Spot,0.2712
/home/victor-e/maize-disease-detection/data/processed/Gray_Leaf_Spot/Mendeley_2634maize_train_leaf spot.JPG,Gray_Leaf_Spot,0.5021
/home/victor-e/maize-disease-detection/data/processed/Gray_Leaf_Spot/Mendeley_2317maize_train_leaf spot.JPG,Gray_Leaf_Spot,0.9114
/home/victor-e/maize-disease-detection/data/processed/Gray_Leaf_Spot/Mendeley_623maize_valid_leaf spot.JPG,Gray_Leaf_Spot,0.1838
/home/victor-e/maize-disease-detection/data/processed/Gray_Leaf_Spot/Mendeley_236maize_valid_leaf spot.JPG,Gray_Leaf_Spot,0.1775
/home/victor-e/maize-disease-detection/data/processed/Gray_Leaf_Spot/Mendeley_2403maize_train_leaf spot.JPG,Gray_Leaf_Spot,0.5405
/home/victor-e/maize-disease-detection/data/processed/Gray_Leaf_Spot/Mendeley_217maize_train_leaf spot.JPG,Gray_Leaf_Spot,0.017
/home/victor-e/maize-disease-detection/data/processed/Gray_Leaf_Spot/Mendeley_1702maize_train_leaf spot.JPG,Gray_Leaf_Spot,0.4427
/home/victor-e/maize-disease-detection/data/processed/Gray_Leaf_Spot/Mendeley_2493maize_train_leaf spot.JPG,Gray_Leaf_Spot,0.3154
/home/victor-e/maize-disease-detection/data/processed/Gray_Leaf_Spot/Mendeley_1766maize_train_leaf spot.JPG,Gray_Leaf_Spot,0.2823
/home/victor-e/maize-disease-detection/data/processed/Gray_Leaf_Spot/Mendeley_37maize_valid_leaf spot.JPG,Gray_Leaf_Spot,0.8619
/home/victor-e/maize-disease-detection/data/processed/Gray_Leaf_Spot/Mendeley_1301maize_train_leaf spot.JPG,Gray_Leaf_Spot,0.8137
/home/victor-e/maize-disease-detection/data/processed/Gray_Leaf_Spot/Mendeley_320maize_valid_leaf spot.JPG,Gray_Leaf_Spot,0.9912
/home/victor-e/maize-disease-detection/data/processed/Gray_Leaf_Spot/Mendeley_1216maize_valid_leaf spot.JPG,Gray_Leaf_Spot,0.9268
/home/victor-e/maize-disease-detection/data/processed/Gray_Leaf_Spot/Mendeley_2333maize_train_leaf spot.JPG,Gray_Leaf_Spot,0.0585
/home/victor-e/maize-disease-detection/data/processed/Gray_Leaf_Spot/Mendeley_1209maize_train_leaf spot.JPG,Gray_Leaf_Spot,0.8853
/home/victor-e/maize-disease-detection/data/processed/Gray_Leaf_Spot/Mendeley_459maize_valid_leaf spot.JPG,Gray_Leaf_Spot,0.5022
/home/victor-e/maize-disease-detection/data/processed/Gray_Leaf_Spot/Mendeley_58maize_valid_leaf spot.JPG,Gray_Leaf_Spot,0.7058
/home/victor-e/maize-disease-detection/data/processed/Gray_Leaf_Spot/Mendeley_2154maize_train_leaf spot.JPG,Gray_Leaf_Spot,0.5198
/home/victor-e/maize-disease-detection/data/processed/Gray_Leaf_Spot/Mendeley_2639maize_train_leaf spot.JPG,Gray_Leaf_Spot,0.8919
/home/victor-e/maize-disease-detection/data/processed/Gray_Leaf_Spot/Mendeley_1025maize_train_leaf spot.JPG,Gray_Leaf_Spot,0.5893
/home/victor-e/maize-disease-detection/data/processed/Gray_Leaf_Spot/Mendeley_2633maize_train_leaf spot.JPG,Gray_Leaf_Spot,0.1797
/home/victor-e/maize-disease-detection/data/processed/Gray_Leaf_Spot/Mendeley_1829maize_train_leaf spot.JPG,Gray_Leaf_Spot,0.4538
/home/victor-e/maize-disease-detection/data/processed/Gray_Leaf_Spot/Mendeley_1317maize_train_leaf spot.JPG,Gray_Leaf_Spot,0.7108
/home/victor-e/maize-disease-detection/data/processed/Gray_Leaf_Spot/Mendeley_2828maize_train_leaf spot.JPG,Gray_Leaf_Spot,0.2838
/home/victor-e/maize-disease-detection/data/processed/Gray_Leaf_Spot/Mendeley_289maize_valid_leaf spot.JPG,Gray_Leaf_Spot,0.8019
/home/victor-e/maize-disease-detection/data/processed/Gray_Leaf_Spot/Mendeley_747maize_valid_leaf spot.JPG,Gray_Leaf_Spot,0.6485
/home/victor-e/maize-disease-detection/data/processed/Gray_Leaf_Spot/Mendeley_826maize_valid_leaf spot.JPG,Gray_Leaf_Spot,0.3739
/home/victor-e/maize-disease-detection/data/processed/Gray_Leaf_Spot/Mendeley_2410maize_train_leaf spot.JPG,Gray_Leaf_Spot,0.4671
/home/victor-e/maize-disease-detection/data/processed/Gray_Leaf_Spot/Mendeley_1752maize_train_leaf spot.JPG,Gray_Leaf_Spot,0.3865
/home/victor-e/maize-disease-detection/data/processed/Gray_Leaf_Spot/Mendeley_2628maize_train_leaf spot.JPG,Gray_Leaf_Spot,0.5316
/home/victor-e/maize-disease-detection/data/processed/Gray_Leaf_Spot/Mendeley_1095maize_valid_leaf spot.JPG,Gray_Leaf_Spot,0.4414
/home/victor-e/maize-disease-detection/data/processed/Gray_Leaf_Spot/Mendeley_2269maize_train_leaf spot.JPG,Gray_Leaf_Spot,0.029
/home/victor-e/maize-disease-detection/data/processed/Gray_Leaf_Spot/Mendeley_2458maize_train_leaf spot.JPG,Gray_Leaf_Spot,0.3633
/home/victor-e/maize-disease-detection/data/processed/Gray_Leaf_Spot/Mendeley_2875maize_train_leaf spot.JPG,Gray_Leaf_Spot,0.4781
/home/victor-e/maize-disease-detection/data/processed/Gray_Leaf_Spot/Mendeley_2524maize_train_leaf spot.JPG,Gray_Leaf_Spot,0.292
/home/victor-e/maize-disease-detection/data/processed/Gray_Leaf_Spot/Mendeley_1415maize_train_leaf spot.JPG,Gray_Leaf_Spot,0.7869
/home/victor-e/maize-disease-detection/data/processed/Gray_Leaf_Spot/Mendeley_10maize_train_leaf spot.JPG,Gray_Leaf_Spot,0.4746
/home/victor-e/maize-disease-detection/data/processed/Gray_Leaf_Spot/Mendeley_2171maize_train_leaf spot.JPG,Gray_Leaf_Spot,0.5746
/home/victor-e/maize-disease-detection/data/processed/Gray_Leaf_Spot/Mendeley_2335maize_train_leaf spot.JPG,Gray_Leaf_Spot,0.0764
/home/victor-e/maize-disease-detection/data/processed/Gray_Leaf_Spot/Mendeley_776maize_valid_leaf spot.JPG,Gray_Leaf_Spot,0.7108
/home/victor-e/maize-disease-detection/data/processed/Gray_Leaf_Spot/Mendeley_339maize_valid_leaf spot.JPG,Gray_Leaf_Spot,0.6578
/home/victor-e/maize-disease-detection/data/processed/Gray_Leaf_Spot/Mendeley_1001maize_train_leaf spot.JPG,Gray_Leaf_Spot,0.954
/home/victor-e/maize-disease-detection/data/processed/Gray_Leaf_Spot/Mendeley_2510maize_train_leaf spot.JPG,Gray_Leaf_Spot,0.4288
/home/victor-e/maize-disease-detection/data/processed/Gray_Leaf_Spot/Mendeley_2140maize_train_leaf spot.JPG,Gray_Leaf_Spot,0.5526
/home/victor-e/maize-disease-detection/data/processed/Gray_Leaf_Spot/Mendeley_1213maize_train_leaf spot.JPG,Gray_Leaf_Spot,0.6535
/home/victor-e/maize-disease-detection/data/processed/Gray_Leaf_Spot/Mendeley_1871maize_train_leaf spot.JPG,Gray_Leaf_Spot,0.907
/home/victor-e/maize-disease-detection/data/processed/Gray_Leaf_Spot/Mendeley_1162maize_train_leaf spot.JPG,Gray_Leaf_Spot,0.7416
/home/victor-e/maize-disease-detection/data/processed/Gray_Leaf_Spot/Mendeley_720maize_valid_leaf spot.JPG,Gray_Leaf_Spot,0.6371
/home/victor-e/maize-disease-detection/data/processed/Gray_Leaf_Spot/Mendeley_1068maize_train_leaf spot.JPG,Gray_Leaf_Spot,0.7179
/home/victor-e/maize-disease-detection/data/processed/Gray_Leaf_Spot/Mendeley_2630maize_train_leaf spot.JPG,Gray_Leaf_Spot,0.5281
/home/victor-e/maize-disease-detection/data/processed/Gray_Leaf_Spot/Mendeley_2129maize_train_leaf spot.JPG,Gray_Leaf_Spot,0.517
/home/victor-e/maize-disease-detection/data/processed/Gray_Leaf_Spot/Mendeley_348maize_valid_leaf spot.JPG,Gray_Leaf_Spot,0.8794
/home/victor-e/maize-disease-detection/data/processed/Gray_Leaf_Spot/Mendeley_2448maize_train_leaf spot.JPG,Gray_Leaf_Spot,0.4273
/home/victor-e/maize-disease-detection/data/processed/Gray_Leaf_Spot/Mendeley_990maize_valid_leaf spot.JPG,Gray_Leaf_Spot,0.0719
/home/victor-e/maize-disease-detection/data/processed/Gray_Leaf_Spot/Mendeley_1893maize_train_leaf spot.JPG,Gray_Leaf_Spot,0.1385
/home/victor-e/maize-disease-detection/data/processed/Gray_Leaf_Spot/Mendeley_1325maize_train_leaf spot.JPG,Gray_Leaf_Spot,0.9571
/home/victor-e/maize-disease-detection/data/processed/Gray_Leaf_Spot/Mendeley_1193maize_train_leaf spot.JPG,Gray_Leaf_Spot,0.1202
/home/victor-e/maize-disease-detection/data/processed/Gray_Leaf_Spot/Mendeley_362maize_train_leaf spot.JPG,Gray_Leaf_Spot,0.4069
/home/victor-e/maize-disease-detection/data/processed/Gray_Leaf_Spot/Mendeley_1864maize_train_leaf spot.JPG,Gray_Leaf_Spot,0.8281
/home/victor-e/maize-disease-detection/data/processed/Gray_Leaf_Spot/Mendeley_1904maize_train_leaf spot.JPG,Gray_Leaf_Spot,0.4838
/home/victor-e/maize-disease-detection/data/processed/Gray_Leaf_Spot/Mendeley_90maize_valid_leaf spot.JPG,Gray_Leaf_Spot,0.5512
/home/victor-e/maize-disease-detection/data/processed/Gray_Leaf_Spot/Mendeley_1954maize_train_leaf spot.JPG,Gray_Leaf_Spot,0.5073
/home/victor-e/maize-disease-detection/data/processed/Gray_Leaf_Spot/Mendeley_2362maize_train_leaf spot.JPG,Gray_Leaf_Spot,0.935
/home/victor-e/maize-disease-detection/data/processed/Gray_Leaf_Spot/Mendeley_1168maize_valid_leaf spot.JPG,Gray_Leaf_Spot,0.7059
/home/victor-e/maize-disease-detection/data/processed/Gray_Leaf_Spot/Mendeley_749maize_valid_leaf spot.JPG,Gray_Leaf_Spot,0.0481
/home/victor-e/maize-disease-detection/data/processed/Gray_Leaf_Spot/Mendeley_274maize_train_leaf spot.JPG,Gray_Leaf_Spot,0.5473
/home/victor-e/maize-disease-detection/data/processed/Gray_Leaf_Spot/Mendeley_1396maize_train_leaf spot.JPG,Gray_Leaf_Spot,0.5787
/home/victor-e/maize-disease-detection/data/processed/Gray_Leaf_Spot/Mendeley_716maize_valid_leaf spot.JPG,Gray_Leaf_Spot,0.4744
/home/victor-e/maize-disease-detection/data/processed/Gray_Leaf_Spot/Mendeley_882maize_valid_leaf spot.JPG,Gray_Leaf_Spot,0.378
/home/victor-e/maize-disease-detection/data/processed/Gray_Leaf_Spot/Mendeley_328maize_train_leaf spot.JPG,Gray_Leaf_Spot,0.8785
/home/victor-e/maize-disease-detection/data/processed/Gray_Leaf_Spot/Mendeley_2526maize_train_leaf spot.JPG,Gray_Leaf_Spot,0.3004
/home/victor-e/maize-disease-detection/data/processed/Gray_Leaf_Spot/Mendeley_979maize_valid_leaf spot.JPG,Gray_Leaf_Spot,0.9128
/home/victor-e/maize-disease-detection/data/processed/Gray_Leaf_Spot/Mendeley_1374maize_train_leaf spot.JPG,Gray_Leaf_Spot,0.8306
